-- MySQL dump 10.16  Distrib 10.1.20-MariaDB, for debian-linux-gnu (x86_64)
--
-- Host: localhost    Database: localhost
-- ------------------------------------------------------
-- Server version	10.1.20-MariaDB-1~trusty

/*!40101 SET @OLD_CHARACTER_SET_CLIENT=@@CHARACTER_SET_CLIENT */;
/*!40101 SET @OLD_CHARACTER_SET_RESULTS=@@CHARACTER_SET_RESULTS */;
/*!40101 SET @OLD_COLLATION_CONNECTION=@@COLLATION_CONNECTION */;
/*!40101 SET NAMES utf8 */;
/*!40103 SET @OLD_TIME_ZONE=@@TIME_ZONE */;
/*!40103 SET TIME_ZONE='+00:00' */;
/*!40014 SET @OLD_UNIQUE_CHECKS=@@UNIQUE_CHECKS, UNIQUE_CHECKS=0 */;
/*!40014 SET @OLD_FOREIGN_KEY_CHECKS=@@FOREIGN_KEY_CHECKS, FOREIGN_KEY_CHECKS=0 */;
/*!40101 SET @OLD_SQL_MODE=@@SQL_MODE, SQL_MODE='NO_AUTO_VALUE_ON_ZERO' */;
/*!40111 SET @OLD_SQL_NOTES=@@SQL_NOTES, SQL_NOTES=0 */;

--
-- Table structure for table `audit_data`
--

DROP TABLE IF EXISTS `audit_data`;
/*!40101 SET @saved_cs_client     = @@character_set_client */;
/*!40101 SET character_set_client = utf8 */;
CREATE TABLE `audit_data` (
  `id` int(11) NOT NULL AUTO_INCREMENT,
  `entry_id` int(11) NOT NULL,
  `type` varchar(255) NOT NULL,
  `data` blob,
  `created` datetime DEFAULT NULL,
  PRIMARY KEY (`id`),
  KEY `fk_audit_data_entry_id` (`entry_id`),
  CONSTRAINT `fk_audit_data_entry_id` FOREIGN KEY (`entry_id`) REFERENCES `audit_entry` (`id`)
) ENGINE=InnoDB AUTO_INCREMENT=345 DEFAULT CHARSET=utf8;
/*!40101 SET character_set_client = @saved_cs_client */;

--
-- Dumping data for table `audit_data`
--



--
-- Table structure for table `audit_entry`
--

DROP TABLE IF EXISTS `audit_entry`;
/*!40101 SET @saved_cs_client     = @@character_set_client */;
/*!40101 SET character_set_client = utf8 */;
CREATE TABLE `audit_entry` (
  `id` int(11) NOT NULL AUTO_INCREMENT,
  `created` datetime NOT NULL,
  `user_id` int(11) DEFAULT '0',
  `duration` float DEFAULT NULL,
  `ip` varchar(45) DEFAULT NULL,
  `request_method` varchar(16) DEFAULT NULL,
  `ajax` int(1) NOT NULL DEFAULT '0',
  `route` varchar(255) DEFAULT NULL,
  `memory_max` int(11) DEFAULT NULL,
  PRIMARY KEY (`id`),
  KEY `idx_user_id` (`user_id`),
  KEY `idx_route` (`route`)
) ENGINE=InnoDB AUTO_INCREMENT=74 DEFAULT CHARSET=utf8;
/*!40101 SET character_set_client = @saved_cs_client */;

--
-- Dumping data for table `audit_entry`
--

--
-- Table structure for table `audit_error`
--

DROP TABLE IF EXISTS `audit_error`;
/*!40101 SET @saved_cs_client     = @@character_set_client */;
/*!40101 SET character_set_client = utf8 */;
CREATE TABLE `audit_error` (
  `id` int(11) NOT NULL AUTO_INCREMENT,
  `entry_id` int(11) NOT NULL,
  `created` datetime NOT NULL,
  `message` text NOT NULL,
  `code` int(11) DEFAULT '0',
  `file` varchar(512) DEFAULT NULL,
  `line` int(11) DEFAULT NULL,
  `trace` blob,
  `hash` varchar(32) DEFAULT NULL,
  `emailed` tinyint(1) NOT NULL DEFAULT '0',
  PRIMARY KEY (`id`),
  KEY `fk_audit_error_entry_id` (`entry_id`),
  KEY `idx_file` (`file`(180)),
  KEY `idx_emailed` (`emailed`),
  CONSTRAINT `fk_audit_error_entry_id` FOREIGN KEY (`entry_id`) REFERENCES `audit_entry` (`id`)
) ENGINE=InnoDB DEFAULT CHARSET=utf8;
/*!40101 SET character_set_client = @saved_cs_client */;

--
-- Dumping data for table `audit_error`
--


--
-- Table structure for table `audit_javascript`
--

DROP TABLE IF EXISTS `audit_javascript`;
/*!40101 SET @saved_cs_client     = @@character_set_client */;
/*!40101 SET character_set_client = utf8 */;
CREATE TABLE `audit_javascript` (
  `id` int(11) NOT NULL AUTO_INCREMENT,
  `entry_id` int(11) NOT NULL,
  `created` datetime NOT NULL,
  `type` varchar(20) NOT NULL,
  `message` text NOT NULL,
  `origin` varchar(512) DEFAULT NULL,
  `data` blob,
  PRIMARY KEY (`id`),
  KEY `fk_audit_javascript_entry_id` (`entry_id`),
  CONSTRAINT `fk_audit_javascript_entry_id` FOREIGN KEY (`entry_id`) REFERENCES `audit_entry` (`id`)
) ENGINE=InnoDB DEFAULT CHARSET=utf8;
/*!40101 SET character_set_client = @saved_cs_client */;

--
-- Dumping data for table `audit_javascript`
--

LOCK TABLES `audit_javascript` WRITE;
/*!40000 ALTER TABLE `audit_javascript` DISABLE KEYS */;
/*!40000 ALTER TABLE `audit_javascript` ENABLE KEYS */;
UNLOCK TABLES;

--
-- Table structure for table `audit_mail`
--

DROP TABLE IF EXISTS `audit_mail`;
/*!40101 SET @saved_cs_client     = @@character_set_client */;
/*!40101 SET character_set_client = utf8 */;
CREATE TABLE `audit_mail` (
  `id` int(11) NOT NULL AUTO_INCREMENT,
  `entry_id` int(11) NOT NULL,
  `created` datetime NOT NULL,
  `successful` int(11) NOT NULL,
  `from` varchar(255) DEFAULT NULL,
  `to` varchar(255) DEFAULT NULL,
  `reply` varchar(255) DEFAULT NULL,
  `cc` varchar(255) DEFAULT NULL,
  `bcc` varchar(255) DEFAULT NULL,
  `subject` varchar(255) DEFAULT NULL,
  `text` blob,
  `html` blob,
  `data` blob,
  PRIMARY KEY (`id`),
  KEY `fk_audit_mail_entry_id` (`entry_id`)
) ENGINE=InnoDB AUTO_INCREMENT=81 DEFAULT CHARSET=utf8;
/*!40101 SET character_set_client = @saved_cs_client */;

--
-- Dumping data for table `audit_mail`
--


--
-- Table structure for table `audit_trail`
--

DROP TABLE IF EXISTS `audit_trail`;
/*!40101 SET @saved_cs_client     = @@character_set_client */;
/*!40101 SET character_set_client = utf8 */;
CREATE TABLE `audit_trail` (
  `id` int(11) NOT NULL AUTO_INCREMENT,
  `entry_id` int(11) DEFAULT NULL,
  `user_id` int(11) DEFAULT NULL,
  `action` varchar(255) NOT NULL,
  `model` varchar(255) NOT NULL,
  `model_id` varchar(255) NOT NULL,
  `field` varchar(255) DEFAULT NULL,
  `old_value` text,
  `new_value` text,
  `created` datetime NOT NULL,
  PRIMARY KEY (`id`),
  KEY `fk_audit_trail_entry_id` (`entry_id`),
  KEY `idx_audit_user_id` (`user_id`),
  KEY `idx_audit_trail_field` (`model`,`model_id`,`field`),
  KEY `idx_audit_trail_action` (`action`)
) ENGINE=InnoDB AUTO_INCREMENT=98 DEFAULT CHARSET=utf8;
/*!40101 SET character_set_client = @saved_cs_client */;

--
-- Dumping data for table `audit_trail`
--

--
-- Table structure for table `auth_assignment`
--

DROP TABLE IF EXISTS `auth_assignment`;
/*!40101 SET @saved_cs_client     = @@character_set_client */;
/*!40101 SET character_set_client = utf8 */;
CREATE TABLE `auth_assignment` (
  `item_name` varchar(64) COLLATE utf8_unicode_ci NOT NULL,
  `user_id` varchar(64) COLLATE utf8_unicode_ci NOT NULL,
  `created_at` int(11) DEFAULT NULL,
  PRIMARY KEY (`item_name`,`user_id`)
) ENGINE=InnoDB DEFAULT CHARSET=utf8 COLLATE=utf8_unicode_ci;
/*!40101 SET character_set_client = @saved_cs_client */;

--
-- Dumping data for table `auth_assignment`
--

LOCK TABLES `auth_assignment` WRITE;
/*!40000 ALTER TABLE `auth_assignment` DISABLE KEYS */;
INSERT INTO `auth_assignment` VALUES ('admin','19',1472924680),('admin','2',1475243233),('admin','21',1472927226),('admin','24',1472927644),('admin','25',1472927884),('admin','3',1472665770),('admin','33',1473062635),('Manager','32',NULL),('Manager','46',1482604331),('Manager','61',NULL),('Qppv Person','1',NULL),('Qppv Person','38',NULL);
/*!40000 ALTER TABLE `auth_assignment` ENABLE KEYS */;
UNLOCK TABLES;

--
-- Table structure for table `auth_item`
--

DROP TABLE IF EXISTS `auth_item`;
/*!40101 SET @saved_cs_client     = @@character_set_client */;
/*!40101 SET character_set_client = utf8 */;
CREATE TABLE `auth_item` (
  `name` varchar(64) COLLATE utf8_unicode_ci NOT NULL,
  `type` int(11) NOT NULL,
  `description` text COLLATE utf8_unicode_ci,
  `rule_name` varchar(64) COLLATE utf8_unicode_ci DEFAULT NULL,
  `data` text COLLATE utf8_unicode_ci,
  `created_at` int(11) DEFAULT NULL,
  `updated_at` int(11) DEFAULT NULL,
  PRIMARY KEY (`name`),
  KEY `rule_name` (`rule_name`),
  KEY `idx-auth_item-type` (`type`)
) ENGINE=InnoDB DEFAULT CHARSET=utf8 COLLATE=utf8_unicode_ci;
/*!40101 SET character_set_client = @saved_cs_client */;

--
-- Dumping data for table `auth_item`
--

LOCK TABLES `auth_item` WRITE;
/*!40000 ALTER TABLE `auth_item` DISABLE KEYS */;
INSERT INTO `auth_item` VALUES ('/*',2,NULL,NULL,NULL,1472572564,1472572564),('/admin/*',2,NULL,NULL,NULL,1472572563,1472572563),('/admin/assignment/*',2,NULL,NULL,NULL,1472572561,1472572561),('/admin/assignment/assign',2,NULL,NULL,NULL,1472572561,1472572561),('/admin/assignment/index',2,NULL,NULL,NULL,1472572561,1472572561),('/admin/assignment/revoke',2,NULL,NULL,NULL,1472572561,1472572561),('/admin/assignment/view',2,NULL,NULL,NULL,1472572561,1472572561),('/admin/default/*',2,NULL,NULL,NULL,1472572562,1472572562),('/admin/default/index',2,NULL,NULL,NULL,1472572561,1472572561),('/admin/menu/*',2,NULL,NULL,NULL,1472572562,1472572562),('/admin/menu/create',2,NULL,NULL,NULL,1472572562,1472572562),('/admin/menu/delete',2,NULL,NULL,NULL,1472572562,1472572562),('/admin/menu/index',2,NULL,NULL,NULL,1472572562,1472572562),('/admin/menu/update',2,NULL,NULL,NULL,1472572562,1472572562),('/admin/menu/view',2,NULL,NULL,NULL,1472572562,1472572562),('/admin/permission/*',2,NULL,NULL,NULL,1472572562,1472572562),('/admin/permission/assign',2,NULL,NULL,NULL,1472572562,1472572562),('/admin/permission/create',2,NULL,NULL,NULL,1472572562,1472572562),('/admin/permission/delete',2,NULL,NULL,NULL,1472572562,1472572562),('/admin/permission/index',2,NULL,NULL,NULL,1472572562,1472572562),('/admin/permission/remove',2,NULL,NULL,NULL,1472572562,1472572562),('/admin/permission/update',2,NULL,NULL,NULL,1472572562,1472572562),('/admin/permission/view',2,NULL,NULL,NULL,1472572562,1472572562),('/admin/role/*',2,NULL,NULL,NULL,1472572562,1472572562),('/admin/role/assign',2,NULL,NULL,NULL,1472572562,1472572562),('/admin/role/create',2,NULL,NULL,NULL,1472572562,1472572562),('/admin/role/delete',2,NULL,NULL,NULL,1472572562,1472572562),('/admin/role/index',2,NULL,NULL,NULL,1472572562,1472572562),('/admin/role/remove',2,NULL,NULL,NULL,1472572562,1472572562),('/admin/role/update',2,NULL,NULL,NULL,1472572562,1472572562),('/admin/role/view',2,NULL,NULL,NULL,1472572562,1472572562),('/admin/route/*',2,NULL,NULL,NULL,1472572562,1472572562),('/admin/route/assign',2,NULL,NULL,NULL,1472572562,1472572562),('/admin/route/create',2,NULL,NULL,NULL,1472572562,1472572562),('/admin/route/index',2,NULL,NULL,NULL,1472572562,1472572562),('/admin/route/refresh',2,NULL,NULL,NULL,1472572562,1472572562),('/admin/route/remove',2,NULL,NULL,NULL,1472572562,1472572562),('/admin/rule/*',2,NULL,NULL,NULL,1472572563,1472572563),('/admin/rule/create',2,NULL,NULL,NULL,1472572563,1472572563),('/admin/rule/delete',2,NULL,NULL,NULL,1472572563,1472572563),('/admin/rule/index',2,NULL,NULL,NULL,1472572562,1472572562),('/admin/rule/update',2,NULL,NULL,NULL,1472572563,1472572563),('/admin/rule/view',2,NULL,NULL,NULL,1472572563,1472572563),('/admin/user/*',2,NULL,NULL,NULL,1472572563,1472572563),('/admin/user/activate',2,NULL,NULL,NULL,1472572563,1472572563),('/admin/user/change-password',2,NULL,NULL,NULL,1472572563,1472572563),('/admin/user/delete',2,NULL,NULL,NULL,1472572563,1472572563),('/admin/user/index',2,NULL,NULL,NULL,1472572563,1472572563),('/admin/user/login',2,NULL,NULL,NULL,1472572563,1472572563),('/admin/user/logout',2,NULL,NULL,NULL,1472572563,1472572563),('/admin/user/request-password-reset',2,NULL,NULL,NULL,1472572563,1472572563),('/admin/user/reset-password',2,NULL,NULL,NULL,1472572563,1472572563),('/admin/user/signup',2,NULL,NULL,NULL,1472572563,1472572563),('/admin/user/view',2,NULL,NULL,NULL,1472572563,1472572563),('/crud/*',2,NULL,NULL,NULL,1472572561,1472572561),('/crud/api/company/*',2,NULL,NULL,NULL,1472572545,1472572545),('/crud/api/company/create',2,NULL,NULL,NULL,1472572544,1472572544),('/crud/api/company/delete',2,NULL,NULL,NULL,1472572545,1472572545),('/crud/api/company/index',2,NULL,NULL,NULL,1472572544,1472572544),('/crud/api/company/options',2,NULL,NULL,NULL,1472572545,1472572545),('/crud/api/company/update',2,NULL,NULL,NULL,1472572544,1472572544),('/crud/api/company/view',2,NULL,NULL,NULL,1472572544,1472572544),('/crud/api/drug-prescription/*',2,NULL,NULL,NULL,1472572545,1472572545),('/crud/api/drug-prescription/create',2,NULL,NULL,NULL,1472572545,1472572545),('/crud/api/drug-prescription/delete',2,NULL,NULL,NULL,1472572545,1472572545),('/crud/api/drug-prescription/index',2,NULL,NULL,NULL,1472572545,1472572545),('/crud/api/drug-prescription/options',2,NULL,NULL,NULL,1472572545,1472572545),('/crud/api/drug-prescription/update',2,NULL,NULL,NULL,1472572545,1472572545),('/crud/api/drug-prescription/view',2,NULL,NULL,NULL,1472572545,1472572545),('/crud/api/drug/*',2,NULL,NULL,NULL,1472572545,1472572545),('/crud/api/drug/create',2,NULL,NULL,NULL,1472572545,1472572545),('/crud/api/drug/delete',2,NULL,NULL,NULL,1472572545,1472572545),('/crud/api/drug/index',2,NULL,NULL,NULL,1472572545,1472572545),('/crud/api/drug/options',2,NULL,NULL,NULL,1472572545,1472572545),('/crud/api/drug/update',2,NULL,NULL,NULL,1472572545,1472572545),('/crud/api/drug/view',2,NULL,NULL,NULL,1472572545,1472572545),('/crud/api/icsr-concomitant-drug/*',2,NULL,NULL,NULL,1472572545,1472572545),('/crud/api/icsr-concomitant-drug/create',2,NULL,NULL,NULL,1472572545,1472572545),('/crud/api/icsr-concomitant-drug/delete',2,NULL,NULL,NULL,1472572545,1472572545),('/crud/api/icsr-concomitant-drug/index',2,NULL,NULL,NULL,1472572545,1472572545),('/crud/api/icsr-concomitant-drug/options',2,NULL,NULL,NULL,1472572545,1472572545),('/crud/api/icsr-concomitant-drug/update',2,NULL,NULL,NULL,1472572545,1472572545),('/crud/api/icsr-concomitant-drug/view',2,NULL,NULL,NULL,1472572545,1472572545),('/crud/api/icsr-event/*',2,NULL,NULL,NULL,1472572546,1472572546),('/crud/api/icsr-event/create',2,NULL,NULL,NULL,1472572546,1472572546),('/crud/api/icsr-event/delete',2,NULL,NULL,NULL,1472572546,1472572546),('/crud/api/icsr-event/index',2,NULL,NULL,NULL,1472572546,1472572546),('/crud/api/icsr-event/options',2,NULL,NULL,NULL,1472572546,1472572546),('/crud/api/icsr-event/update',2,NULL,NULL,NULL,1472572546,1472572546),('/crud/api/icsr-event/view',2,NULL,NULL,NULL,1472572546,1472572546),('/crud/api/icsr-outcome/*',2,NULL,NULL,NULL,1472572546,1472572546),('/crud/api/icsr-outcome/create',2,NULL,NULL,NULL,1472572546,1472572546),('/crud/api/icsr-outcome/delete',2,NULL,NULL,NULL,1472572546,1472572546),('/crud/api/icsr-outcome/index',2,NULL,NULL,NULL,1472572546,1472572546),('/crud/api/icsr-outcome/options',2,NULL,NULL,NULL,1472572546,1472572546),('/crud/api/icsr-outcome/update',2,NULL,NULL,NULL,1472572546,1472572546),('/crud/api/icsr-outcome/view',2,NULL,NULL,NULL,1472572546,1472572546),('/crud/api/icsr-reporter/*',2,NULL,NULL,NULL,1472572546,1472572546),('/crud/api/icsr-reporter/create',2,NULL,NULL,NULL,1472572546,1472572546),('/crud/api/icsr-reporter/delete',2,NULL,NULL,NULL,1472572546,1472572546),('/crud/api/icsr-reporter/index',2,NULL,NULL,NULL,1472572546,1472572546),('/crud/api/icsr-reporter/options',2,NULL,NULL,NULL,1472572546,1472572546),('/crud/api/icsr-reporter/update',2,NULL,NULL,NULL,1472572546,1472572546),('/crud/api/icsr-reporter/view',2,NULL,NULL,NULL,1472572546,1472572546),('/crud/api/icsr-test/*',2,NULL,NULL,NULL,1472572547,1472572547),('/crud/api/icsr-test/create',2,NULL,NULL,NULL,1472572546,1472572546),('/crud/api/icsr-test/delete',2,NULL,NULL,NULL,1472572547,1472572547),('/crud/api/icsr-test/index',2,NULL,NULL,NULL,1472572546,1472572546),('/crud/api/icsr-test/options',2,NULL,NULL,NULL,1472572547,1472572547),('/crud/api/icsr-test/update',2,NULL,NULL,NULL,1472572546,1472572546),('/crud/api/icsr-test/view',2,NULL,NULL,NULL,1472572546,1472572546),('/crud/api/icsr-type/*',2,NULL,NULL,NULL,1472572547,1472572547),('/crud/api/icsr-type/create',2,NULL,NULL,NULL,1472572547,1472572547),('/crud/api/icsr-type/delete',2,NULL,NULL,NULL,1472572547,1472572547),('/crud/api/icsr-type/index',2,NULL,NULL,NULL,1472572547,1472572547),('/crud/api/icsr-type/options',2,NULL,NULL,NULL,1472572547,1472572547),('/crud/api/icsr-type/update',2,NULL,NULL,NULL,1472572547,1472572547),('/crud/api/icsr-type/view',2,NULL,NULL,NULL,1472572547,1472572547),('/crud/api/icsr/*',2,NULL,NULL,NULL,1472572546,1472572546),('/crud/api/icsr/create',2,NULL,NULL,NULL,1472572546,1472572546),('/crud/api/icsr/delete',2,NULL,NULL,NULL,1472572546,1472572546),('/crud/api/icsr/index',2,NULL,NULL,NULL,1472572545,1472572545),('/crud/api/icsr/options',2,NULL,NULL,NULL,1472572546,1472572546),('/crud/api/icsr/update',2,NULL,NULL,NULL,1472572546,1472572546),('/crud/api/icsr/view',2,NULL,NULL,NULL,1472572545,1472572545),('/crud/api/lkp-country/*',2,NULL,NULL,NULL,1472572547,1472572547),('/crud/api/lkp-country/create',2,NULL,NULL,NULL,1472572547,1472572547),('/crud/api/lkp-country/delete',2,NULL,NULL,NULL,1472572547,1472572547),('/crud/api/lkp-country/index',2,NULL,NULL,NULL,1472572547,1472572547),('/crud/api/lkp-country/options',2,NULL,NULL,NULL,1472572547,1472572547),('/crud/api/lkp-country/update',2,NULL,NULL,NULL,1472572547,1472572547),('/crud/api/lkp-country/view',2,NULL,NULL,NULL,1472572547,1472572547),('/crud/api/lkp-dose-unit/*',2,NULL,NULL,NULL,1472572547,1472572547),('/crud/api/lkp-dose-unit/create',2,NULL,NULL,NULL,1472572547,1472572547),('/crud/api/lkp-dose-unit/delete',2,NULL,NULL,NULL,1472572547,1472572547),('/crud/api/lkp-dose-unit/index',2,NULL,NULL,NULL,1472572547,1472572547),('/crud/api/lkp-dose-unit/options',2,NULL,NULL,NULL,1472572547,1472572547),('/crud/api/lkp-dose-unit/update',2,NULL,NULL,NULL,1472572547,1472572547),('/crud/api/lkp-dose-unit/view',2,NULL,NULL,NULL,1472572547,1472572547),('/crud/api/lkp-drug-action/*',2,NULL,NULL,NULL,1472572548,1472572548),('/crud/api/lkp-drug-action/create',2,NULL,NULL,NULL,1472572547,1472572547),('/crud/api/lkp-drug-action/delete',2,NULL,NULL,NULL,1472572547,1472572547),('/crud/api/lkp-drug-action/index',2,NULL,NULL,NULL,1472572547,1472572547),('/crud/api/lkp-drug-action/options',2,NULL,NULL,NULL,1472572547,1472572547),('/crud/api/lkp-drug-action/update',2,NULL,NULL,NULL,1472572547,1472572547),('/crud/api/lkp-drug-action/view',2,NULL,NULL,NULL,1472572547,1472572547),('/crud/api/lkp-drug-role/*',2,NULL,NULL,NULL,1472572548,1472572548),('/crud/api/lkp-drug-role/create',2,NULL,NULL,NULL,1472572548,1472572548),('/crud/api/lkp-drug-role/delete',2,NULL,NULL,NULL,1472572548,1472572548),('/crud/api/lkp-drug-role/index',2,NULL,NULL,NULL,1472572548,1472572548),('/crud/api/lkp-drug-role/options',2,NULL,NULL,NULL,1472572548,1472572548),('/crud/api/lkp-drug-role/update',2,NULL,NULL,NULL,1472572548,1472572548),('/crud/api/lkp-drug-role/view',2,NULL,NULL,NULL,1472572548,1472572548),('/crud/api/lkp-frequency/*',2,NULL,NULL,NULL,1472572548,1472572548),('/crud/api/lkp-frequency/create',2,NULL,NULL,NULL,1472572548,1472572548),('/crud/api/lkp-frequency/delete',2,NULL,NULL,NULL,1472572548,1472572548),('/crud/api/lkp-frequency/index',2,NULL,NULL,NULL,1472572548,1472572548),('/crud/api/lkp-frequency/options',2,NULL,NULL,NULL,1472572548,1472572548),('/crud/api/lkp-frequency/update',2,NULL,NULL,NULL,1472572548,1472572548),('/crud/api/lkp-frequency/view',2,NULL,NULL,NULL,1472572548,1472572548),('/crud/api/lkp-icsr-outcome/*',2,NULL,NULL,NULL,1472572548,1472572548),('/crud/api/lkp-icsr-outcome/create',2,NULL,NULL,NULL,1472572548,1472572548),('/crud/api/lkp-icsr-outcome/delete',2,NULL,NULL,NULL,1472572548,1472572548),('/crud/api/lkp-icsr-outcome/index',2,NULL,NULL,NULL,1472572548,1472572548),('/crud/api/lkp-icsr-outcome/options',2,NULL,NULL,NULL,1472572548,1472572548),('/crud/api/lkp-icsr-outcome/update',2,NULL,NULL,NULL,1472572548,1472572548),('/crud/api/lkp-icsr-outcome/view',2,NULL,NULL,NULL,1472572548,1472572548),('/crud/api/lkp-icsr-type/*',2,NULL,NULL,NULL,1472572549,1472572549),('/crud/api/lkp-icsr-type/create',2,NULL,NULL,NULL,1472572549,1472572549),('/crud/api/lkp-icsr-type/delete',2,NULL,NULL,NULL,1472572549,1472572549),('/crud/api/lkp-icsr-type/index',2,NULL,NULL,NULL,1472572548,1472572548),('/crud/api/lkp-icsr-type/options',2,NULL,NULL,NULL,1472572549,1472572549),('/crud/api/lkp-icsr-type/update',2,NULL,NULL,NULL,1472572549,1472572549),('/crud/api/lkp-icsr-type/view',2,NULL,NULL,NULL,1472572549,1472572549),('/crud/api/lkp-meddra-hlgt/*',2,NULL,NULL,NULL,1472572549,1472572549),('/crud/api/lkp-meddra-hlgt/create',2,NULL,NULL,NULL,1472572549,1472572549),('/crud/api/lkp-meddra-hlgt/delete',2,NULL,NULL,NULL,1472572549,1472572549),('/crud/api/lkp-meddra-hlgt/index',2,NULL,NULL,NULL,1472572549,1472572549),('/crud/api/lkp-meddra-hlgt/options',2,NULL,NULL,NULL,1472572549,1472572549),('/crud/api/lkp-meddra-hlgt/update',2,NULL,NULL,NULL,1472572549,1472572549),('/crud/api/lkp-meddra-hlgt/view',2,NULL,NULL,NULL,1472572549,1472572549),('/crud/api/lkp-meddra-llt/*',2,NULL,NULL,NULL,1472572549,1472572549),('/crud/api/lkp-meddra-llt/create',2,NULL,NULL,NULL,1472572549,1472572549),('/crud/api/lkp-meddra-llt/delete',2,NULL,NULL,NULL,1472572549,1472572549),('/crud/api/lkp-meddra-llt/index',2,NULL,NULL,NULL,1472572549,1472572549),('/crud/api/lkp-meddra-llt/options',2,NULL,NULL,NULL,1472572549,1472572549),('/crud/api/lkp-meddra-llt/update',2,NULL,NULL,NULL,1472572549,1472572549),('/crud/api/lkp-meddra-llt/view',2,NULL,NULL,NULL,1472572549,1472572549),('/crud/api/lkp-meddra-pt/*',2,NULL,NULL,NULL,1472572549,1472572549),('/crud/api/lkp-meddra-pt/create',2,NULL,NULL,NULL,1472572549,1472572549),('/crud/api/lkp-meddra-pt/delete',2,NULL,NULL,NULL,1472572549,1472572549),('/crud/api/lkp-meddra-pt/index',2,NULL,NULL,NULL,1472572549,1472572549),('/crud/api/lkp-meddra-pt/options',2,NULL,NULL,NULL,1472572549,1472572549),('/crud/api/lkp-meddra-pt/update',2,NULL,NULL,NULL,1472572549,1472572549),('/crud/api/lkp-meddra-pt/view',2,NULL,NULL,NULL,1472572549,1472572549),('/crud/api/lkp-occupation/*',2,NULL,NULL,NULL,1472572550,1472572550),('/crud/api/lkp-occupation/create',2,NULL,NULL,NULL,1472572549,1472572549),('/crud/api/lkp-occupation/delete',2,NULL,NULL,NULL,1472572550,1472572550),('/crud/api/lkp-occupation/index',2,NULL,NULL,NULL,1472572549,1472572549),('/crud/api/lkp-occupation/options',2,NULL,NULL,NULL,1472572550,1472572550),('/crud/api/lkp-occupation/update',2,NULL,NULL,NULL,1472572550,1472572550),('/crud/api/lkp-occupation/view',2,NULL,NULL,NULL,1472572549,1472572549),('/crud/api/lkp-plan/create',2,NULL,NULL,NULL,1476034810,1476034810),('/crud/api/lkp-reaction-outcome/*',2,NULL,NULL,NULL,1472572550,1472572550),('/crud/api/lkp-reaction-outcome/create',2,NULL,NULL,NULL,1472572550,1472572550),('/crud/api/lkp-reaction-outcome/delete',2,NULL,NULL,NULL,1472572550,1472572550),('/crud/api/lkp-reaction-outcome/index',2,NULL,NULL,NULL,1472572550,1472572550),('/crud/api/lkp-reaction-outcome/options',2,NULL,NULL,NULL,1472572550,1472572550),('/crud/api/lkp-reaction-outcome/update',2,NULL,NULL,NULL,1472572550,1472572550),('/crud/api/lkp-reaction-outcome/view',2,NULL,NULL,NULL,1472572550,1472572550),('/crud/api/lkp-route/*',2,NULL,NULL,NULL,1472572550,1472572550),('/crud/api/lkp-route/create',2,NULL,NULL,NULL,1472572550,1472572550),('/crud/api/lkp-route/delete',2,NULL,NULL,NULL,1472572550,1472572550),('/crud/api/lkp-route/index',2,NULL,NULL,NULL,1472572550,1472572550),('/crud/api/lkp-route/options',2,NULL,NULL,NULL,1472572550,1472572550),('/crud/api/lkp-route/update',2,NULL,NULL,NULL,1472572550,1472572550),('/crud/api/lkp-route/view',2,NULL,NULL,NULL,1472572550,1472572550),('/crud/api/lkp-test/*',2,NULL,NULL,NULL,1472572551,1472572551),('/crud/api/lkp-test/create',2,NULL,NULL,NULL,1472572550,1472572550),('/crud/api/lkp-test/delete',2,NULL,NULL,NULL,1472572551,1472572551),('/crud/api/lkp-test/index',2,NULL,NULL,NULL,1472572550,1472572550),('/crud/api/lkp-test/options',2,NULL,NULL,NULL,1472572551,1472572551),('/crud/api/lkp-test/update',2,NULL,NULL,NULL,1472572551,1472572551),('/crud/api/lkp-test/view',2,NULL,NULL,NULL,1472572550,1472572550),('/crud/api/lkp-time-unit/*',2,NULL,NULL,NULL,1472572551,1472572551),('/crud/api/lkp-time-unit/create',2,NULL,NULL,NULL,1472572551,1472572551),('/crud/api/lkp-time-unit/delete',2,NULL,NULL,NULL,1472572551,1472572551),('/crud/api/lkp-time-unit/index',2,NULL,NULL,NULL,1472572551,1472572551),('/crud/api/lkp-time-unit/options',2,NULL,NULL,NULL,1472572551,1472572551),('/crud/api/lkp-time-unit/update',2,NULL,NULL,NULL,1472572551,1472572551),('/crud/api/lkp-time-unit/view',2,NULL,NULL,NULL,1472572551,1472572551),('/crud/api/lkp-weight-unit/*',2,NULL,NULL,NULL,1472572552,1472572552),('/crud/api/lkp-weight-unit/create',2,NULL,NULL,NULL,1472572551,1472572551),('/crud/api/lkp-weight-unit/delete',2,NULL,NULL,NULL,1472572551,1472572551),('/crud/api/lkp-weight-unit/index',2,NULL,NULL,NULL,1472572551,1472572551),('/crud/api/lkp-weight-unit/options',2,NULL,NULL,NULL,1472572552,1472572552),('/crud/api/lkp-weight-unit/update',2,NULL,NULL,NULL,1472572551,1472572551),('/crud/api/lkp-weight-unit/view',2,NULL,NULL,NULL,1472572551,1472572551),('/crud/api/migration/*',2,NULL,NULL,NULL,1472572552,1472572552),('/crud/api/migration/create',2,NULL,NULL,NULL,1472572552,1472572552),('/crud/api/migration/delete',2,NULL,NULL,NULL,1472572552,1472572552),('/crud/api/migration/index',2,NULL,NULL,NULL,1472572552,1472572552),('/crud/api/migration/options',2,NULL,NULL,NULL,1472572552,1472572552),('/crud/api/migration/update',2,NULL,NULL,NULL,1472572552,1472572552),('/crud/api/migration/view',2,NULL,NULL,NULL,1472572552,1472572552),('/crud/api/user-company/*',2,NULL,NULL,NULL,1472572552,1472572552),('/crud/api/user-company/create',2,NULL,NULL,NULL,1472572552,1472572552),('/crud/api/user-company/delete',2,NULL,NULL,NULL,1472572552,1472572552),('/crud/api/user-company/index',2,NULL,NULL,NULL,1472572552,1472572552),('/crud/api/user-company/options',2,NULL,NULL,NULL,1472572552,1472572552),('/crud/api/user-company/update',2,NULL,NULL,NULL,1472572552,1472572552),('/crud/api/user-company/view',2,NULL,NULL,NULL,1472572552,1472572552),('/crud/api/user/*',2,NULL,NULL,NULL,1472572553,1472572553),('/crud/api/user/create',2,NULL,NULL,NULL,1472572553,1472572553),('/crud/api/user/delete',2,NULL,NULL,NULL,1472572553,1472572553),('/crud/api/user/index',2,NULL,NULL,NULL,1472572553,1472572553),('/crud/api/user/options',2,NULL,NULL,NULL,1472572553,1472572553),('/crud/api/user/update',2,NULL,NULL,NULL,1472572553,1472572553),('/crud/api/user/view',2,NULL,NULL,NULL,1472572553,1472572553),('/crud/base/company/*',2,NULL,NULL,NULL,1472572553,1472572553),('/crud/base/company/create',2,NULL,NULL,NULL,1472572553,1472572553),('/crud/base/company/delete',2,NULL,NULL,NULL,1472572553,1472572553),('/crud/base/company/index',2,NULL,NULL,NULL,1472572553,1472572553),('/crud/base/company/update',2,NULL,NULL,NULL,1472572553,1472572553),('/crud/base/company/view',2,NULL,NULL,NULL,1472572553,1472572553),('/crud/base/drug-prescription/*',2,NULL,NULL,NULL,1472572554,1472572554),('/crud/base/drug-prescription/create',2,NULL,NULL,NULL,1472572554,1472572554),('/crud/base/drug-prescription/delete',2,NULL,NULL,NULL,1472572554,1472572554),('/crud/base/drug-prescription/index',2,NULL,NULL,NULL,1472572554,1472572554),('/crud/base/drug-prescription/update',2,NULL,NULL,NULL,1472572554,1472572554),('/crud/base/drug-prescription/view',2,NULL,NULL,NULL,1472572554,1472572554),('/crud/base/drug/*',2,NULL,NULL,NULL,1472572554,1472572554),('/crud/base/drug/create',2,NULL,NULL,NULL,1472572554,1472572554),('/crud/base/drug/delete',2,NULL,NULL,NULL,1472572554,1472572554),('/crud/base/drug/index',2,NULL,NULL,NULL,1472572553,1472572553),('/crud/base/drug/update',2,NULL,NULL,NULL,1472572554,1472572554),('/crud/base/drug/view',2,NULL,NULL,NULL,1472572553,1472572553),('/crud/base/icsr-concomitant-drug/*',2,NULL,NULL,NULL,1472572555,1472572555),('/crud/base/icsr-concomitant-drug/create',2,NULL,NULL,NULL,1472572554,1472572554),('/crud/base/icsr-concomitant-drug/delete',2,NULL,NULL,NULL,1472572554,1472572554),('/crud/base/icsr-concomitant-drug/index',2,NULL,NULL,NULL,1472572554,1472572554),('/crud/base/icsr-concomitant-drug/update',2,NULL,NULL,NULL,1472572554,1472572554),('/crud/base/icsr-concomitant-drug/view',2,NULL,NULL,NULL,1472572554,1472572554),('/crud/base/icsr-event/*',2,NULL,NULL,NULL,1472572555,1472572555),('/crud/base/icsr-event/create',2,NULL,NULL,NULL,1472572555,1472572555),('/crud/base/icsr-event/delete',2,NULL,NULL,NULL,1472572555,1472572555),('/crud/base/icsr-event/index',2,NULL,NULL,NULL,1472572555,1472572555),('/crud/base/icsr-event/update',2,NULL,NULL,NULL,1472572555,1472572555),('/crud/base/icsr-event/view',2,NULL,NULL,NULL,1472572555,1472572555),('/crud/base/icsr-outcome/*',2,NULL,NULL,NULL,1472572555,1472572555),('/crud/base/icsr-outcome/create',2,NULL,NULL,NULL,1472572555,1472572555),('/crud/base/icsr-outcome/delete',2,NULL,NULL,NULL,1472572555,1472572555),('/crud/base/icsr-outcome/index',2,NULL,NULL,NULL,1472572555,1472572555),('/crud/base/icsr-outcome/update',2,NULL,NULL,NULL,1472572555,1472572555),('/crud/base/icsr-outcome/view',2,NULL,NULL,NULL,1472572555,1472572555),('/crud/base/icsr-reporter/*',2,NULL,NULL,NULL,1472572556,1472572556),('/crud/base/icsr-reporter/create',2,NULL,NULL,NULL,1472572556,1472572556),('/crud/base/icsr-reporter/delete',2,NULL,NULL,NULL,1472572556,1472572556),('/crud/base/icsr-reporter/index',2,NULL,NULL,NULL,1472572556,1472572556),('/crud/base/icsr-reporter/update',2,NULL,NULL,NULL,1472572556,1472572556),('/crud/base/icsr-reporter/view',2,NULL,NULL,NULL,1472572556,1472572556),('/crud/base/icsr-test/*',2,NULL,NULL,NULL,1472572556,1472572556),('/crud/base/icsr-test/create',2,NULL,NULL,NULL,1472572556,1472572556),('/crud/base/icsr-test/delete',2,NULL,NULL,NULL,1472572556,1472572556),('/crud/base/icsr-test/index',2,NULL,NULL,NULL,1472572556,1472572556),('/crud/base/icsr-test/update',2,NULL,NULL,NULL,1472572556,1472572556),('/crud/base/icsr-test/view',2,NULL,NULL,NULL,1472572556,1472572556),('/crud/base/icsr-type/*',2,NULL,NULL,NULL,1472572556,1472572556),('/crud/base/icsr-type/create',2,NULL,NULL,NULL,1472572556,1472572556),('/crud/base/icsr-type/delete',2,NULL,NULL,NULL,1472572556,1472572556),('/crud/base/icsr-type/index',2,NULL,NULL,NULL,1472572556,1472572556),('/crud/base/icsr-type/update',2,NULL,NULL,NULL,1472572556,1472572556),('/crud/base/icsr-type/view',2,NULL,NULL,NULL,1472572556,1472572556),('/crud/base/icsr/*',2,NULL,NULL,NULL,1472572555,1472572555),('/crud/base/icsr/create',2,NULL,NULL,NULL,1472572555,1472572555),('/crud/base/icsr/delete',2,NULL,NULL,NULL,1472572555,1472572555),('/crud/base/icsr/index',2,NULL,NULL,NULL,1472572555,1472572555),('/crud/base/icsr/update',2,NULL,NULL,NULL,1472572555,1472572555),('/crud/base/icsr/view',2,NULL,NULL,NULL,1472572555,1472572555),('/crud/base/lkp-country/*',2,NULL,NULL,NULL,1472572557,1472572557),('/crud/base/lkp-country/create',2,NULL,NULL,NULL,1472572556,1472572556),('/crud/base/lkp-country/delete',2,NULL,NULL,NULL,1472572557,1472572557),('/crud/base/lkp-country/index',2,NULL,NULL,NULL,1472572556,1472572556),('/crud/base/lkp-country/update',2,NULL,NULL,NULL,1472572557,1472572557),('/crud/base/lkp-country/view',2,NULL,NULL,NULL,1472572556,1472572556),('/crud/base/lkp-dose-unit/*',2,NULL,NULL,NULL,1472572557,1472572557),('/crud/base/lkp-dose-unit/create',2,NULL,NULL,NULL,1472572557,1472572557),('/crud/base/lkp-dose-unit/delete',2,NULL,NULL,NULL,1472572557,1472572557),('/crud/base/lkp-dose-unit/index',2,NULL,NULL,NULL,1472572557,1472572557),('/crud/base/lkp-dose-unit/update',2,NULL,NULL,NULL,1472572557,1472572557),('/crud/base/lkp-dose-unit/view',2,NULL,NULL,NULL,1472572557,1472572557),('/crud/base/lkp-drug-action/*',2,NULL,NULL,NULL,1472572557,1472572557),('/crud/base/lkp-drug-action/create',2,NULL,NULL,NULL,1472572557,1472572557),('/crud/base/lkp-drug-action/delete',2,NULL,NULL,NULL,1472572557,1472572557),('/crud/base/lkp-drug-action/index',2,NULL,NULL,NULL,1472572557,1472572557),('/crud/base/lkp-drug-action/update',2,NULL,NULL,NULL,1472572557,1472572557),('/crud/base/lkp-drug-action/view',2,NULL,NULL,NULL,1472572557,1472572557),('/crud/base/lkp-drug-role/*',2,NULL,NULL,NULL,1472572557,1472572557),('/crud/base/lkp-drug-role/create',2,NULL,NULL,NULL,1472572557,1472572557),('/crud/base/lkp-drug-role/delete',2,NULL,NULL,NULL,1472572557,1472572557),('/crud/base/lkp-drug-role/index',2,NULL,NULL,NULL,1472572557,1472572557),('/crud/base/lkp-drug-role/update',2,NULL,NULL,NULL,1472572557,1472572557),('/crud/base/lkp-drug-role/view',2,NULL,NULL,NULL,1472572557,1472572557),('/crud/base/lkp-frequency/*',2,NULL,NULL,NULL,1472572558,1472572558),('/crud/base/lkp-frequency/create',2,NULL,NULL,NULL,1472572558,1472572558),('/crud/base/lkp-frequency/delete',2,NULL,NULL,NULL,1472572558,1472572558),('/crud/base/lkp-frequency/index',2,NULL,NULL,NULL,1472572557,1472572557),('/crud/base/lkp-frequency/update',2,NULL,NULL,NULL,1472572558,1472572558),('/crud/base/lkp-frequency/view',2,NULL,NULL,NULL,1472572558,1472572558),('/crud/base/lkp-icsr-outcome/*',2,NULL,NULL,NULL,1472572558,1472572558),('/crud/base/lkp-icsr-outcome/create',2,NULL,NULL,NULL,1472572558,1472572558),('/crud/base/lkp-icsr-outcome/delete',2,NULL,NULL,NULL,1472572558,1472572558),('/crud/base/lkp-icsr-outcome/index',2,NULL,NULL,NULL,1472572558,1472572558),('/crud/base/lkp-icsr-outcome/update',2,NULL,NULL,NULL,1472572558,1472572558),('/crud/base/lkp-icsr-outcome/view',2,NULL,NULL,NULL,1472572558,1472572558),('/crud/base/lkp-icsr-type/*',2,NULL,NULL,NULL,1472572558,1472572558),('/crud/base/lkp-icsr-type/create',2,NULL,NULL,NULL,1472572558,1472572558),('/crud/base/lkp-icsr-type/delete',2,NULL,NULL,NULL,1472572558,1472572558),('/crud/base/lkp-icsr-type/index',2,NULL,NULL,NULL,1472572558,1472572558),('/crud/base/lkp-icsr-type/update',2,NULL,NULL,NULL,1472572558,1472572558),('/crud/base/lkp-icsr-type/view',2,NULL,NULL,NULL,1472572558,1472572558),('/crud/base/lkp-meddra-hlgt/*',2,NULL,NULL,NULL,1472572558,1472572558),('/crud/base/lkp-meddra-hlgt/create',2,NULL,NULL,NULL,1472572558,1472572558),('/crud/base/lkp-meddra-hlgt/delete',2,NULL,NULL,NULL,1472572558,1472572558),('/crud/base/lkp-meddra-hlgt/index',2,NULL,NULL,NULL,1472572558,1472572558),('/crud/base/lkp-meddra-hlgt/update',2,NULL,NULL,NULL,1472572558,1472572558),('/crud/base/lkp-meddra-hlgt/view',2,NULL,NULL,NULL,1472572558,1472572558),('/crud/base/lkp-meddra-llt/*',2,NULL,NULL,NULL,1472572558,1472572558),('/crud/base/lkp-meddra-llt/create',2,NULL,NULL,NULL,1472572558,1472572558),('/crud/base/lkp-meddra-llt/delete',2,NULL,NULL,NULL,1472572558,1472572558),('/crud/base/lkp-meddra-llt/index',2,NULL,NULL,NULL,1472572558,1472572558),('/crud/base/lkp-meddra-llt/update',2,NULL,NULL,NULL,1472572558,1472572558),('/crud/base/lkp-meddra-llt/view',2,NULL,NULL,NULL,1472572558,1472572558),('/crud/base/lkp-meddra-pt/*',2,NULL,NULL,NULL,1472572559,1472572559),('/crud/base/lkp-meddra-pt/create',2,NULL,NULL,NULL,1472572559,1472572559),('/crud/base/lkp-meddra-pt/delete',2,NULL,NULL,NULL,1472572559,1472572559),('/crud/base/lkp-meddra-pt/index',2,NULL,NULL,NULL,1472572559,1472572559),('/crud/base/lkp-meddra-pt/update',2,NULL,NULL,NULL,1472572559,1472572559),('/crud/base/lkp-meddra-pt/view',2,NULL,NULL,NULL,1472572559,1472572559),('/crud/base/lkp-occupation/*',2,NULL,NULL,NULL,1472572559,1472572559),('/crud/base/lkp-occupation/create',2,NULL,NULL,NULL,1472572559,1472572559),('/crud/base/lkp-occupation/delete',2,NULL,NULL,NULL,1472572559,1472572559),('/crud/base/lkp-occupation/index',2,NULL,NULL,NULL,1472572559,1472572559),('/crud/base/lkp-occupation/update',2,NULL,NULL,NULL,1472572559,1472572559),('/crud/base/lkp-occupation/view',2,NULL,NULL,NULL,1472572559,1472572559),('/crud/base/lkp-plan/create',2,NULL,NULL,NULL,1476034541,1476034541),('/crud/base/lkp-reaction-outcome/*',2,NULL,NULL,NULL,1472572559,1472572559),('/crud/base/lkp-reaction-outcome/create',2,NULL,NULL,NULL,1472572559,1472572559),('/crud/base/lkp-reaction-outcome/delete',2,NULL,NULL,NULL,1472572559,1472572559),('/crud/base/lkp-reaction-outcome/index',2,NULL,NULL,NULL,1472572559,1472572559),('/crud/base/lkp-reaction-outcome/update',2,NULL,NULL,NULL,1472572559,1472572559),('/crud/base/lkp-reaction-outcome/view',2,NULL,NULL,NULL,1472572559,1472572559),('/crud/base/lkp-route/*',2,NULL,NULL,NULL,1472572559,1472572559),('/crud/base/lkp-route/create',2,NULL,NULL,NULL,1472572559,1472572559),('/crud/base/lkp-route/delete',2,NULL,NULL,NULL,1472572559,1472572559),('/crud/base/lkp-route/index',2,NULL,NULL,NULL,1472572559,1472572559),('/crud/base/lkp-route/update',2,NULL,NULL,NULL,1472572559,1472572559),('/crud/base/lkp-route/view',2,NULL,NULL,NULL,1472572559,1472572559),('/crud/base/lkp-test/*',2,NULL,NULL,NULL,1472572559,1472572559),('/crud/base/lkp-test/create',2,NULL,NULL,NULL,1472572559,1472572559),('/crud/base/lkp-test/delete',2,NULL,NULL,NULL,1472572559,1472572559),('/crud/base/lkp-test/index',2,NULL,NULL,NULL,1472572559,1472572559),('/crud/base/lkp-test/update',2,NULL,NULL,NULL,1472572559,1472572559),('/crud/base/lkp-test/view',2,NULL,NULL,NULL,1472572559,1472572559),('/crud/base/lkp-time-unit/*',2,NULL,NULL,NULL,1472572560,1472572560),('/crud/base/lkp-time-unit/create',2,NULL,NULL,NULL,1472572560,1472572560),('/crud/base/lkp-time-unit/delete',2,NULL,NULL,NULL,1472572560,1472572560),('/crud/base/lkp-time-unit/index',2,NULL,NULL,NULL,1472572560,1472572560),('/crud/base/lkp-time-unit/update',2,NULL,NULL,NULL,1472572560,1472572560),('/crud/base/lkp-time-unit/view',2,NULL,NULL,NULL,1472572560,1472572560),('/crud/base/lkp-weight-unit/*',2,NULL,NULL,NULL,1472572560,1472572560),('/crud/base/lkp-weight-unit/create',2,NULL,NULL,NULL,1472572560,1472572560),('/crud/base/lkp-weight-unit/delete',2,NULL,NULL,NULL,1472572560,1472572560),('/crud/base/lkp-weight-unit/index',2,NULL,NULL,NULL,1472572560,1472572560),('/crud/base/lkp-weight-unit/update',2,NULL,NULL,NULL,1472572560,1472572560),('/crud/base/lkp-weight-unit/view',2,NULL,NULL,NULL,1472572560,1472572560),('/crud/base/migration/*',2,NULL,NULL,NULL,1472572560,1472572560),('/crud/base/migration/create',2,NULL,NULL,NULL,1472572560,1472572560),('/crud/base/migration/delete',2,NULL,NULL,NULL,1472572560,1472572560),('/crud/base/migration/index',2,NULL,NULL,NULL,1472572560,1472572560),('/crud/base/migration/update',2,NULL,NULL,NULL,1472572560,1472572560),('/crud/base/migration/view',2,NULL,NULL,NULL,1472572560,1472572560),('/crud/base/psmf-section/export-html-psmf',2,NULL,NULL,NULL,1476618130,1476618130),('/crud/base/user-company/*',2,NULL,NULL,NULL,1472572561,1472572561),('/crud/base/user-company/create',2,NULL,NULL,NULL,1472572561,1472572561),('/crud/base/user-company/delete',2,NULL,NULL,NULL,1472572561,1472572561),('/crud/base/user-company/index',2,NULL,NULL,NULL,1472572561,1472572561),('/crud/base/user-company/update',2,NULL,NULL,NULL,1472572561,1472572561),('/crud/base/user-company/view',2,NULL,NULL,NULL,1472572561,1472572561),('/crud/base/user/*',2,NULL,NULL,NULL,1472572561,1472572561),('/crud/base/user/create',2,NULL,NULL,NULL,1472572561,1472572561),('/crud/base/user/delete',2,NULL,NULL,NULL,1472572561,1472572561),('/crud/base/user/index',2,NULL,NULL,NULL,1472572561,1472572561),('/crud/base/user/update',2,NULL,NULL,NULL,1472572561,1472572561),('/crud/base/user/view',2,NULL,NULL,NULL,1472572561,1472572561),('/crud/company/*',2,NULL,NULL,NULL,1472572538,1472572538),('/crud/company/create',2,NULL,NULL,NULL,1472572538,1472572538),('/crud/company/delete',2,NULL,NULL,NULL,1472572538,1472572538),('/crud/company/index',2,NULL,NULL,NULL,1472572538,1472572538),('/crud/company/statistics',2,NULL,NULL,NULL,NULL,NULL),('/crud/company/update',2,NULL,NULL,NULL,1472572538,1472572538),('/crud/company/view',2,NULL,NULL,NULL,1472572538,1472572538),('/crud/default/*',2,NULL,NULL,NULL,1472572538,1472572538),('/crud/default/index',2,NULL,NULL,NULL,1472572538,1472572538),('/crud/drug-prescription/*',2,NULL,NULL,NULL,1472572539,1472572539),('/crud/drug-prescription/create',2,NULL,NULL,NULL,1472572539,1472572539),('/crud/drug-prescription/delete',2,NULL,NULL,NULL,1472572539,1472572539),('/crud/drug-prescription/index',2,NULL,NULL,NULL,1472572539,1472572539),('/crud/drug-prescription/update',2,NULL,NULL,NULL,1472572539,1472572539),('/crud/drug-prescription/view',2,NULL,NULL,NULL,1472572539,1472572539),('/crud/drug/*',2,NULL,NULL,NULL,1472572539,1472572539),('/crud/drug/create',2,NULL,NULL,NULL,1472572538,1472572538),('/crud/drug/delete',2,NULL,NULL,NULL,1472572539,1472572539),('/crud/drug/history',2,NULL,NULL,NULL,1474368957,1474368957),('/crud/drug/index',2,'this is an index permission',NULL,NULL,1472572166,1472572166),('/crud/drug/summary-tabulation',2,NULL,NULL,NULL,1482724609,1482724609),('/crud/drug/update',2,NULL,NULL,NULL,1472572539,1472572539),('/crud/drug/view',2,NULL,NULL,NULL,1472572538,1472572538),('/crud/icsr-concomitant-drug/*',2,NULL,NULL,NULL,1472572539,1472572539),('/crud/icsr-concomitant-drug/create',2,NULL,NULL,NULL,1472572539,1472572539),('/crud/icsr-concomitant-drug/delete',2,NULL,NULL,NULL,1472572539,1472572539),('/crud/icsr-concomitant-drug/index',2,NULL,NULL,NULL,1472572539,1472572539),('/crud/icsr-concomitant-drug/update',2,NULL,NULL,NULL,1472572539,1472572539),('/crud/icsr-concomitant-drug/view',2,NULL,NULL,NULL,1472572539,1472572539),('/crud/icsr-event/*',2,NULL,NULL,NULL,1472572539,1472572539),('/crud/icsr-event/create',2,NULL,NULL,NULL,1472572539,1472572539),('/crud/icsr-event/delete',2,NULL,NULL,NULL,1472572539,1472572539),('/crud/icsr-event/get-first-lt-from-pt',2,NULL,NULL,NULL,1478088730,1478088730),('/crud/icsr-event/get-pt-from-lt',2,NULL,NULL,NULL,1478086327,1478086327),('/crud/icsr-event/index',2,NULL,NULL,NULL,1472572539,1472572539),('/crud/icsr-event/search',2,NULL,NULL,NULL,1478010607,1478010607),('/crud/icsr-event/search-llt',2,NULL,NULL,NULL,1478011721,1478011721),('/crud/icsr-event/search-pt',2,NULL,NULL,NULL,1478076066,1478076066),('/crud/icsr-event/update',2,NULL,NULL,NULL,1472572539,1472572539),('/crud/icsr-event/view',2,NULL,NULL,NULL,1472572539,1472572539),('/crud/icsr-narritive/create',2,NULL,NULL,NULL,1477306750,1477306750),('/crud/icsr-narritive/update',2,NULL,NULL,NULL,1477306750,1477306750),('/crud/icsr-narritive/view',2,NULL,NULL,NULL,1477306750,1477306750),('/crud/icsr-outcome/*',2,NULL,NULL,NULL,1472572540,1472572540),('/crud/icsr-outcome/create',2,NULL,NULL,NULL,1472572540,1472572540),('/crud/icsr-outcome/delete',2,NULL,NULL,NULL,1472572540,1472572540),('/crud/icsr-outcome/index',2,NULL,NULL,NULL,1472572539,1472572539),('/crud/icsr-outcome/update',2,NULL,NULL,NULL,1472572540,1472572540),('/crud/icsr-outcome/view',2,NULL,NULL,NULL,1472572539,1472572539),('/crud/icsr-reporter/*',2,NULL,NULL,NULL,1472572540,1472572540),('/crud/icsr-reporter/create',2,NULL,NULL,NULL,1472572540,1472572540),('/crud/icsr-reporter/delete',2,NULL,NULL,NULL,1472572540,1472572540),('/crud/icsr-reporter/index',2,NULL,NULL,NULL,1472572540,1472572540),('/crud/icsr-reporter/update',2,NULL,NULL,NULL,1472572540,1472572540),('/crud/icsr-reporter/view',2,NULL,NULL,NULL,1472572540,1472572540),('/crud/icsr-test/*',2,NULL,NULL,NULL,1472572540,1472572540),('/crud/icsr-test/create',2,NULL,NULL,NULL,1472572540,1472572540),('/crud/icsr-test/delete',2,NULL,NULL,NULL,1472572540,1472572540),('/crud/icsr-test/index',2,NULL,NULL,NULL,1472572540,1472572540),('/crud/icsr-test/update',2,NULL,NULL,NULL,1472572540,1472572540),('/crud/icsr-test/view',2,NULL,NULL,NULL,1472572540,1472572540),('/crud/icsr-type/*',2,NULL,NULL,NULL,1472572540,1472572540),('/crud/icsr-type/create',2,NULL,NULL,NULL,1472572540,1472572540),('/crud/icsr-type/delete',2,NULL,NULL,NULL,1472572540,1472572540),('/crud/icsr-type/index',2,NULL,NULL,NULL,1472572540,1472572540),('/crud/icsr-type/update',2,NULL,NULL,NULL,1472572540,1472572540),('/crud/icsr-type/view',2,NULL,NULL,NULL,1472572540,1472572540),('/crud/icsr-version-response/create',2,NULL,NULL,NULL,1475954841,1475954841),('/crud/icsr/*',2,NULL,NULL,NULL,1472572539,1472572539),('/crud/icsr/check-duplicate-icsr',2,NULL,NULL,NULL,1475131072,1475131072),('/crud/icsr/create',2,NULL,NULL,NULL,1472572539,1472572539),('/crud/icsr/delete',2,NULL,NULL,NULL,1472572539,1472572539),('/crud/icsr/download-dtd',2,NULL,NULL,NULL,1479072847,1479072847),('/crud/icsr/download-xml-file',2,NULL,NULL,NULL,1479304464,1479304464),('/crud/icsr/drug-prescription-history',2,NULL,NULL,NULL,1474368957,1474368957),('/crud/icsr/export',2,NULL,NULL,NULL,1472572539,1472572539),('/crud/icsr/export-null-case',2,NULL,NULL,NULL,1475587827,1475587827),('/crud/icsr/get-diff-before-date',2,NULL,NULL,NULL,1482725548,1482725548),('/crud/icsr/history',2,NULL,NULL,NULL,1474368952,1474368952),('/crud/icsr/icsr-event-history',2,NULL,NULL,NULL,1474368957,1474368957),('/crud/icsr/icsr-test-history',2,NULL,NULL,NULL,1474368957,1474368957),('/crud/icsr/index',2,NULL,NULL,NULL,1472572539,1472572539),('/crud/icsr/null-case-reason',2,NULL,NULL,NULL,1475514374,1475514374),('/crud/icsr/open-pdf',2,NULL,NULL,NULL,1482725196,1482725196),('/crud/icsr/reporter-history',2,NULL,NULL,NULL,1474368957,1474368957),('/crud/icsr/update',2,NULL,NULL,NULL,1472572539,1472572539),('/crud/icsr/view',2,NULL,NULL,NULL,1472572539,1472572539),('/crud/lkp-country/*',2,NULL,NULL,NULL,1472572540,1472572540),('/crud/lkp-country/create',2,NULL,NULL,NULL,1472572540,1472572540),('/crud/lkp-country/delete',2,NULL,NULL,NULL,1472572540,1472572540),('/crud/lkp-country/index',2,NULL,NULL,NULL,1472572540,1472572540),('/crud/lkp-country/update',2,NULL,NULL,NULL,1472572540,1472572540),('/crud/lkp-country/view',2,NULL,NULL,NULL,1472572540,1472572540),('/crud/lkp-dose-unit/*',2,NULL,NULL,NULL,1472572541,1472572541),('/crud/lkp-dose-unit/create',2,NULL,NULL,NULL,1472572541,1472572541),('/crud/lkp-dose-unit/delete',2,NULL,NULL,NULL,1472572541,1472572541),('/crud/lkp-dose-unit/index',2,NULL,NULL,NULL,1472572540,1472572540),('/crud/lkp-dose-unit/update',2,NULL,NULL,NULL,1472572541,1472572541),('/crud/lkp-dose-unit/view',2,NULL,NULL,NULL,1472572540,1472572540),('/crud/lkp-drug-action/*',2,NULL,NULL,NULL,1472572541,1472572541),('/crud/lkp-drug-action/create',2,NULL,NULL,NULL,1472572541,1472572541),('/crud/lkp-drug-action/delete',2,NULL,NULL,NULL,1472572541,1472572541),('/crud/lkp-drug-action/index',2,NULL,NULL,NULL,1472572541,1472572541),('/crud/lkp-drug-action/update',2,NULL,NULL,NULL,1472572541,1472572541),('/crud/lkp-drug-action/view',2,NULL,NULL,NULL,1472572541,1472572541),('/crud/lkp-drug-role/*',2,NULL,NULL,NULL,1472572541,1472572541),('/crud/lkp-drug-role/create',2,NULL,NULL,NULL,1472572541,1472572541),('/crud/lkp-drug-role/delete',2,NULL,NULL,NULL,1472572541,1472572541),('/crud/lkp-drug-role/index',2,NULL,NULL,NULL,1472572541,1472572541),('/crud/lkp-drug-role/update',2,NULL,NULL,NULL,1472572541,1472572541),('/crud/lkp-drug-role/view',2,NULL,NULL,NULL,1472572541,1472572541),('/crud/lkp-frequency/*',2,NULL,NULL,NULL,1472572541,1472572541),('/crud/lkp-frequency/create',2,NULL,NULL,NULL,1472572541,1472572541),('/crud/lkp-frequency/delete',2,NULL,NULL,NULL,1472572541,1472572541),('/crud/lkp-frequency/index',2,NULL,NULL,NULL,1472572541,1472572541),('/crud/lkp-frequency/update',2,NULL,NULL,NULL,1472572541,1472572541),('/crud/lkp-frequency/view',2,NULL,NULL,NULL,1472572541,1472572541),('/crud/lkp-icsr-eventoutcome/*',2,NULL,NULL,NULL,1472572542,1472572542),('/crud/lkp-icsr-eventoutcome/create',2,NULL,NULL,NULL,1472572541,1472572541),('/crud/lkp-icsr-eventoutcome/delete',2,NULL,NULL,NULL,1472572541,1472572541),('/crud/lkp-icsr-eventoutcome/index',2,NULL,NULL,NULL,1472572541,1472572541),('/crud/lkp-icsr-eventoutcome/update',2,NULL,NULL,NULL,1472572541,1472572541),('/crud/lkp-icsr-eventoutcome/view',2,NULL,NULL,NULL,1472572541,1472572541),('/crud/lkp-icsr-outcome/*',2,NULL,NULL,NULL,1472572542,1472572542),('/crud/lkp-icsr-outcome/create',2,NULL,NULL,NULL,1472572542,1472572542),('/crud/lkp-icsr-outcome/delete',2,NULL,NULL,NULL,1472572542,1472572542),('/crud/lkp-icsr-outcome/index',2,NULL,NULL,NULL,1472572542,1472572542),('/crud/lkp-icsr-outcome/update',2,NULL,NULL,NULL,1472572542,1472572542),('/crud/lkp-icsr-outcome/view',2,NULL,NULL,NULL,1472572542,1472572542),('/crud/lkp-icsr-type/*',2,NULL,NULL,NULL,1472572542,1472572542),('/crud/lkp-icsr-type/create',2,NULL,NULL,NULL,1472572542,1472572542),('/crud/lkp-icsr-type/delete',2,NULL,NULL,NULL,1472572542,1472572542),('/crud/lkp-icsr-type/index',2,NULL,NULL,NULL,1472572542,1472572542),('/crud/lkp-icsr-type/update',2,NULL,NULL,NULL,1472572542,1472572542),('/crud/lkp-icsr-type/view',2,NULL,NULL,NULL,1472572542,1472572542),('/crud/lkp-meddra-hlgt/*',2,NULL,NULL,NULL,1472572542,1472572542),('/crud/lkp-meddra-hlgt/create',2,NULL,NULL,NULL,1472572542,1472572542),('/crud/lkp-meddra-hlgt/delete',2,NULL,NULL,NULL,1472572542,1472572542),('/crud/lkp-meddra-hlgt/index',2,NULL,NULL,NULL,1472572542,1472572542),('/crud/lkp-meddra-hlgt/update',2,NULL,NULL,NULL,1472572542,1472572542),('/crud/lkp-meddra-hlgt/view',2,NULL,NULL,NULL,1472572542,1472572542),('/crud/lkp-meddra-llt/*',2,NULL,NULL,NULL,1472572542,1472572542),('/crud/lkp-meddra-llt/create',2,NULL,NULL,NULL,1472572542,1472572542),('/crud/lkp-meddra-llt/delete',2,NULL,NULL,NULL,1472572542,1472572542),('/crud/lkp-meddra-llt/index',2,NULL,NULL,NULL,1472572542,1472572542),('/crud/lkp-meddra-llt/update',2,NULL,NULL,NULL,1472572542,1472572542),('/crud/lkp-meddra-llt/view',2,NULL,NULL,NULL,1472572542,1472572542),('/crud/lkp-meddra-pt/*',2,NULL,NULL,NULL,1472572543,1472572543),('/crud/lkp-meddra-pt/create',2,NULL,NULL,NULL,1472572542,1472572542),('/crud/lkp-meddra-pt/delete',2,NULL,NULL,NULL,1472572542,1472572542),('/crud/lkp-meddra-pt/index',2,NULL,NULL,NULL,1472572542,1472572542),('/crud/lkp-meddra-pt/update',2,NULL,NULL,NULL,1472572542,1472572542),('/crud/lkp-meddra-pt/view',2,NULL,NULL,NULL,1472572542,1472572542),('/crud/lkp-occupation/*',2,NULL,NULL,NULL,1472572543,1472572543),('/crud/lkp-occupation/create',2,NULL,NULL,NULL,1472572543,1472572543),('/crud/lkp-occupation/delete',2,NULL,NULL,NULL,1472572543,1472572543),('/crud/lkp-occupation/index',2,NULL,NULL,NULL,1472572543,1472572543),('/crud/lkp-occupation/update',2,NULL,NULL,NULL,1472572543,1472572543),('/crud/lkp-occupation/view',2,NULL,NULL,NULL,1472572543,1472572543),('/crud/lkp-plan/*',2,NULL,NULL,NULL,1474477507,1474477507),('/crud/lkp-plan/create',2,NULL,NULL,NULL,1474477507,1474477507),('/crud/lkp-plan/delete',2,NULL,NULL,NULL,1474477507,1474477507),('/crud/lkp-plan/index',2,NULL,NULL,NULL,1474477507,1474477507),('/crud/lkp-plan/update',2,NULL,NULL,NULL,1474477507,1474477507),('/crud/lkp-plan/view',2,NULL,NULL,NULL,1474477507,1474477507),('/crud/lkp-reaction-outcome/*',2,NULL,NULL,NULL,1472572543,1472572543),('/crud/lkp-reaction-outcome/create',2,NULL,NULL,NULL,1472572543,1472572543),('/crud/lkp-reaction-outcome/delete',2,NULL,NULL,NULL,1472572543,1472572543),('/crud/lkp-reaction-outcome/index',2,NULL,NULL,NULL,1472572543,1472572543),('/crud/lkp-reaction-outcome/update',2,NULL,NULL,NULL,1472572543,1472572543),('/crud/lkp-reaction-outcome/view',2,NULL,NULL,NULL,1472572543,1472572543),('/crud/lkp-route/*',2,NULL,NULL,NULL,1472572543,1472572543),('/crud/lkp-route/create',2,NULL,NULL,NULL,1472572543,1472572543),('/crud/lkp-route/delete',2,NULL,NULL,NULL,1472572543,1472572543),('/crud/lkp-route/index',2,NULL,NULL,NULL,1472572543,1472572543),('/crud/lkp-route/update',2,NULL,NULL,NULL,1472572543,1472572543),('/crud/lkp-route/view',2,NULL,NULL,NULL,1472572543,1472572543),('/crud/lkp-test/*',2,NULL,NULL,NULL,1472572543,1472572543),('/crud/lkp-test/create',2,NULL,NULL,NULL,1472572543,1472572543),('/crud/lkp-test/delete',2,NULL,NULL,NULL,1472572543,1472572543),('/crud/lkp-test/index',2,NULL,NULL,NULL,1472572543,1472572543),('/crud/lkp-test/update',2,NULL,NULL,NULL,1472572543,1472572543),('/crud/lkp-test/view',2,NULL,NULL,NULL,1472572543,1472572543),('/crud/lkp-time-unit/*',2,NULL,NULL,NULL,1472572544,1472572544),('/crud/lkp-time-unit/create',2,NULL,NULL,NULL,1472572543,1472572543),('/crud/lkp-time-unit/delete',2,NULL,NULL,NULL,1472572543,1472572543),('/crud/lkp-time-unit/index',2,NULL,NULL,NULL,1472572543,1472572543),('/crud/lkp-time-unit/update',2,NULL,NULL,NULL,1472572543,1472572543),('/crud/lkp-time-unit/view',2,NULL,NULL,NULL,1472572543,1472572543),('/crud/lkp-weight-unit/*',2,NULL,NULL,NULL,1472572544,1472572544),('/crud/lkp-weight-unit/create',2,NULL,NULL,NULL,1472572544,1472572544),('/crud/lkp-weight-unit/delete',2,NULL,NULL,NULL,1472572544,1472572544),('/crud/lkp-weight-unit/index',2,NULL,NULL,NULL,1472572544,1472572544),('/crud/lkp-weight-unit/update',2,NULL,NULL,NULL,1472572544,1472572544),('/crud/lkp-weight-unit/view',2,NULL,NULL,NULL,1472572544,1472572544),('/crud/meddra/create',2,NULL,NULL,NULL,1477554310,1477554310),('/crud/migration/*',2,NULL,NULL,NULL,1472572544,1472572544),('/crud/migration/create',2,NULL,NULL,NULL,1472572544,1472572544),('/crud/migration/delete',2,NULL,NULL,NULL,1472572544,1472572544),('/crud/migration/index',2,NULL,NULL,NULL,1472572544,1472572544),('/crud/migration/update',2,NULL,NULL,NULL,1472572544,1472572544),('/crud/migration/view',2,NULL,NULL,NULL,1472572544,1472572544),('/crud/psmf-section/create',2,NULL,NULL,NULL,1476391310,1476391310),('/crud/psmf-section/delete',2,NULL,NULL,NULL,1476391310,1476391310),('/crud/psmf-section/export-html-psmf',2,NULL,NULL,NULL,1476618256,1476618256),('/crud/psmf-section/index',2,NULL,NULL,NULL,1476391310,1476391310),('/crud/psmf-section/update',2,NULL,NULL,NULL,1476391310,1476391310),('/crud/psmf-section/view',2,NULL,NULL,NULL,1476391310,1476391310),('/crud/psmf/create',2,NULL,NULL,NULL,1476699257,1476699257),('/crud/psmf/download',2,NULL,NULL,NULL,1476699257,1476699257),('/crud/psmf/index',2,NULL,NULL,NULL,1476699257,1476699257),('/crud/reports/summary-tabulation',2,NULL,NULL,NULL,NULL,NULL),('/crud/user-company/*',2,NULL,NULL,NULL,1472572544,1472572544),('/crud/user-company/create',2,NULL,NULL,NULL,1472572544,1472572544),('/crud/user-company/delete',2,NULL,NULL,NULL,1472572544,1472572544),('/crud/user-company/index',2,NULL,NULL,NULL,1472572544,1472572544),('/crud/user-company/update',2,NULL,NULL,NULL,1472572544,1472572544),('/crud/user-company/view',2,NULL,NULL,NULL,1472572544,1472572544),('/crud/user/*',2,NULL,NULL,NULL,1472572544,1472572544),('/crud/user/api',2,NULL,NULL,NULL,1478702793,1478702793),('/crud/user/create',2,NULL,NULL,NULL,1472572544,1472572544),('/crud/user/delete',2,NULL,NULL,NULL,1472572544,1472572544),('/crud/user/index',2,NULL,NULL,NULL,1472572544,1472572544),('/crud/user/update',2,NULL,NULL,NULL,1472572544,1472572544),('/crud/user/view',2,NULL,NULL,NULL,1472572544,1472572544),('/debug/*',2,NULL,NULL,NULL,1472572563,1472572563),('/debug/default/*',2,NULL,NULL,NULL,1472572563,1472572563),('/debug/default/db-explain',2,NULL,NULL,NULL,1472572563,1472572563),('/debug/default/download-mail',2,NULL,NULL,NULL,1472572563,1472572563),('/debug/default/index',2,NULL,NULL,NULL,1472572563,1472572563),('/debug/default/toolbar',2,NULL,NULL,NULL,1472572563,1472572563),('/debug/default/view',2,NULL,NULL,NULL,1472572563,1472572563),('/gii/*',2,NULL,NULL,NULL,1472572564,1472572564),('/gii/default/*',2,NULL,NULL,NULL,1472572563,1472572563),('/gii/default/action',2,NULL,NULL,NULL,1472572563,1472572563),('/gii/default/diff',2,NULL,NULL,NULL,1472572563,1472572563),('/gii/default/index',2,NULL,NULL,NULL,1472572563,1472572563),('/gii/default/preview',2,NULL,NULL,NULL,1472572563,1472572563),('/gii/default/view',2,NULL,NULL,NULL,1472572563,1472572563),('/site/*',2,NULL,NULL,NULL,1472572564,1472572564),('/site/error',2,NULL,NULL,NULL,1472572564,1472572564),('/site/index',2,NULL,NULL,NULL,1472572564,1472572564),('/site/landing',2,NULL,NULL,NULL,1472572564,1472572564),('/site/login',2,NULL,NULL,NULL,1472572564,1472572564),('/site/logout',2,NULL,NULL,NULL,1472572564,1472572564),('/site/request-password-reset',2,NULL,NULL,NULL,1478548963,1478548963),('/site/reset-password',2,NULL,NULL,NULL,1478551605,1478551605),('/site/send-mail',2,NULL,NULL,NULL,1472572564,1472572564),('admin',1,'this is admin',NULL,NULL,1472665688,1472665688),('Manager',1,NULL,NULL,NULL,NULL,NULL),('normalUser',1,'this is for normal users',NULL,NULL,1472573726,1472573726),('Qppv Deputy',1,NULL,NULL,NULL,NULL,NULL),('Qppv Person',1,NULL,NULL,NULL,NULL,NULL);
/*!40000 ALTER TABLE `auth_item` ENABLE KEYS */;
UNLOCK TABLES;

--
-- Table structure for table `auth_item_child`
--

DROP TABLE IF EXISTS `auth_item_child`;
/*!40101 SET @saved_cs_client     = @@character_set_client */;
/*!40101 SET character_set_client = utf8 */;
CREATE TABLE `auth_item_child` (
  `parent` varchar(64) COLLATE utf8_unicode_ci NOT NULL,
  `child` varchar(64) COLLATE utf8_unicode_ci NOT NULL,
  PRIMARY KEY (`parent`,`child`),
  KEY `child` (`child`)
) ENGINE=InnoDB DEFAULT CHARSET=utf8 COLLATE=utf8_unicode_ci;
/*!40101 SET character_set_client = @saved_cs_client */;

--
-- Dumping data for table `auth_item_child`
--

LOCK TABLES `auth_item_child` WRITE;
/*!40000 ALTER TABLE `auth_item_child` DISABLE KEYS */;
INSERT INTO `auth_item_child` VALUES ('admin','/admin/assignment/*'),('admin','/admin/assignment/assign'),('admin','/admin/assignment/index'),('admin','/admin/assignment/revoke'),('admin','/admin/assignment/view'),('admin','/admin/default/*'),('admin','/admin/default/index'),('admin','/admin/menu/*'),('admin','/admin/menu/create'),('admin','/admin/menu/delete'),('admin','/admin/menu/index'),('admin','/admin/menu/update'),('admin','/admin/menu/view'),('admin','/admin/permission/*'),('admin','/admin/permission/assign'),('admin','/admin/permission/create'),('admin','/admin/permission/delete'),('admin','/admin/permission/index'),('admin','/admin/permission/remove'),('admin','/admin/permission/update'),('admin','/admin/permission/view'),('admin','/admin/role/*'),('admin','/admin/role/assign'),('admin','/admin/role/create'),('admin','/admin/role/delete'),('admin','/admin/role/index'),('admin','/admin/role/remove'),('admin','/admin/role/update'),('admin','/admin/role/view'),('admin','/admin/route/*'),('admin','/admin/route/assign'),('admin','/admin/route/create'),('admin','/admin/route/index'),('admin','/admin/route/refresh'),('admin','/admin/route/remove'),('admin','/admin/rule/*'),('admin','/admin/rule/create'),('admin','/admin/rule/delete'),('admin','/admin/rule/index'),('admin','/admin/rule/update'),('admin','/admin/rule/view'),('admin','/admin/user/*'),('admin','/admin/user/activate'),('admin','/admin/user/change-password'),('admin','/admin/user/delete'),('admin','/admin/user/index'),('admin','/admin/user/login'),('admin','/admin/user/logout'),('admin','/admin/user/request-password-reset'),('admin','/admin/user/reset-password'),('admin','/admin/user/signup'),('admin','/admin/user/view'),('admin','/crud/api/company/*'),('admin','/crud/api/company/create'),('admin','/crud/api/company/delete'),('admin','/crud/api/company/index'),('admin','/crud/api/company/options'),('admin','/crud/api/company/update'),('admin','/crud/api/company/view'),('admin','/crud/api/drug-prescription/*'),('admin','/crud/api/drug-prescription/create'),('admin','/crud/api/drug-prescription/delete'),('admin','/crud/api/drug-prescription/index'),('admin','/crud/api/drug-prescription/options'),('admin','/crud/api/drug-prescription/update'),('admin','/crud/api/drug-prescription/view'),('admin','/crud/api/drug/create'),('admin','/crud/api/drug/delete'),('admin','/crud/api/drug/options'),('admin','/crud/api/drug/update'),('admin','/crud/api/drug/view'),('admin','/crud/api/icsr-concomitant-drug/*'),('admin','/crud/api/icsr-concomitant-drug/create'),('admin','/crud/api/icsr-concomitant-drug/delete'),('admin','/crud/api/icsr-concomitant-drug/index'),('admin','/crud/api/icsr-concomitant-drug/options'),('admin','/crud/api/icsr-concomitant-drug/update'),('admin','/crud/api/icsr-concomitant-drug/view'),('admin','/crud/api/icsr-event/*'),('admin','/crud/api/icsr-event/create'),('admin','/crud/api/icsr-event/delete'),('admin','/crud/api/icsr-event/options'),('admin','/crud/api/icsr-event/update'),('admin','/crud/api/icsr-event/view'),('admin','/crud/api/icsr-outcome/*'),('admin','/crud/api/icsr-outcome/create'),('admin','/crud/api/icsr-outcome/delete'),('admin','/crud/api/icsr-outcome/index'),('admin','/crud/api/icsr-outcome/options'),('admin','/crud/api/icsr-outcome/update'),('admin','/crud/api/icsr-outcome/view'),('admin','/crud/api/icsr-reporter/*'),('admin','/crud/api/icsr-reporter/create'),('admin','/crud/api/icsr-reporter/delete'),('admin','/crud/api/icsr-reporter/index'),('admin','/crud/api/icsr-reporter/options'),('admin','/crud/api/icsr-reporter/update'),('admin','/crud/api/icsr-reporter/view'),('admin','/crud/api/icsr-test/*'),('admin','/crud/api/icsr-test/create'),('admin','/crud/api/icsr-test/delete'),('admin','/crud/api/icsr-test/index'),('admin','/crud/api/icsr-test/options'),('admin','/crud/api/icsr-test/update'),('admin','/crud/api/icsr-test/view'),('admin','/crud/api/icsr-type/*'),('admin','/crud/api/icsr-type/create'),('admin','/crud/api/icsr-type/delete'),('admin','/crud/api/icsr-type/index'),('admin','/crud/api/icsr-type/options'),('admin','/crud/api/icsr-type/update'),('admin','/crud/api/icsr-type/view'),('admin','/crud/api/icsr/*'),('admin','/crud/api/icsr/create'),('admin','/crud/api/icsr/delete'),('admin','/crud/api/icsr/index'),('admin','/crud/api/icsr/options'),('admin','/crud/api/icsr/update'),('admin','/crud/api/icsr/view'),('admin','/crud/api/lkp-country/*'),('admin','/crud/api/lkp-country/create'),('admin','/crud/api/lkp-country/delete'),('admin','/crud/api/lkp-country/index'),('admin','/crud/api/lkp-country/options'),('admin','/crud/api/lkp-country/update'),('admin','/crud/api/lkp-country/view'),('admin','/crud/api/lkp-dose-unit/*'),('admin','/crud/api/lkp-dose-unit/create'),('admin','/crud/api/lkp-dose-unit/delete'),('admin','/crud/api/lkp-dose-unit/index'),('admin','/crud/api/lkp-dose-unit/options'),('admin','/crud/api/lkp-dose-unit/update'),('admin','/crud/api/lkp-dose-unit/view'),('admin','/crud/api/lkp-drug-action/*'),('admin','/crud/api/lkp-drug-action/create'),('admin','/crud/api/lkp-drug-action/delete'),('admin','/crud/api/lkp-drug-action/index'),('admin','/crud/api/lkp-drug-action/options'),('admin','/crud/api/lkp-drug-action/update'),('admin','/crud/api/lkp-drug-action/view'),('admin','/crud/api/lkp-drug-role/*'),('admin','/crud/api/lkp-drug-role/create'),('admin','/crud/api/lkp-drug-role/delete'),('admin','/crud/api/lkp-drug-role/index'),('admin','/crud/api/lkp-drug-role/options'),('admin','/crud/api/lkp-drug-role/update'),('admin','/crud/api/lkp-drug-role/view'),('admin','/crud/api/lkp-frequency/*'),('admin','/crud/api/lkp-frequency/create'),('admin','/crud/api/lkp-frequency/delete'),('admin','/crud/api/lkp-frequency/index'),('admin','/crud/api/lkp-frequency/options'),('admin','/crud/api/lkp-frequency/update'),('admin','/crud/api/lkp-frequency/view'),('admin','/crud/api/lkp-icsr-outcome/*'),('admin','/crud/api/lkp-icsr-outcome/create'),('admin','/crud/api/lkp-icsr-outcome/delete'),('admin','/crud/api/lkp-icsr-outcome/index'),('admin','/crud/api/lkp-icsr-outcome/options'),('admin','/crud/api/lkp-icsr-outcome/update'),('admin','/crud/api/lkp-icsr-outcome/view'),('admin','/crud/api/lkp-icsr-type/*'),('admin','/crud/api/lkp-icsr-type/create'),('admin','/crud/api/lkp-icsr-type/delete'),('admin','/crud/api/lkp-icsr-type/index'),('admin','/crud/api/lkp-icsr-type/options'),('admin','/crud/api/lkp-icsr-type/update'),('admin','/crud/api/lkp-icsr-type/view'),('admin','/crud/api/lkp-meddra-hlgt/*'),('admin','/crud/api/lkp-meddra-hlgt/create'),('admin','/crud/api/lkp-meddra-hlgt/delete'),('admin','/crud/api/lkp-meddra-hlgt/index'),('admin','/crud/api/lkp-meddra-hlgt/options'),('admin','/crud/api/lkp-meddra-hlgt/update'),('admin','/crud/api/lkp-meddra-hlgt/view'),('admin','/crud/api/lkp-meddra-llt/*'),('admin','/crud/api/lkp-meddra-llt/create'),('admin','/crud/api/lkp-meddra-llt/delete'),('admin','/crud/api/lkp-meddra-llt/index'),('admin','/crud/api/lkp-meddra-llt/options'),('admin','/crud/api/lkp-meddra-llt/update'),('admin','/crud/api/lkp-meddra-llt/view'),('admin','/crud/api/lkp-meddra-pt/*'),('admin','/crud/api/lkp-meddra-pt/create'),('admin','/crud/api/lkp-meddra-pt/delete'),('admin','/crud/api/lkp-meddra-pt/index'),('admin','/crud/api/lkp-meddra-pt/options'),('admin','/crud/api/lkp-meddra-pt/update'),('admin','/crud/api/lkp-meddra-pt/view'),('admin','/crud/api/lkp-occupation/*'),('admin','/crud/api/lkp-occupation/create'),('admin','/crud/api/lkp-occupation/delete'),('admin','/crud/api/lkp-occupation/index'),('admin','/crud/api/lkp-occupation/options'),('admin','/crud/api/lkp-occupation/update'),('admin','/crud/api/lkp-occupation/view'),('admin','/crud/api/lkp-reaction-outcome/*'),('admin','/crud/api/lkp-reaction-outcome/create'),('admin','/crud/api/lkp-reaction-outcome/delete'),('admin','/crud/api/lkp-reaction-outcome/index'),('admin','/crud/api/lkp-reaction-outcome/options'),('admin','/crud/api/lkp-reaction-outcome/update'),('admin','/crud/api/lkp-reaction-outcome/view'),('admin','/crud/api/lkp-route/*'),('admin','/crud/api/lkp-route/create'),('admin','/crud/api/lkp-route/delete'),('admin','/crud/api/lkp-route/index'),('admin','/crud/api/lkp-route/options'),('admin','/crud/api/lkp-route/update'),('admin','/crud/api/lkp-route/view'),('admin','/crud/api/lkp-test/*'),('admin','/crud/api/lkp-test/create'),('admin','/crud/api/lkp-test/delete'),('admin','/crud/api/lkp-test/index'),('admin','/crud/api/lkp-test/options'),('admin','/crud/api/lkp-test/update'),('admin','/crud/api/lkp-test/view'),('admin','/crud/api/lkp-time-unit/*'),('admin','/crud/api/lkp-time-unit/create'),('admin','/crud/api/lkp-time-unit/delete'),('admin','/crud/api/lkp-time-unit/index'),('admin','/crud/api/lkp-time-unit/options'),('admin','/crud/api/lkp-time-unit/update'),('admin','/crud/api/lkp-time-unit/view'),('admin','/crud/api/lkp-weight-unit/*'),('admin','/crud/api/lkp-weight-unit/create'),('admin','/crud/api/lkp-weight-unit/delete'),('admin','/crud/api/lkp-weight-unit/index'),('admin','/crud/api/lkp-weight-unit/options'),('admin','/crud/api/lkp-weight-unit/update'),('admin','/crud/api/lkp-weight-unit/view'),('admin','/crud/api/migration/*'),('admin','/crud/api/migration/create'),('admin','/crud/api/migration/delete'),('admin','/crud/api/migration/index'),('admin','/crud/api/migration/options'),('admin','/crud/api/migration/update'),('admin','/crud/api/migration/view'),('admin','/crud/api/user-company/*'),('admin','/crud/api/user-company/create'),('admin','/crud/api/user-company/delete'),('admin','/crud/api/user-company/index'),('admin','/crud/api/user-company/options'),('admin','/crud/api/user-company/update'),('admin','/crud/api/user-company/view'),('admin','/crud/api/user/*'),('admin','/crud/api/user/create'),('admin','/crud/api/user/delete'),('admin','/crud/api/user/index'),('admin','/crud/api/user/options'),('admin','/crud/api/user/update'),('admin','/crud/api/user/view'),('admin','/crud/base/company/*'),('admin','/crud/base/company/create'),('admin','/crud/base/company/delete'),('admin','/crud/base/company/index'),('admin','/crud/base/company/update'),('admin','/crud/base/company/view'),('admin','/crud/base/drug-prescription/*'),('admin','/crud/base/drug-prescription/create'),('admin','/crud/base/drug-prescription/delete'),('admin','/crud/base/drug-prescription/index'),('admin','/crud/base/drug-prescription/update'),('admin','/crud/base/drug-prescription/view'),('admin','/crud/base/drug/create'),('admin','/crud/base/drug/delete'),('admin','/crud/base/drug/index'),('admin','/crud/base/drug/update'),('admin','/crud/base/drug/view'),('admin','/crud/base/icsr-concomitant-drug/*'),('admin','/crud/base/icsr-concomitant-drug/create'),('admin','/crud/base/icsr-concomitant-drug/delete'),('admin','/crud/base/icsr-concomitant-drug/index'),('admin','/crud/base/icsr-concomitant-drug/update'),('admin','/crud/base/icsr-concomitant-drug/view'),('admin','/crud/base/icsr-event/*'),('admin','/crud/base/icsr-event/create'),('admin','/crud/base/icsr-event/delete'),('admin','/crud/base/icsr-event/update'),('admin','/crud/base/icsr-event/view'),('admin','/crud/base/icsr-outcome/*'),('admin','/crud/base/icsr-outcome/create'),('admin','/crud/base/icsr-outcome/delete'),('admin','/crud/base/icsr-outcome/index'),('admin','/crud/base/icsr-outcome/update'),('admin','/crud/base/icsr-outcome/view'),('admin','/crud/base/icsr-reporter/*'),('admin','/crud/base/icsr-reporter/create'),('admin','/crud/base/icsr-reporter/delete'),('admin','/crud/base/icsr-reporter/index'),('admin','/crud/base/icsr-reporter/update'),('admin','/crud/base/icsr-reporter/view'),('admin','/crud/base/icsr-test/*'),('admin','/crud/base/icsr-test/create'),('admin','/crud/base/icsr-test/delete'),('admin','/crud/base/icsr-test/index'),('admin','/crud/base/icsr-test/update'),('admin','/crud/base/icsr-test/view'),('admin','/crud/base/icsr-type/*'),('admin','/crud/base/icsr-type/create'),('admin','/crud/base/icsr-type/delete'),('admin','/crud/base/icsr-type/index'),('admin','/crud/base/icsr-type/update'),('admin','/crud/base/icsr-type/view'),('admin','/crud/base/icsr/*'),('admin','/crud/base/icsr/create'),('admin','/crud/base/icsr/delete'),('admin','/crud/base/icsr/index'),('admin','/crud/base/icsr/update'),('admin','/crud/base/icsr/view'),('admin','/crud/base/lkp-country/*'),('admin','/crud/base/lkp-country/create'),('admin','/crud/base/lkp-country/delete'),('admin','/crud/base/lkp-country/index'),('admin','/crud/base/lkp-country/update'),('admin','/crud/base/lkp-country/view'),('admin','/crud/base/lkp-dose-unit/*'),('admin','/crud/base/lkp-dose-unit/create'),('admin','/crud/base/lkp-dose-unit/delete'),('admin','/crud/base/lkp-dose-unit/index'),('admin','/crud/base/lkp-dose-unit/update'),('admin','/crud/base/lkp-dose-unit/view'),('admin','/crud/base/lkp-drug-action/*'),('admin','/crud/base/lkp-drug-action/create'),('admin','/crud/base/lkp-drug-action/delete'),('admin','/crud/base/lkp-drug-action/index'),('admin','/crud/base/lkp-drug-action/update'),('admin','/crud/base/lkp-drug-action/view'),('admin','/crud/base/lkp-drug-role/*'),('admin','/crud/base/lkp-drug-role/create'),('admin','/crud/base/lkp-drug-role/delete'),('admin','/crud/base/lkp-drug-role/index'),('admin','/crud/base/lkp-drug-role/update'),('admin','/crud/base/lkp-drug-role/view'),('admin','/crud/base/lkp-frequency/*'),('admin','/crud/base/lkp-frequency/create'),('admin','/crud/base/lkp-frequency/delete'),('admin','/crud/base/lkp-frequency/index'),('admin','/crud/base/lkp-frequency/update'),('admin','/crud/base/lkp-frequency/view'),('admin','/crud/base/lkp-icsr-outcome/*'),('admin','/crud/base/lkp-icsr-outcome/create'),('admin','/crud/base/lkp-icsr-outcome/delete'),('admin','/crud/base/lkp-icsr-outcome/index'),('admin','/crud/base/lkp-icsr-outcome/update'),('admin','/crud/base/lkp-icsr-outcome/view'),('admin','/crud/base/lkp-icsr-type/*'),('admin','/crud/base/lkp-icsr-type/create'),('admin','/crud/base/lkp-icsr-type/delete'),('admin','/crud/base/lkp-icsr-type/index'),('admin','/crud/base/lkp-icsr-type/update'),('admin','/crud/base/lkp-icsr-type/view'),('admin','/crud/base/lkp-meddra-hlgt/*'),('admin','/crud/base/lkp-meddra-hlgt/create'),('admin','/crud/base/lkp-meddra-hlgt/delete'),('admin','/crud/base/lkp-meddra-hlgt/index'),('admin','/crud/base/lkp-meddra-hlgt/update'),('admin','/crud/base/lkp-meddra-hlgt/view'),('admin','/crud/base/lkp-meddra-llt/*'),('admin','/crud/base/lkp-meddra-llt/create'),('admin','/crud/base/lkp-meddra-llt/delete'),('admin','/crud/base/lkp-meddra-llt/index'),('admin','/crud/base/lkp-meddra-llt/update'),('admin','/crud/base/lkp-meddra-llt/view'),('admin','/crud/base/lkp-meddra-pt/*'),('admin','/crud/base/lkp-meddra-pt/create'),('admin','/crud/base/lkp-meddra-pt/delete'),('admin','/crud/base/lkp-meddra-pt/index'),('admin','/crud/base/lkp-meddra-pt/update'),('admin','/crud/base/lkp-meddra-pt/view'),('admin','/crud/base/lkp-occupation/*'),('admin','/crud/base/lkp-occupation/create'),('admin','/crud/base/lkp-occupation/delete'),('admin','/crud/base/lkp-occupation/index'),('admin','/crud/base/lkp-occupation/update'),('admin','/crud/base/lkp-occupation/view'),('admin','/crud/base/lkp-reaction-outcome/*'),('admin','/crud/base/lkp-reaction-outcome/create'),('admin','/crud/base/lkp-reaction-outcome/delete'),('admin','/crud/base/lkp-reaction-outcome/index'),('admin','/crud/base/lkp-reaction-outcome/update'),('admin','/crud/base/lkp-reaction-outcome/view'),('admin','/crud/base/lkp-route/*'),('admin','/crud/base/lkp-route/create'),('admin','/crud/base/lkp-route/delete'),('admin','/crud/base/lkp-route/index'),('admin','/crud/base/lkp-route/update'),('admin','/crud/base/lkp-route/view'),('admin','/crud/base/lkp-test/*'),('admin','/crud/base/lkp-test/create'),('admin','/crud/base/lkp-test/delete'),('admin','/crud/base/lkp-test/index'),('admin','/crud/base/lkp-test/update'),('admin','/crud/base/lkp-test/view'),('admin','/crud/base/lkp-time-unit/*'),('admin','/crud/base/lkp-time-unit/create'),('admin','/crud/base/lkp-time-unit/delete'),('admin','/crud/base/lkp-time-unit/index'),('admin','/crud/base/lkp-time-unit/update'),('admin','/crud/base/lkp-time-unit/view'),('admin','/crud/base/lkp-weight-unit/*'),('admin','/crud/base/lkp-weight-unit/create'),('admin','/crud/base/lkp-weight-unit/delete'),('admin','/crud/base/lkp-weight-unit/index'),('admin','/crud/base/lkp-weight-unit/update'),('admin','/crud/base/lkp-weight-unit/view'),('admin','/crud/base/migration/*'),('admin','/crud/base/migration/create'),('admin','/crud/base/migration/delete'),('admin','/crud/base/migration/index'),('admin','/crud/base/migration/update'),('admin','/crud/base/migration/view'),('admin','/crud/base/user-company/*'),('admin','/crud/base/user-company/create'),('admin','/crud/base/user-company/delete'),('admin','/crud/base/user-company/index'),('admin','/crud/base/user-company/update'),('admin','/crud/base/user-company/view'),('admin','/crud/base/user/*'),('admin','/crud/base/user/create'),('admin','/crud/base/user/delete'),('admin','/crud/base/user/index'),('admin','/crud/base/user/update'),('admin','/crud/base/user/view'),('admin','/crud/company/*'),('admin','/crud/company/create'),('admin','/crud/company/delete'),('admin','/crud/company/index'),('admin','/crud/company/update'),('admin','/crud/company/view'),('admin','/crud/default/*'),('admin','/crud/default/index'),('admin','/crud/drug-prescription/*'),('admin','/crud/drug-prescription/create'),('admin','/crud/drug-prescription/delete'),('admin','/crud/drug-prescription/index'),('admin','/crud/drug-prescription/update'),('admin','/crud/drug-prescription/view'),('admin','/crud/drug/create'),('admin','/crud/drug/delete'),('admin','/crud/drug/update'),('admin','/crud/drug/view'),('admin','/crud/icsr-concomitant-drug/*'),('admin','/crud/icsr-concomitant-drug/create'),('admin','/crud/icsr-concomitant-drug/delete'),('admin','/crud/icsr-concomitant-drug/index'),('admin','/crud/icsr-concomitant-drug/update'),('admin','/crud/icsr-concomitant-drug/view'),('admin','/crud/icsr-event/create'),('admin','/crud/icsr-event/delete'),('admin','/crud/icsr-event/update'),('admin','/crud/icsr-event/view'),('admin','/crud/icsr-outcome/*'),('admin','/crud/icsr-outcome/create'),('admin','/crud/icsr-outcome/delete'),('admin','/crud/icsr-outcome/index'),('admin','/crud/icsr-outcome/update'),('admin','/crud/icsr-outcome/view'),('admin','/crud/icsr-reporter/*'),('admin','/crud/icsr-reporter/create'),('admin','/crud/icsr-reporter/delete'),('admin','/crud/icsr-reporter/index'),('admin','/crud/icsr-reporter/update'),('admin','/crud/icsr-reporter/view'),('admin','/crud/icsr-test/*'),('admin','/crud/icsr-test/create'),('admin','/crud/icsr-test/delete'),('admin','/crud/icsr-test/index'),('admin','/crud/icsr-test/update'),('admin','/crud/icsr-test/view'),('admin','/crud/icsr-type/*'),('admin','/crud/icsr-type/create'),('admin','/crud/icsr-type/delete'),('admin','/crud/icsr-type/index'),('admin','/crud/icsr-type/update'),('admin','/crud/icsr-type/view'),('admin','/crud/icsr/*'),('admin','/crud/icsr/create'),('admin','/crud/icsr/delete'),('admin','/crud/icsr/export'),('admin','/crud/icsr/index'),('admin','/crud/icsr/update'),('admin','/crud/icsr/view'),('admin','/crud/lkp-country/*'),('admin','/crud/lkp-country/create'),('admin','/crud/lkp-country/delete'),('admin','/crud/lkp-country/index'),('admin','/crud/lkp-country/update'),('admin','/crud/lkp-country/view'),('admin','/crud/lkp-dose-unit/*'),('admin','/crud/lkp-dose-unit/create'),('admin','/crud/lkp-dose-unit/delete'),('admin','/crud/lkp-dose-unit/index'),('admin','/crud/lkp-dose-unit/update'),('admin','/crud/lkp-dose-unit/view'),('admin','/crud/lkp-drug-action/*'),('admin','/crud/lkp-drug-action/create'),('admin','/crud/lkp-drug-action/delete'),('admin','/crud/lkp-drug-action/index'),('admin','/crud/lkp-drug-action/update'),('admin','/crud/lkp-drug-action/view'),('admin','/crud/lkp-drug-role/*'),('admin','/crud/lkp-drug-role/create'),('admin','/crud/lkp-drug-role/delete'),('admin','/crud/lkp-drug-role/index'),('admin','/crud/lkp-drug-role/update'),('admin','/crud/lkp-drug-role/view'),('admin','/crud/lkp-frequency/*'),('admin','/crud/lkp-frequency/create'),('admin','/crud/lkp-frequency/delete'),('admin','/crud/lkp-frequency/index'),('admin','/crud/lkp-frequency/update'),('admin','/crud/lkp-frequency/view'),('admin','/crud/lkp-icsr-eventoutcome/*'),('admin','/crud/lkp-icsr-eventoutcome/create'),('admin','/crud/lkp-icsr-eventoutcome/delete'),('admin','/crud/lkp-icsr-eventoutcome/index'),('admin','/crud/lkp-icsr-eventoutcome/update'),('admin','/crud/lkp-icsr-eventoutcome/view'),('admin','/crud/lkp-icsr-outcome/*'),('admin','/crud/lkp-icsr-outcome/create'),('admin','/crud/lkp-icsr-outcome/delete'),('admin','/crud/lkp-icsr-outcome/index'),('admin','/crud/lkp-icsr-outcome/update'),('admin','/crud/lkp-icsr-outcome/view'),('admin','/crud/lkp-icsr-type/*'),('admin','/crud/lkp-icsr-type/create'),('admin','/crud/lkp-icsr-type/delete'),('admin','/crud/lkp-icsr-type/index'),('admin','/crud/lkp-icsr-type/update'),('admin','/crud/lkp-icsr-type/view'),('admin','/crud/lkp-meddra-hlgt/*'),('admin','/crud/lkp-meddra-hlgt/create'),('admin','/crud/lkp-meddra-hlgt/delete'),('admin','/crud/lkp-meddra-hlgt/index'),('admin','/crud/lkp-meddra-hlgt/update'),('admin','/crud/lkp-meddra-hlgt/view'),('admin','/crud/lkp-meddra-llt/*'),('admin','/crud/lkp-meddra-llt/create'),('admin','/crud/lkp-meddra-llt/delete'),('admin','/crud/lkp-meddra-llt/index'),('admin','/crud/lkp-meddra-llt/update'),('admin','/crud/lkp-meddra-llt/view'),('admin','/crud/lkp-meddra-pt/*'),('admin','/crud/lkp-meddra-pt/create'),('admin','/crud/lkp-meddra-pt/delete'),('admin','/crud/lkp-meddra-pt/index'),('admin','/crud/lkp-meddra-pt/update'),('admin','/crud/lkp-meddra-pt/view'),('admin','/crud/lkp-occupation/*'),('admin','/crud/lkp-occupation/create'),('admin','/crud/lkp-occupation/delete'),('admin','/crud/lkp-occupation/index'),('admin','/crud/lkp-occupation/update'),('admin','/crud/lkp-occupation/view'),('admin','/crud/lkp-plan/*'),('admin','/crud/lkp-plan/create'),('admin','/crud/lkp-plan/index'),('admin','/crud/lkp-reaction-outcome/*'),('admin','/crud/lkp-reaction-outcome/create'),('admin','/crud/lkp-reaction-outcome/delete'),('admin','/crud/lkp-reaction-outcome/index'),('admin','/crud/lkp-reaction-outcome/update'),('admin','/crud/lkp-reaction-outcome/view'),('admin','/crud/lkp-route/*'),('admin','/crud/lkp-route/create'),('admin','/crud/lkp-route/delete'),('admin','/crud/lkp-route/index'),('admin','/crud/lkp-route/update'),('admin','/crud/lkp-route/view'),('admin','/crud/lkp-test/*'),('admin','/crud/lkp-test/create'),('admin','/crud/lkp-test/delete'),('admin','/crud/lkp-test/index'),('admin','/crud/lkp-test/update'),('admin','/crud/lkp-test/view'),('admin','/crud/lkp-time-unit/*'),('admin','/crud/lkp-time-unit/create'),('admin','/crud/lkp-time-unit/delete'),('admin','/crud/lkp-time-unit/index'),('admin','/crud/lkp-time-unit/update'),('admin','/crud/lkp-time-unit/view'),('admin','/crud/lkp-weight-unit/*'),('admin','/crud/lkp-weight-unit/create'),('admin','/crud/lkp-weight-unit/delete'),('admin','/crud/lkp-weight-unit/index'),('admin','/crud/lkp-weight-unit/update'),('admin','/crud/lkp-weight-unit/view'),('admin','/crud/migration/*'),('admin','/crud/migration/create'),('admin','/crud/migration/delete'),('admin','/crud/migration/index'),('admin','/crud/migration/update'),('admin','/crud/migration/view'),('admin','/crud/user-company/*'),('admin','/crud/user-company/create'),('admin','/crud/user-company/delete'),('admin','/crud/user-company/index'),('admin','/crud/user-company/update'),('admin','/crud/user-company/view'),('admin','/crud/user/*'),('admin','/crud/user/create'),('admin','/crud/user/delete'),('admin','/crud/user/index'),('admin','/crud/user/update'),('admin','/crud/user/view'),('admin','/debug/*'),('admin','/debug/default/*'),('admin','/debug/default/db-explain'),('admin','/debug/default/download-mail'),('admin','/debug/default/index'),('admin','/debug/default/toolbar'),('admin','/debug/default/view'),('admin','/gii/*'),('admin','/gii/default/*'),('admin','/gii/default/action'),('admin','/gii/default/diff'),('admin','/gii/default/index'),('admin','/gii/default/preview'),('admin','/gii/default/view'),('admin','/site/*'),('admin','/site/error'),('admin','/site/index'),('admin','/site/landing'),('admin','/site/login'),('admin','/site/logout'),('admin','/site/send-mail'),('Manager','/crud/drug-prescription/create'),('Manager','/crud/drug-prescription/delete'),('Manager','/crud/drug-prescription/update'),('Manager','/crud/drug/create'),('Manager','/crud/drug/delete'),('Manager','/crud/drug/update'),('Manager','/crud/icsr-event/create'),('Manager','/crud/icsr-event/delete'),('Manager','/crud/icsr-event/update'),('Manager','/crud/icsr-reporter/create'),('Manager','/crud/icsr-reporter/delete'),('Manager','/crud/icsr-reporter/update'),('Manager','/crud/icsr-test/create'),('Manager','/crud/icsr-test/delete'),('Manager','/crud/icsr-test/update'),('Manager','/crud/icsr/check-duplicate-icsr'),('Manager','/crud/icsr/create'),('Manager','/crud/icsr/delete'),('Manager','/crud/icsr/download-dtd'),('Manager','/crud/icsr/download-xml-file'),('Manager','/crud/icsr/export'),('Manager','/crud/icsr/export-null-case'),('Manager','/crud/icsr/null-case-reason'),('Manager','/crud/icsr/update'),('Manager','/crud/reports/summary-tabulation'),('Manager','/crud/user/create'),('Manager','/crud/user/index'),('Manager','/crud/user/update'),('Manager','/crud/user/view'),('Manager','Qppv Deputy'),('Manager','Qppv Person'),('normalUser','/admin/assignment/assign'),('normalUser','/admin/assignment/index'),('normalUser','/admin/assignment/revoke'),('normalUser','/admin/assignment/view'),('normalUser','/admin/menu/create'),('normalUser','/admin/menu/delete'),('normalUser','/admin/menu/index'),('normalUser','/admin/menu/update'),('normalUser','/admin/menu/view'),('normalUser','/admin/permission/assign'),('normalUser','/admin/permission/create'),('normalUser','/admin/permission/delete'),('normalUser','/admin/permission/index'),('normalUser','/admin/permission/remove'),('normalUser','/admin/permission/update'),('normalUser','/admin/permission/view'),('normalUser','/admin/role/assign'),('normalUser','/admin/role/create'),('normalUser','/admin/role/delete'),('normalUser','/admin/role/index'),('normalUser','/admin/role/remove'),('normalUser','/admin/role/update'),('normalUser','/admin/role/view'),('normalUser','/admin/route/assign'),('normalUser','/admin/route/create'),('normalUser','/admin/route/index'),('normalUser','/admin/route/refresh'),('normalUser','/admin/route/remove'),('normalUser','/admin/rule/create'),('normalUser','/admin/rule/delete'),('normalUser','/admin/rule/index'),('normalUser','/admin/rule/update'),('normalUser','/admin/rule/view'),('normalUser','/admin/user/activate'),('normalUser','/admin/user/change-password'),('normalUser','/admin/user/delete'),('normalUser','/admin/user/index'),('normalUser','/admin/user/login'),('normalUser','/admin/user/logout'),('normalUser','/admin/user/request-password-reset'),('normalUser','/admin/user/reset-password'),('normalUser','/admin/user/signup'),('normalUser','/admin/user/view'),('normalUser','/crud/base/psmf-section/export-html-psmf'),('normalUser','/crud/company/statistics'),('normalUser','/crud/drug-prescription/create'),('normalUser','/crud/drug-prescription/delete'),('normalUser','/crud/drug-prescription/update'),('normalUser','/crud/drug-prescription/view'),('normalUser','/crud/drug/create'),('normalUser','/crud/drug/delete'),('normalUser','/crud/drug/history'),('normalUser','/crud/drug/index'),('normalUser','/crud/drug/update'),('normalUser','/crud/drug/view'),('normalUser','/crud/icsr-event/create'),('normalUser','/crud/icsr-event/delete'),('normalUser','/crud/icsr-event/get-first-lt-from-pt'),('normalUser','/crud/icsr-event/get-pt-from-lt'),('normalUser','/crud/icsr-event/search'),('normalUser','/crud/icsr-event/search-llt'),('normalUser','/crud/icsr-event/search-pt'),('normalUser','/crud/icsr-event/update'),('normalUser','/crud/icsr-event/view'),('normalUser','/crud/icsr-narritive/create'),('normalUser','/crud/icsr-narritive/update'),('normalUser','/crud/icsr-narritive/view'),('normalUser','/crud/icsr-reporter/create'),('normalUser','/crud/icsr-reporter/delete'),('normalUser','/crud/icsr-reporter/update'),('normalUser','/crud/icsr-reporter/view'),('normalUser','/crud/icsr-test/create'),('normalUser','/crud/icsr-test/delete'),('normalUser','/crud/icsr-test/update'),('normalUser','/crud/icsr-test/view'),('normalUser','/crud/icsr-version-response/create'),('normalUser','/crud/icsr/check-duplicate-icsr'),('normalUser','/crud/icsr/create'),('normalUser','/crud/icsr/delete'),('normalUser','/crud/icsr/download-dtd'),('normalUser','/crud/icsr/download-xml-file'),('normalUser','/crud/icsr/drug-prescription-history'),('normalUser','/crud/icsr/export'),('normalUser','/crud/icsr/export-null-case'),('normalUser','/crud/icsr/history'),('normalUser','/crud/icsr/icsr-event-history'),('normalUser','/crud/icsr/icsr-test-history'),('normalUser','/crud/icsr/null-case-reason'),('normalUser','/crud/icsr/reporter-history'),('normalUser','/crud/icsr/update'),('normalUser','/crud/icsr/view'),('normalUser','/crud/meddra/create'),('normalUser','/crud/psmf-section/create'),('normalUser','/crud/psmf-section/export-html-psmf'),('normalUser','/crud/psmf-section/index'),('normalUser','/crud/psmf-section/update'),('normalUser','/crud/psmf-section/view'),('normalUser','/crud/psmf/create'),('normalUser','/crud/psmf/download'),('normalUser','/crud/psmf/index'),('normalUser','/crud/reports/summary-tabulation'),('normalUser','/crud/user/api'),('normalUser','/site/index'),('normalUser','/site/landing'),('normalUser','/site/login'),('normalUser','/site/logout'),('normalUser','/site/request-password-reset'),('normalUser','/site/reset-password'),('Qppv Deputy','/crud/drug-prescription/create'),('Qppv Deputy','/crud/drug-prescription/update'),('Qppv Deputy','/crud/drug/create'),('Qppv Deputy','/crud/drug/update'),('Qppv Deputy','/crud/icsr-event/create'),('Qppv Deputy','/crud/icsr-event/update'),('Qppv Deputy','/crud/icsr-reporter/create'),('Qppv Deputy','/crud/icsr-reporter/update'),('Qppv Deputy','/crud/icsr-test/create'),('Qppv Deputy','/crud/icsr-test/update'),('Qppv Deputy','/crud/icsr/check-duplicate-icsr'),('Qppv Deputy','/crud/icsr/create'),('Qppv Deputy','/crud/icsr/update'),('Qppv Person','/crud/drug-prescription/index'),('Qppv Person','/crud/drug-prescription/view'),('Qppv Person','/crud/drug/index'),('Qppv Person','/crud/drug/summary-tabulation'),('Qppv Person','/crud/drug/view'),('Qppv Person','/crud/icsr-event/get-first-lt-from-pt'),('Qppv Person','/crud/icsr-event/get-pt-from-lt'),('Qppv Person','/crud/icsr-event/index'),('Qppv Person','/crud/icsr-event/search'),('Qppv Person','/crud/icsr-event/search-llt'),('Qppv Person','/crud/icsr-event/search-pt'),('Qppv Person','/crud/icsr-event/view'),('Qppv Person','/crud/icsr-reporter/index'),('Qppv Person','/crud/icsr-reporter/view'),('Qppv Person','/crud/icsr-test/index'),('Qppv Person','/crud/icsr-test/view'),('Qppv Person','/crud/icsr/download-xml-file'),('Qppv Person','/crud/icsr/get-diff-before-date'),('Qppv Person','/crud/icsr/index'),('Qppv Person','/crud/icsr/open-pdf'),('Qppv Person','/crud/icsr/view'),('Qppv Person','/crud/reports/summary-tabulation'),('Qppv Person','/site/index'),('Qppv Person','/site/landing'),('Qppv Person','/site/login'),('Qppv Person','/site/logout'),('Qppv Person','/site/request-password-reset'),('Qppv Person','/site/reset-password'),('Qppv Person','/site/send-mail');
/*!40000 ALTER TABLE `auth_item_child` ENABLE KEYS */;
UNLOCK TABLES;

--
-- Table structure for table `auth_rule`
--

DROP TABLE IF EXISTS `auth_rule`;
/*!40101 SET @saved_cs_client     = @@character_set_client */;
/*!40101 SET character_set_client = utf8 */;
CREATE TABLE `auth_rule` (
  `name` varchar(64) COLLATE utf8_unicode_ci NOT NULL,
  `data` text COLLATE utf8_unicode_ci,
  `created_at` int(11) DEFAULT NULL,
  `updated_at` int(11) DEFAULT NULL,
  PRIMARY KEY (`name`)
) ENGINE=InnoDB DEFAULT CHARSET=utf8 COLLATE=utf8_unicode_ci;
/*!40101 SET character_set_client = @saved_cs_client */;

--
-- Dumping data for table `auth_rule`
--

LOCK TABLES `auth_rule` WRITE;
/*!40000 ALTER TABLE `auth_rule` DISABLE KEYS */;
/*!40000 ALTER TABLE `auth_rule` ENABLE KEYS */;
UNLOCK TABLES;

--
-- Table structure for table `company`
--

DROP TABLE IF EXISTS `company`;
/*!40101 SET @saved_cs_client     = @@character_set_client */;
/*!40101 SET character_set_client = utf8 */;
CREATE TABLE `company` (
  `id` int(11) NOT NULL AUTO_INCREMENT,
  `name` varchar(45) DEFAULT NULL,
  `adderess` varchar(45) DEFAULT NULL,
  `license_no` varchar(45) DEFAULT NULL,
  `license_image_url` varchar(45) DEFAULT NULL,
  `end_date` date DEFAULT NULL,
  `plan_id` int(11) NOT NULL DEFAULT '1',
  `short_name` varchar(4) DEFAULT NULL,
  `enable_meddra_search` tinyint(1) DEFAULT '0',
  PRIMARY KEY (`id`),
  KEY `fk-lkp_plan_company` (`plan_id`)
) ENGINE=InnoDB AUTO_INCREMENT=91 DEFAULT CHARSET=utf8;
/*!40101 SET character_set_client = @saved_cs_client */;

--
-- Dumping data for table `company`
--

LOCK TABLES `company` WRITE;
/*!40000 ALTER TABLE `company` DISABLE KEYS */;
INSERT INTO `company` VALUES (1,'hnm','','','','2017-06-30',1,NULL,0),(5,'EMEO5','EMEO5','EMEO55','5EMEO5','2017-10-31',4,'4444',0),(40,'adminCompany','admin 12 st','1928373','www.yahoo.com','2017-05-31',3,NULL,0),(41,'adminCompany','12 st ','79878979','98798798','2017-12-31',4,NULL,0),(42,'TestCompany','12 st real','092883','www.yahoo.com','2016-09-30',4,NULL,0),(43,'Company2','12 st company','3444','www.gogle.com','2017-03-31',1,NULL,0),(44,'COmpany New','12 st address','32225','www.google.com','2017-06-30',1,NULL,0),(45,'Company Ayman','12 st address','21516','www.google.com','2017-04-30',1,NULL,0),(48,'Alkolo','12 st el kolo','5151215','www.google.com','2017-04-30',2,NULL,0),(62,'Ecma Script','12 st el morgany','12151','www.google.com','2016-07-14',4,NULL,0),(63,'Normal Company','gh','ghjlkhj','jkhkljh','2017-10-31',2,NULL,0),(65,'TestCompanyForTestPlan','','','','2016-10-28',6,NULL,0),(66,'Normal 2 company','12 street el morgany','122151','www.google.com','2016-09-30',1,NULL,0),(67,'asdf','','','','2016-09-30',1,NULL,0),(69,'fff','','','','2016-09-30',1,NULL,0),(70,'fasdfsdaf','','','','2016-09-30',1,NULL,0),(71,'normal 3 company','12 street mahtet masr','12256545','www.yahoo.com','2019-07-31',2,'NMGS',1),(72,'Overflow','29 st ibrahamia','A2235564','www.google.com','2017-12-31',4,NULL,0),(73,'asdfasdfsdf','saf','asf','saf','2017-02-09',1,'asdf',0),(75,'Altra','12 street morgany','1223545','www.google.com','2017-08-31',1,'ALTA',0),(76,'OOOOOO','12 st el morga','12312412','www.ok.com','2016-11-30',1,NULL,0),(77,'asfjkasf','akf','jkahsfkj','jkadsf','2016-11-09',1,'jkah',0),(78,'askjdgfhlk','','','','2016-11-30',1,'nasb',0),(82,'HelloWOrld','akljshfjklashfk','jhakdsjlfhkl','lkafhlkj','2016-11-09',1,'akjs',0),(83,'TEstasd','12 asdf 21','00121','asawd','2016-11-30',1,'asdd',1),(90,'normal',NULL,NULL,NULL,'2018-06-30',1,'nn',1);
/*!40000 ALTER TABLE `company` ENABLE KEYS */;
UNLOCK TABLES;

--
-- Table structure for table `drug`
--

DROP TABLE IF EXISTS `drug`;
/*!40101 SET @saved_cs_client     = @@character_set_client */;
/*!40101 SET character_set_client = utf8 */;
CREATE TABLE `drug` (
  `id` int(11) NOT NULL AUTO_INCREMENT,
  `generic_name` varchar(45) DEFAULT NULL,
  `trade_name` varchar(45) DEFAULT NULL,
  `composition` varchar(45) DEFAULT NULL,
  `company_id` int(11) NOT NULL,
  `manufacturer` varchar(45) DEFAULT NULL,
  `strength` varchar(45) DEFAULT NULL,
  `route_lkp_id` int(11) NOT NULL,
  `next_prsu_date` date DEFAULT NULL,
  `rmp_first_deadline` date DEFAULT NULL,
  PRIMARY KEY (`id`),
  KEY `fk_drug_company1_idx` (`company_id`),
  KEY `fk_drug_route_lkp1_idx` (`route_lkp_id`)
) ENGINE=InnoDB AUTO_INCREMENT=60 DEFAULT CHARSET=utf8;
/*!40101 SET character_set_client = @saved_cs_client */;

--
-- Dumping data for table `drug`
--

LOCK TABLES `drug` WRITE;
/*!40000 ALTER TABLE `drug` DISABLE KEYS */;
INSERT INTO `drug` VALUES (2,'sorbitol','','',1,'','',9,NULL,NULL),(3,'drug3','drug3','3',1,'3','3',8,NULL,NULL),(4,'3','tradddddd names','szdfsdf',1,'3sdfsdf','dfsd',9,NULL,NULL),(5,'vitac','vitac','dsdfsd',5,'sdfsf','sdfsdf',11,NULL,NULL),(6,'easycare2','easycare2','dsdfsd',1,'sdfsf','3',12,NULL,NULL),(7,'drug899','TestOfDrugTradeName','drug8',5,'drug8','drug8',8,NULL,NULL),(8,'lolo','akfafd','lhglkj',5,'kljhlijh','oiuugiohgoi',7,NULL,NULL),(9,'Paracetamol','Abimol','parcetamol',5,'Galaxo','80',6,NULL,NULL),(10,'loatadien +pseudoepehdrine  ','xxxxxxxx','10+240',5,'yyyyy','10+240',6,NULL,NULL),(11,'pregabalin','Nervagab','pregabalin',5,'Hygint pharmaceuticals ','75 mg ',6,NULL,NULL),(12,'Testo Drug','this is a test','composite',5,'any one','50',8,NULL,NULL),(13,'Vimto','tradeVimeo','composoite of chemical',42,'emco','59',6,NULL,NULL),(14,'Vimto Drug','Trade Of Vimto','chemical composite',43,'emco pharm','2333',7,NULL,NULL),(15,'Test Drug Vimeo','this is a trade name','composite of chemical',44,'manfucature','25626',7,NULL,NULL),(16,'Vimeo test drug','this is  atrade name','composite chemcial',45,'manfucature','255',8,NULL,NULL),(17,'TestoDrugfor gold company','trades of gold drug','chemical composition of drugs',48,'this is manufacturer','2562',6,NULL,NULL),(18,'Updated Friend','asfas','asfasf',5,'asfas','123',14,NULL,NULL),(19,'testo for id','asfasf','klasjfdkl',5,'aklsjfkl','123',5,NULL,NULL),(20,'drug without company','kjashfdjk','kjahskjfhkjl',5,'asfasf','123123',5,NULL,NULL),(21,'gold drug','asflk','ajksfh',48,'kajsfn','jknasf',12,NULL,NULL),(22,'changed','Drug For History Test','ok friend',5,'let\'s go','12312',1,NULL,NULL),(23,'asf','asf','adsf',5,'asf','25555',14,NULL,NULL),(24,'A New Test Drug Friend','Any Trade Name','32555',5,'Any Manufactur','25',1,NULL,NULL),(25,'Generic name','Trade Me','this is a form',62,'any manufacturer','15555',4,NULL,NULL),(26,'Viber','trade viber','asfasfasf',63,'any msdkfji','12312',12,NULL,'2016-12-06'),(27,'Viber2','trade viber','aklsjfklajsf',63,'maklsfjklas','12312',6,NULL,NULL),(28,'ajkshdfljk','jklhjkl','jklh',63,'askhfjlk','lkjhlkjh',1,NULL,NULL),(29,'jkhjk','hlkh','lkjh',63,'kh','kljh',6,NULL,NULL),(30,'jhjkhl','jkhkjl','hljkh',63,'mnkjl','kljhlkjhlk',9,NULL,NULL),(31,'gj','hjg','jh',63,'mn,','kjk',11,NULL,NULL),(32,'tet drug','asjfhlk','hjkhl',41,'asfasf','jklhkl',1,NULL,NULL),(33,'','','',65,'','',6,NULL,NULL),(34,'','','',65,'','',12,NULL,NULL),(35,'','','',65,'','',9,NULL,NULL),(36,'Generic Drug For Test','Change Drug Name','any dosage form',71,'any manufacturer','25151',12,'2016-12-12','2016-12-19'),(37,'','k;jilkj','',71,'','',3,NULL,NULL),(38,'','ok goo','',71,'','',10,NULL,NULL),(39,'','','',71,'','',8,NULL,NULL),(40,'','okkk','',71,'','',7,NULL,NULL),(41,'Test Product','This is a test product','dosage form',71,'any manufacturer','2555',11,NULL,NULL),(42,'Antenal Drug','Antenal trade name','20 gram per day',72,'Alkolo manufacturer','25',7,NULL,NULL),(46,' lorazepam ','Ativan','2 to 6 mg/day',75,'Wyeth-Ayerst ','23',3,NULL,NULL),(47,'Test Product','Test Trade Name','25',75,'Ok Friend','',3,NULL,NULL),(48,'','','',75,'','',1,NULL,NULL),(49,'sadfsadf','','',71,'','',3,NULL,NULL),(50,'TestDrug','af','29 sgm',71,'','',3,NULL,NULL),(51,'jgasjkhkfllf','','',71,'','',7,NULL,NULL),(52,'','','',90,'','',2,NULL,NULL),(53,'','','',90,'','',1,NULL,NULL),(54,'sdf','asf','asdf',71,'','',2,NULL,NULL),(55,'asdf','asdf','asfd',90,'sadf','sdf',3,NULL,NULL),(56,'','','',71,'','',3,NULL,NULL),(57,'asdf','','',71,'','',2,NULL,NULL),(58,'asdfasf','asdf','adf',71,'','azdf',10,NULL,NULL),(59,'Okkkkkkkkk Goooooooood','','',71,'','',11,NULL,NULL);
/*!40000 ALTER TABLE `drug` ENABLE KEYS */;
UNLOCK TABLES;

--
-- Table structure for table `drug_prescription`
--

DROP TABLE IF EXISTS `drug_prescription`;
/*!40101 SET @saved_cs_client     = @@character_set_client */;
/*!40101 SET character_set_client = utf8 */;
CREATE TABLE `drug_prescription` (
  `id` int(11) NOT NULL AUTO_INCREMENT,
  `drug_id` int(11) DEFAULT NULL,
  `icsr_id` int(11) NOT NULL,
  `dose` varchar(45) DEFAULT NULL COMMENT '	B.4.k.6 Dosage text (e.g., 2 mg three times a day for five days)\n',
  `frequency_lkp_id` int(11) DEFAULT NULL,
  `expiration_date` date DEFAULT NULL,
  `lot_no` varchar(45) DEFAULT NULL COMMENT '	B.4.k.3 Batch/lot number\n',
  `use_date_start` date DEFAULT NULL COMMENT 'B.4.k.12 Date of start of drug',
  `use_date_end` date DEFAULT NULL COMMENT '	B.4.k.14 Date of last administration\n',
  `duration_of_use` decimal(10,0) DEFAULT NULL COMMENT '	B.4.k.15 Duration of drug administration\n',
  `duration_of_use_unit` int(11) DEFAULT NULL COMMENT '	B.4.k.15 Duration of drug administration\n',
  `reason_of_use` varchar(60) DEFAULT NULL COMMENT '	B.4.k.11 Indication for use in the case\n',
  `problem_returned_after_reuse` bit(1) DEFAULT NULL COMMENT '	B.4.k.17 Effect of rechallenge\n',
  `active_substance_names` varchar(450) DEFAULT NULL COMMENT 'B.4.k.2.2 Active substance name(s)\n\n',
  `drug_role` int(11) DEFAULT NULL COMMENT 'B.4.k.1 Characterization of drug role (Suspect/Concomitant/Interacting)',
  `drug_addtional_info` varchar(450) DEFAULT NULL COMMENT 'B.4.k.19 Additional information on drug\n',
  `drug_action_drug_withdrawn` bit(1) DEFAULT NULL COMMENT 'B.4.k.16 Action(s) taken with drug',
  `drug_action_dose_reduced` bit(1) DEFAULT NULL COMMENT 'B.4.k.16 Action(s) taken with drug',
  `drug_action_dose_increased` bit(1) DEFAULT NULL COMMENT 'B.4.k.16 Action(s) taken with drug',
  `drug_action_dose_not_changed` bit(1) DEFAULT NULL COMMENT 'B.4.k.16 Action(s) taken with drug',
  `drug_action_unknown` bit(1) DEFAULT NULL COMMENT 'B.4.k.16 Action(s) taken with drug',
  `lkp_drug_action_id` int(11) NOT NULL DEFAULT '1',
  PRIMARY KEY (`id`),
  KEY `fk_drug_details_drug1_idx` (`drug_id`),
  KEY `fk_drug_details_icsr1_idx` (`icsr_id`),
  KEY `fk_drug_prescription_frequency_lkp1_idx` (`frequency_lkp_id`),
  KEY `fk-drug-prescription-drug_action` (`lkp_drug_action_id`)
) ENGINE=InnoDB AUTO_INCREMENT=248 DEFAULT CHARSET=utf8;
/*!40101 SET character_set_client = @saved_cs_client */;

--
-- Dumping data for table `drug_prescription`
--

LOCK TABLES `drug_prescription` WRITE;
/*!40000 ALTER TABLE `drug_prescription` DISABLE KEYS */;
INSERT INTO `drug_prescription` VALUES (1,4,5,'11',2,'2011-11-11','11','0002-12-04','2011-11-01',11,2,'11','','',2,'','','\0','\0','\0','\0',6),(3,NULL,6,'dfgdf',3,'2016-03-30','sdf','2016-03-30','2016-09-20',23,803,'asdfasf','','asdasf',2,'asdasd','','','\0','\0','\0',6),(4,NULL,7,'3',2,'2016-04-09','sdfss','2016-04-09','2016-04-13',33,1,'dfsdfs','',NULL,NULL,NULL,NULL,NULL,NULL,NULL,NULL,1),(11,NULL,5,'11',2,'2016-04-26','ssfsd','2016-04-27','2016-04-29',33,2,'dfsdfs','',NULL,NULL,NULL,NULL,NULL,NULL,NULL,NULL,1),(12,NULL,5,'11',2,'2016-04-26','ssfsd','2016-04-27','2016-04-29',33,2,'dfsdfs','',NULL,NULL,NULL,NULL,NULL,NULL,NULL,NULL,1),(13,NULL,5,'11',2,'2016-04-26','ssfsd','2016-04-27','2016-04-29',33,2,'dfsdfs','',NULL,NULL,NULL,NULL,NULL,NULL,NULL,NULL,1),(14,NULL,5,'11',2,'2016-04-26','ssfsd','2016-04-27','2016-04-29',33,2,'dfsdfs','',NULL,NULL,NULL,NULL,NULL,NULL,NULL,NULL,1),(15,NULL,5,'11',2,'2016-04-26','ssfsd','2016-04-27','2016-04-29',33,2,'dfsdfs','',NULL,NULL,NULL,NULL,NULL,NULL,NULL,NULL,1),(16,NULL,5,'11',2,'2016-04-26','ssfsd','2016-04-27','2016-04-29',33,2,'dfsdfs','',NULL,NULL,NULL,NULL,NULL,NULL,NULL,NULL,1),(17,NULL,5,'11',2,'2016-04-26','ssfsd','2016-04-27','2016-04-29',33,2,'dfsdfs','',NULL,NULL,NULL,NULL,NULL,NULL,NULL,NULL,1),(18,NULL,5,'11',2,'2016-04-26','ssfsd','2016-04-27','2016-04-29',33,2,'dfsdfs','',NULL,NULL,NULL,NULL,NULL,NULL,NULL,NULL,1),(19,NULL,5,'11',2,'2016-04-26','ssfsd','2016-04-27','2016-04-29',33,2,'dfsdfs','',NULL,NULL,NULL,NULL,NULL,NULL,NULL,NULL,1),(20,NULL,5,'11',2,'2016-04-26','ssfsd','2016-04-27','2016-04-29',33,2,'dfsdfs','',NULL,NULL,NULL,NULL,NULL,NULL,NULL,NULL,1),(23,NULL,5,'11',2,'2016-04-26','ssfsd','2016-04-27','2016-04-29',33,2,'dfsdfs','',NULL,NULL,NULL,NULL,NULL,NULL,NULL,NULL,1),(24,NULL,5,'11',2,'2016-04-26','ssfsd','2016-04-27','2016-04-29',33,2,'dfsdfs','',NULL,NULL,NULL,NULL,NULL,NULL,NULL,NULL,1),(25,NULL,5,'11',2,'2016-04-26','ssfsd','2016-04-27','2016-04-29',33,2,'dfsdfs','',NULL,NULL,NULL,NULL,NULL,NULL,NULL,NULL,1),(27,NULL,5,'11',2,'2016-04-26','ssfsd','2016-04-27','2016-04-29',33,2,'dfsdfs','',NULL,NULL,NULL,NULL,NULL,NULL,NULL,NULL,1),(28,NULL,5,'11',2,'2016-04-26','ssfsd','2016-04-27','2016-04-29',33,2,'dfsdfs','',NULL,NULL,NULL,NULL,NULL,NULL,NULL,NULL,1),(29,NULL,5,'11',2,'2016-04-26','ssfsd','2016-04-27','2016-04-29',33,2,'dfsdfs','',NULL,NULL,NULL,NULL,NULL,NULL,NULL,NULL,1),(30,NULL,1,'22',4,'2016-04-25','222','2016-04-10','2016-04-27',22,801,'B.4.k.11 Indication for use in the case','','asdfasdf',1,'B.4.k.19 Additional information on drug ','\0','','','\0','\0',6),(31,NULL,5,'ss',2,'2016-04-12','ss','2016-04-13','2016-04-20',1,2,'11','','ss',1,'','\0','\0','\0','\0','\0',1),(32,7,19,NULL,NULL,NULL,NULL,NULL,NULL,NULL,NULL,NULL,NULL,NULL,1,NULL,NULL,NULL,NULL,NULL,NULL,1),(33,9,20,'',NULL,NULL,'',NULL,NULL,NULL,1,'','','eeeeeeeeeeeeeeeeeeeeee',1,'','\0','\0','\0','\0','\0',1),(34,NULL,20,'eeee',2,'2016-09-29','32','2016-09-14','2016-09-29',20,803,'asdas','','ggggggggg',2,'sadf','\0','\0','\0','\0','\0',1),(35,9,21,'3',2,'2016-05-14','33','2016-05-18','2016-05-28',NULL,1,'','','Active Substance Names',1,'','\0','\0','\0','\0','\0',1),(36,5,22,NULL,NULL,NULL,NULL,NULL,NULL,NULL,NULL,NULL,NULL,NULL,1,NULL,NULL,NULL,NULL,NULL,NULL,1),(37,5,23,NULL,NULL,NULL,NULL,NULL,NULL,NULL,NULL,NULL,NULL,NULL,1,NULL,NULL,NULL,NULL,NULL,NULL,1),(38,5,27,NULL,NULL,NULL,NULL,NULL,NULL,NULL,NULL,NULL,NULL,NULL,1,NULL,NULL,NULL,NULL,NULL,NULL,1),(39,NULL,27,'',3,NULL,'',NULL,NULL,NULL,803,'','\0','aaaaaa',2,'','\0','\0','\0','\0','\0',1),(40,5,28,NULL,NULL,NULL,NULL,NULL,NULL,NULL,NULL,NULL,NULL,NULL,1,NULL,NULL,NULL,NULL,NULL,NULL,1),(41,NULL,28,'e.g., 2 mg three times a day for five days',4,NULL,'',NULL,NULL,NULL,803,'','\0','aaaaaaaaa',2,'','\0','','','\0','\0',1),(43,10,30,NULL,NULL,NULL,NULL,NULL,NULL,NULL,NULL,NULL,NULL,NULL,1,NULL,NULL,NULL,NULL,NULL,NULL,1),(44,NULL,29,'10+240',NULL,'2016-05-04','25552221','2016-05-01','2016-05-02',2,803,'','\0','lortadine +pseudoephedrine ',2,'','','\0','\0','\0','\0',1),(46,NULL,31,'150-600 mg in two or three divided doses',NULL,NULL,'','2016-05-22','2016-06-04',14,803,'neuropathic pain ','\0','pregabalin ',1,'','\0','','\0','\0','\0',1),(47,11,32,NULL,NULL,NULL,NULL,NULL,NULL,NULL,NULL,NULL,NULL,NULL,1,NULL,NULL,NULL,NULL,NULL,NULL,1),(48,12,33,'',NULL,NULL,'',NULL,NULL,NULL,803,'','\0','',1,'',NULL,NULL,NULL,NULL,NULL,1),(49,NULL,33,'2',NULL,'2016-08-24','30','2016-08-10','2016-08-24',50,803,'Nope','\0','A new Prespection Friend',2,'Any',NULL,NULL,NULL,NULL,NULL,1),(50,NULL,4,'',NULL,NULL,'',NULL,NULL,NULL,803,'','\0','',2,'',NULL,NULL,NULL,NULL,NULL,1),(51,7,34,NULL,NULL,NULL,NULL,NULL,NULL,NULL,NULL,NULL,NULL,NULL,1,NULL,NULL,NULL,NULL,NULL,NULL,1),(52,7,35,NULL,NULL,NULL,NULL,NULL,NULL,NULL,NULL,NULL,NULL,NULL,1,NULL,NULL,NULL,NULL,NULL,NULL,1),(53,13,36,NULL,NULL,NULL,NULL,NULL,NULL,NULL,NULL,NULL,NULL,NULL,1,NULL,NULL,NULL,NULL,NULL,NULL,1),(54,14,37,NULL,NULL,NULL,NULL,NULL,NULL,NULL,NULL,NULL,NULL,NULL,1,NULL,NULL,NULL,NULL,NULL,NULL,1),(55,16,38,NULL,NULL,NULL,NULL,NULL,NULL,NULL,NULL,NULL,NULL,NULL,1,NULL,NULL,NULL,NULL,NULL,NULL,1),(56,17,39,NULL,NULL,NULL,NULL,NULL,NULL,NULL,NULL,NULL,NULL,NULL,1,NULL,NULL,NULL,NULL,NULL,NULL,1),(57,NULL,36,'jkhasdfkjl',NULL,'2016-09-21','1234124','2016-09-05','2016-09-28',123,802,'asdfsad','','asflkhaskl',2,'Asdfsadf',NULL,NULL,NULL,NULL,NULL,3),(58,7,40,NULL,NULL,NULL,NULL,NULL,NULL,NULL,NULL,NULL,NULL,NULL,1,NULL,NULL,NULL,NULL,NULL,NULL,1),(59,NULL,19,'123',NULL,'2016-09-13','asdf','2016-09-13',NULL,5,803,'asdf','\0','asdfasdf',2,'asdfsdf',NULL,NULL,NULL,NULL,NULL,1),(60,NULL,15,'123123123',NULL,'2016-09-28','123','2016-09-29','2016-09-30',23,803,'asdf','\0','jdfjk',3,'asdfsadf',NULL,NULL,NULL,NULL,NULL,5),(61,NULL,6,'30',NULL,'2016-09-30','123123','2016-09-20','2016-09-30',23,803,'asfasf','\0','asfasf',2,'asfasf',NULL,NULL,NULL,NULL,NULL,1),(62,NULL,15,'25',NULL,'2016-09-29','123','2016-09-28','2016-09-30',23,NULL,'not defined',NULL,'Test',3,'asfasf',NULL,NULL,NULL,NULL,NULL,1),(63,21,43,NULL,NULL,NULL,NULL,NULL,NULL,NULL,NULL,NULL,NULL,NULL,1,NULL,NULL,NULL,NULL,NULL,NULL,1),(64,NULL,15,'OkDose',NULL,'2016-09-21','55555555','2016-09-15','2016-09-28',25,NULL,'eqweqweqwe',NULL,'AfterUpdate',2,'asdffffff',NULL,NULL,NULL,NULL,NULL,6),(65,24,47,'35',NULL,'2016-09-22','25451','2016-09-24','2026-11-05',10,801,'Any Reason Friend','','Any Name Of Substance',3,'Any Additional Infos',NULL,NULL,NULL,NULL,NULL,3),(66,5,41,'2522',NULL,'2016-09-26','25215252','2016-09-25','2016-10-05',10,803,'Any Reason Friend','','Drug PresCription',3,'This IS Additional Info',NULL,NULL,NULL,NULL,NULL,6),(67,NULL,41,'252515',NULL,'2016-09-26','1231234','2016-09-22','2016-09-30',8,803,'asdfsadf','','NextSubstance',2,'asfqwrffff',NULL,NULL,NULL,NULL,NULL,4),(68,NULL,41,'2521515',NULL,'2016-09-29','51515125','2016-09-28','2016-09-30',2,803,'This Is A Reason','','This Is For Drug',1,'fagsfjkasf',NULL,NULL,NULL,NULL,NULL,3),(69,NULL,41,'sadf',NULL,'2016-09-20','saf','2016-09-28','2016-09-30',2,803,'asdfsadf','','asdf',2,'asdfsadf',NULL,NULL,NULL,NULL,NULL,3),(70,8,41,'sadf',NULL,'2016-09-20','saf','2016-09-28','2016-09-30',2,803,'asdfsadf','','asdf',2,'asdfsadf',NULL,NULL,NULL,NULL,NULL,3),(71,8,41,'sadfasdg',NULL,'2016-09-22','14124','2016-09-22','2016-09-30',8,803,'asdfasdg','','asdgasdg',2,'asdfsadg',NULL,NULL,NULL,NULL,NULL,4),(72,NULL,16,'1521231',NULL,'2016-09-22','13124','2016-09-22','2016-09-30',8,803,'asdfasdf','','This Is Active Substance',2,'adsfasdf',NULL,NULL,NULL,NULL,NULL,6),(73,NULL,16,'asdf',NULL,'2016-09-20','asdf','2016-09-30','2016-09-30',0,803,'asdf','','asdfsadf',2,'sadf',NULL,NULL,NULL,NULL,NULL,3),(74,NULL,16,'asdf',NULL,'2016-09-20','asdf','2016-09-30','2016-09-30',0,803,'asdf','','asdfsadf',2,'sadf',NULL,NULL,NULL,NULL,NULL,3),(75,NULL,16,'sadf',NULL,'2016-09-13','sadf','2016-09-07','2016-09-30',23,803,'sadf','','asdfsadf',2,'asdff',NULL,NULL,NULL,NULL,NULL,4),(76,NULL,16,'This Is A Dose',NULL,'2016-09-23','123214','2016-09-14','2016-09-29',15,803,'25151','','Bad Icsr',3,'21515',NULL,NULL,NULL,NULL,NULL,3),(77,4,47,'1515',NULL,'2016-09-29','2151','2016-09-15','2016-09-30',15,803,'asdfasdf','','No Firned',3,'asdfsadf',NULL,NULL,NULL,NULL,NULL,3),(78,7,16,'asdf',NULL,'2016-09-15','123124','2016-09-29','2016-09-30',1,803,'asdfasdf','','Drug Added',2,'asdfsadf',NULL,NULL,NULL,NULL,NULL,4),(79,7,48,NULL,NULL,NULL,NULL,NULL,NULL,NULL,NULL,NULL,NULL,NULL,1,NULL,NULL,NULL,NULL,NULL,NULL,1),(80,7,48,'adfasd',NULL,'2016-09-29','124124','2016-09-16','2016-09-30',14,803,'asdfsad','','ID2',3,'asdf',NULL,NULL,NULL,NULL,NULL,5),(81,24,47,'sadg',NULL,'2016-09-20','asdf','2016-09-20','2016-09-28',8,803,'asdf','','',2,'sadf',NULL,NULL,NULL,NULL,NULL,1),(82,8,49,NULL,NULL,NULL,NULL,NULL,NULL,NULL,NULL,NULL,NULL,NULL,1,NULL,NULL,NULL,NULL,NULL,NULL,1),(83,8,50,NULL,NULL,NULL,NULL,NULL,NULL,NULL,NULL,NULL,NULL,NULL,1,NULL,NULL,NULL,NULL,NULL,NULL,1),(84,8,51,NULL,NULL,NULL,NULL,NULL,NULL,NULL,NULL,NULL,NULL,NULL,1,NULL,NULL,NULL,NULL,NULL,NULL,1),(85,7,52,NULL,NULL,NULL,NULL,NULL,NULL,NULL,NULL,NULL,NULL,NULL,1,NULL,NULL,NULL,NULL,NULL,NULL,1),(86,7,53,NULL,NULL,NULL,NULL,NULL,NULL,NULL,NULL,NULL,NULL,NULL,1,NULL,NULL,NULL,NULL,NULL,NULL,1),(87,7,54,NULL,NULL,NULL,NULL,NULL,NULL,NULL,NULL,NULL,NULL,NULL,1,NULL,NULL,NULL,NULL,NULL,NULL,1),(88,7,55,NULL,NULL,NULL,NULL,NULL,NULL,NULL,NULL,NULL,NULL,NULL,1,NULL,NULL,NULL,NULL,NULL,NULL,1),(89,7,56,NULL,NULL,NULL,NULL,NULL,NULL,NULL,NULL,NULL,NULL,NULL,1,NULL,NULL,NULL,NULL,NULL,NULL,1),(90,7,57,NULL,NULL,NULL,NULL,NULL,NULL,NULL,NULL,NULL,NULL,NULL,1,NULL,NULL,NULL,NULL,NULL,NULL,1),(91,7,58,NULL,NULL,NULL,NULL,NULL,NULL,NULL,NULL,NULL,NULL,NULL,1,NULL,NULL,NULL,NULL,NULL,NULL,1),(92,7,59,NULL,NULL,NULL,NULL,NULL,NULL,NULL,NULL,NULL,NULL,NULL,1,NULL,NULL,NULL,NULL,NULL,NULL,1),(93,7,60,NULL,NULL,NULL,NULL,NULL,NULL,NULL,NULL,NULL,NULL,NULL,1,NULL,NULL,NULL,NULL,NULL,NULL,1),(94,7,61,NULL,NULL,NULL,NULL,NULL,NULL,NULL,NULL,NULL,NULL,NULL,1,NULL,NULL,NULL,NULL,NULL,NULL,1),(95,7,62,NULL,NULL,NULL,NULL,NULL,NULL,NULL,NULL,NULL,NULL,NULL,1,NULL,NULL,NULL,NULL,NULL,NULL,1),(96,7,63,NULL,NULL,NULL,NULL,NULL,NULL,NULL,NULL,NULL,NULL,NULL,1,NULL,NULL,NULL,NULL,NULL,NULL,1),(97,7,64,NULL,NULL,NULL,NULL,NULL,NULL,NULL,NULL,NULL,NULL,NULL,1,NULL,NULL,NULL,NULL,NULL,NULL,1),(98,7,65,NULL,NULL,NULL,NULL,NULL,NULL,NULL,NULL,NULL,NULL,NULL,1,NULL,NULL,NULL,NULL,NULL,NULL,1),(99,7,66,NULL,NULL,NULL,NULL,NULL,NULL,NULL,NULL,NULL,NULL,NULL,1,NULL,NULL,NULL,NULL,NULL,NULL,1),(100,7,67,NULL,NULL,NULL,NULL,NULL,NULL,NULL,NULL,NULL,NULL,NULL,1,NULL,NULL,NULL,NULL,NULL,NULL,1),(101,7,68,NULL,NULL,NULL,NULL,NULL,NULL,NULL,NULL,NULL,NULL,NULL,1,NULL,NULL,NULL,NULL,NULL,NULL,1),(102,7,69,NULL,NULL,NULL,NULL,NULL,NULL,NULL,NULL,NULL,NULL,NULL,1,NULL,NULL,NULL,NULL,NULL,NULL,1),(103,7,70,NULL,NULL,NULL,NULL,NULL,NULL,NULL,NULL,NULL,NULL,NULL,1,NULL,NULL,NULL,NULL,NULL,NULL,1),(104,7,71,NULL,NULL,NULL,NULL,NULL,NULL,NULL,NULL,NULL,NULL,NULL,1,NULL,NULL,NULL,NULL,NULL,NULL,1),(105,7,72,NULL,NULL,NULL,NULL,NULL,NULL,NULL,NULL,NULL,NULL,NULL,1,NULL,NULL,NULL,NULL,NULL,NULL,1),(106,7,73,NULL,NULL,NULL,NULL,NULL,NULL,NULL,NULL,NULL,NULL,NULL,1,NULL,NULL,NULL,NULL,NULL,NULL,1),(107,7,74,NULL,NULL,NULL,NULL,NULL,NULL,NULL,NULL,NULL,NULL,NULL,1,NULL,NULL,NULL,NULL,NULL,NULL,1),(108,7,75,NULL,NULL,NULL,NULL,NULL,NULL,NULL,NULL,NULL,NULL,NULL,1,NULL,NULL,NULL,NULL,NULL,NULL,1),(109,7,76,NULL,NULL,NULL,NULL,NULL,NULL,NULL,NULL,NULL,NULL,NULL,1,NULL,NULL,NULL,NULL,NULL,NULL,1),(110,7,77,NULL,NULL,NULL,NULL,NULL,NULL,NULL,NULL,NULL,NULL,NULL,1,NULL,NULL,NULL,NULL,NULL,NULL,1),(111,7,78,NULL,NULL,NULL,NULL,NULL,NULL,NULL,NULL,NULL,NULL,NULL,1,NULL,NULL,NULL,NULL,NULL,NULL,1),(112,7,79,NULL,NULL,NULL,NULL,NULL,NULL,NULL,NULL,NULL,NULL,NULL,1,NULL,NULL,NULL,NULL,NULL,NULL,1),(113,7,80,NULL,NULL,NULL,NULL,NULL,NULL,NULL,NULL,NULL,NULL,NULL,1,NULL,NULL,NULL,NULL,NULL,NULL,1),(114,7,81,NULL,NULL,NULL,NULL,NULL,NULL,NULL,NULL,NULL,NULL,NULL,1,NULL,NULL,NULL,NULL,NULL,NULL,1),(115,7,82,NULL,NULL,NULL,NULL,NULL,NULL,NULL,NULL,NULL,NULL,NULL,1,NULL,NULL,NULL,NULL,NULL,NULL,1),(116,7,83,NULL,NULL,NULL,NULL,NULL,NULL,NULL,NULL,NULL,NULL,NULL,1,NULL,NULL,NULL,NULL,NULL,NULL,1),(117,7,84,NULL,NULL,NULL,NULL,NULL,NULL,NULL,NULL,NULL,NULL,NULL,1,NULL,NULL,NULL,NULL,NULL,NULL,1),(118,7,85,NULL,NULL,NULL,NULL,NULL,NULL,NULL,NULL,NULL,NULL,NULL,1,NULL,NULL,NULL,NULL,NULL,NULL,1),(119,7,86,NULL,NULL,NULL,NULL,NULL,NULL,NULL,NULL,NULL,NULL,NULL,1,NULL,NULL,NULL,NULL,NULL,NULL,1),(120,7,87,NULL,NULL,NULL,NULL,NULL,NULL,NULL,NULL,NULL,NULL,NULL,1,NULL,NULL,NULL,NULL,NULL,NULL,1),(121,7,88,NULL,NULL,NULL,NULL,NULL,NULL,NULL,NULL,NULL,NULL,NULL,1,NULL,NULL,NULL,NULL,NULL,NULL,1),(122,7,89,NULL,NULL,NULL,NULL,NULL,NULL,NULL,NULL,NULL,NULL,NULL,1,NULL,NULL,NULL,NULL,NULL,NULL,1),(123,7,90,NULL,NULL,NULL,NULL,NULL,NULL,NULL,NULL,NULL,NULL,NULL,1,NULL,NULL,NULL,NULL,NULL,NULL,1),(124,7,91,NULL,NULL,NULL,NULL,NULL,NULL,NULL,NULL,NULL,NULL,NULL,1,NULL,NULL,NULL,NULL,NULL,NULL,1),(125,7,92,NULL,NULL,NULL,NULL,NULL,NULL,NULL,NULL,NULL,NULL,NULL,1,NULL,NULL,NULL,NULL,NULL,NULL,1),(126,7,93,NULL,NULL,NULL,NULL,NULL,NULL,NULL,NULL,NULL,NULL,NULL,1,NULL,NULL,NULL,NULL,NULL,NULL,1),(127,7,94,NULL,NULL,NULL,NULL,NULL,NULL,NULL,NULL,NULL,NULL,NULL,1,NULL,NULL,NULL,NULL,NULL,NULL,1),(128,7,95,NULL,NULL,NULL,NULL,NULL,NULL,NULL,NULL,NULL,NULL,NULL,1,NULL,NULL,NULL,NULL,NULL,NULL,1),(129,7,96,NULL,NULL,NULL,NULL,NULL,NULL,NULL,NULL,NULL,NULL,NULL,1,NULL,NULL,NULL,NULL,NULL,NULL,1),(130,7,97,NULL,NULL,NULL,NULL,NULL,NULL,NULL,NULL,NULL,NULL,NULL,1,NULL,NULL,NULL,NULL,NULL,NULL,1),(131,7,98,NULL,NULL,NULL,NULL,NULL,NULL,NULL,NULL,NULL,NULL,NULL,1,NULL,NULL,NULL,NULL,NULL,NULL,1),(132,7,107,NULL,NULL,NULL,NULL,NULL,NULL,NULL,NULL,NULL,NULL,NULL,1,NULL,NULL,NULL,NULL,NULL,NULL,1),(133,7,108,NULL,NULL,NULL,NULL,NULL,NULL,NULL,NULL,NULL,NULL,NULL,1,NULL,NULL,NULL,NULL,NULL,NULL,1),(134,7,109,NULL,NULL,NULL,NULL,NULL,NULL,NULL,NULL,NULL,NULL,NULL,1,NULL,NULL,NULL,NULL,NULL,NULL,1),(135,7,111,NULL,NULL,NULL,NULL,NULL,NULL,NULL,NULL,NULL,NULL,NULL,1,NULL,NULL,NULL,NULL,NULL,NULL,1),(136,7,113,NULL,NULL,NULL,NULL,NULL,NULL,NULL,NULL,NULL,NULL,NULL,1,NULL,NULL,NULL,NULL,NULL,NULL,1),(137,7,115,NULL,NULL,NULL,NULL,NULL,NULL,NULL,NULL,NULL,NULL,NULL,1,NULL,NULL,NULL,NULL,NULL,NULL,1),(138,7,116,NULL,NULL,NULL,NULL,NULL,NULL,NULL,NULL,NULL,NULL,NULL,1,NULL,NULL,NULL,NULL,NULL,NULL,1),(139,7,118,NULL,NULL,NULL,NULL,NULL,NULL,NULL,NULL,NULL,NULL,NULL,1,NULL,NULL,NULL,NULL,NULL,NULL,1),(140,NULL,118,'',NULL,NULL,'',NULL,NULL,NULL,803,'','\0','asdf',2,'',NULL,NULL,NULL,NULL,NULL,1),(141,NULL,118,'',NULL,NULL,'',NULL,NULL,NULL,803,'','\0','fff',2,'',NULL,NULL,NULL,NULL,NULL,1),(142,NULL,118,'',NULL,NULL,'',NULL,NULL,NULL,803,'','\0','sadasd',2,'',NULL,NULL,NULL,NULL,NULL,1),(143,24,119,NULL,NULL,NULL,NULL,NULL,NULL,NULL,NULL,NULL,NULL,NULL,1,NULL,NULL,NULL,NULL,NULL,NULL,1),(144,24,120,NULL,NULL,NULL,NULL,NULL,NULL,NULL,NULL,NULL,NULL,NULL,1,NULL,NULL,NULL,NULL,NULL,NULL,1),(145,24,121,NULL,NULL,NULL,NULL,NULL,NULL,NULL,NULL,NULL,NULL,NULL,1,NULL,NULL,NULL,NULL,NULL,NULL,1),(146,24,122,NULL,NULL,NULL,NULL,NULL,NULL,NULL,NULL,NULL,NULL,NULL,1,NULL,NULL,NULL,NULL,NULL,NULL,1),(147,24,123,NULL,NULL,NULL,NULL,NULL,NULL,NULL,NULL,NULL,NULL,NULL,1,NULL,NULL,NULL,NULL,NULL,NULL,1),(148,24,124,NULL,NULL,NULL,NULL,NULL,NULL,NULL,NULL,NULL,NULL,NULL,1,NULL,NULL,NULL,NULL,NULL,NULL,1),(149,24,125,NULL,NULL,NULL,NULL,NULL,NULL,NULL,NULL,NULL,NULL,NULL,1,NULL,NULL,NULL,NULL,NULL,NULL,1),(150,24,126,NULL,NULL,NULL,NULL,NULL,NULL,NULL,NULL,NULL,NULL,NULL,1,NULL,NULL,NULL,NULL,NULL,NULL,1),(151,24,127,NULL,NULL,NULL,NULL,NULL,NULL,NULL,NULL,NULL,NULL,NULL,1,NULL,NULL,NULL,NULL,NULL,NULL,1),(152,24,128,NULL,NULL,NULL,NULL,NULL,NULL,NULL,NULL,NULL,NULL,NULL,1,NULL,NULL,NULL,NULL,NULL,NULL,1),(153,24,131,NULL,NULL,NULL,NULL,NULL,NULL,NULL,NULL,NULL,NULL,NULL,1,NULL,NULL,NULL,NULL,NULL,NULL,1),(154,24,132,NULL,NULL,NULL,NULL,NULL,NULL,NULL,NULL,NULL,NULL,NULL,1,NULL,NULL,NULL,NULL,NULL,NULL,1),(155,25,133,NULL,NULL,NULL,NULL,NULL,NULL,NULL,NULL,NULL,NULL,NULL,1,NULL,NULL,NULL,NULL,NULL,NULL,1),(156,25,134,NULL,NULL,NULL,NULL,NULL,NULL,NULL,NULL,NULL,NULL,NULL,1,NULL,NULL,NULL,NULL,NULL,NULL,1),(157,25,135,NULL,NULL,NULL,NULL,NULL,NULL,NULL,NULL,NULL,NULL,NULL,1,NULL,NULL,NULL,NULL,NULL,NULL,1),(158,NULL,135,'',NULL,NULL,'',NULL,NULL,NULL,803,'','\0','',2,'',NULL,NULL,NULL,NULL,NULL,1),(159,NULL,135,'',NULL,NULL,'',NULL,NULL,NULL,803,'','\0','sdlkfsl;adkf;laskd;f',2,'',NULL,NULL,NULL,NULL,NULL,1),(160,25,136,NULL,NULL,NULL,NULL,NULL,NULL,NULL,NULL,NULL,NULL,NULL,1,NULL,NULL,NULL,NULL,NULL,NULL,1),(161,25,137,NULL,NULL,NULL,NULL,NULL,NULL,NULL,NULL,NULL,NULL,NULL,1,NULL,NULL,NULL,NULL,NULL,NULL,1),(162,25,138,NULL,NULL,NULL,NULL,NULL,NULL,NULL,NULL,NULL,NULL,NULL,1,NULL,NULL,NULL,NULL,NULL,NULL,1),(163,26,139,NULL,NULL,NULL,NULL,NULL,NULL,NULL,NULL,NULL,NULL,NULL,1,NULL,NULL,NULL,NULL,NULL,NULL,1),(164,27,140,NULL,NULL,NULL,NULL,NULL,NULL,NULL,NULL,NULL,NULL,NULL,1,NULL,NULL,NULL,NULL,NULL,NULL,1),(165,NULL,139,'12312klj',NULL,'2016-09-30','21212','2016-09-29','2016-10-14',15,803,'Any Reason','','ANyName',2,'Additionalsd as',NULL,NULL,NULL,NULL,NULL,5),(166,32,141,'',NULL,NULL,'','2016-09-30','2016-09-30',NULL,802,'','\0','asd',1,'',NULL,NULL,NULL,NULL,NULL,3),(167,32,142,NULL,NULL,NULL,NULL,NULL,NULL,NULL,NULL,NULL,NULL,NULL,1,NULL,NULL,NULL,NULL,NULL,NULL,1),(168,32,143,NULL,NULL,NULL,NULL,NULL,NULL,NULL,NULL,NULL,NULL,NULL,1,NULL,NULL,NULL,NULL,NULL,NULL,1),(169,32,144,NULL,NULL,NULL,NULL,NULL,NULL,NULL,NULL,NULL,NULL,NULL,1,NULL,NULL,NULL,NULL,NULL,NULL,1),(170,36,145,NULL,NULL,NULL,NULL,NULL,NULL,NULL,NULL,NULL,NULL,NULL,1,NULL,NULL,NULL,NULL,NULL,NULL,1),(171,NULL,145,'12151',NULL,'2016-09-29','51515125','2016-09-23','2016-09-30',7,803,'Any reason ','','This is a drug prescription',3,'This is a additional info',NULL,NULL,NULL,NULL,NULL,3),(172,38,146,NULL,NULL,NULL,NULL,NULL,NULL,NULL,NULL,NULL,NULL,NULL,1,NULL,NULL,NULL,NULL,NULL,NULL,1),(173,NULL,146,'',NULL,NULL,'',NULL,NULL,NULL,803,'','\0','asdf',2,'',NULL,NULL,NULL,NULL,NULL,1),(174,NULL,146,'asdf',NULL,'2016-10-21','sadf','2016-10-19','2016-10-29',10,803,'asdf','','fasdf',2,'sdf',NULL,NULL,NULL,NULL,NULL,3),(175,NULL,146,'',NULL,NULL,'',NULL,NULL,NULL,803,'','\0','nkj',2,'',NULL,NULL,NULL,NULL,NULL,1),(176,37,147,NULL,NULL,NULL,NULL,NULL,NULL,NULL,NULL,NULL,NULL,NULL,1,NULL,NULL,NULL,NULL,NULL,NULL,1),(177,37,148,NULL,NULL,NULL,NULL,NULL,NULL,NULL,NULL,NULL,NULL,NULL,1,NULL,NULL,NULL,NULL,NULL,NULL,1),(178,39,149,NULL,NULL,NULL,NULL,NULL,NULL,NULL,NULL,NULL,NULL,NULL,1,NULL,NULL,NULL,NULL,NULL,NULL,1),(179,40,150,NULL,NULL,NULL,NULL,NULL,NULL,NULL,NULL,NULL,NULL,NULL,1,NULL,NULL,NULL,NULL,NULL,NULL,1),(180,40,151,NULL,NULL,NULL,NULL,NULL,NULL,NULL,NULL,NULL,NULL,NULL,1,NULL,NULL,NULL,NULL,NULL,NULL,1),(181,40,152,NULL,NULL,NULL,NULL,NULL,NULL,NULL,NULL,NULL,NULL,NULL,1,NULL,NULL,NULL,NULL,NULL,NULL,1),(182,40,153,NULL,NULL,NULL,NULL,NULL,NULL,NULL,NULL,NULL,NULL,NULL,1,NULL,NULL,NULL,NULL,NULL,NULL,1),(183,40,154,NULL,NULL,NULL,NULL,NULL,NULL,NULL,NULL,NULL,NULL,NULL,1,NULL,NULL,NULL,NULL,NULL,NULL,1),(184,41,155,NULL,NULL,NULL,NULL,NULL,NULL,NULL,NULL,NULL,NULL,NULL,1,NULL,NULL,NULL,NULL,NULL,NULL,1),(185,41,156,NULL,NULL,NULL,NULL,NULL,NULL,NULL,NULL,NULL,NULL,NULL,1,NULL,NULL,NULL,NULL,NULL,NULL,1),(186,NULL,156,'sadf',NULL,NULL,'',NULL,NULL,NULL,803,'sadf','\0','',2,'asdf',NULL,NULL,NULL,NULL,NULL,1),(187,41,157,NULL,NULL,NULL,NULL,NULL,NULL,NULL,NULL,NULL,NULL,NULL,1,NULL,NULL,NULL,NULL,NULL,NULL,1),(188,41,158,NULL,NULL,NULL,NULL,NULL,NULL,NULL,NULL,NULL,NULL,NULL,1,NULL,NULL,NULL,NULL,NULL,NULL,1),(189,41,159,NULL,NULL,NULL,NULL,NULL,NULL,NULL,NULL,NULL,NULL,NULL,1,NULL,NULL,NULL,NULL,NULL,NULL,1),(190,41,160,NULL,NULL,NULL,NULL,NULL,NULL,NULL,NULL,NULL,NULL,NULL,1,NULL,NULL,NULL,NULL,NULL,NULL,1),(191,41,161,NULL,NULL,NULL,NULL,NULL,NULL,NULL,NULL,NULL,NULL,NULL,1,NULL,NULL,NULL,NULL,NULL,NULL,1),(192,41,162,NULL,NULL,NULL,NULL,NULL,NULL,NULL,NULL,NULL,NULL,NULL,1,NULL,NULL,NULL,NULL,NULL,NULL,1),(193,41,163,NULL,NULL,NULL,NULL,NULL,NULL,NULL,NULL,NULL,NULL,NULL,1,NULL,NULL,NULL,NULL,NULL,NULL,1),(194,41,164,NULL,NULL,NULL,NULL,NULL,NULL,NULL,NULL,NULL,NULL,NULL,1,NULL,NULL,NULL,NULL,NULL,NULL,1),(195,41,165,NULL,NULL,NULL,NULL,NULL,NULL,NULL,NULL,NULL,NULL,NULL,1,NULL,NULL,NULL,NULL,NULL,NULL,1),(196,41,166,NULL,NULL,NULL,NULL,NULL,NULL,NULL,NULL,NULL,NULL,NULL,1,NULL,NULL,NULL,NULL,NULL,NULL,1),(197,41,167,NULL,NULL,NULL,NULL,NULL,NULL,NULL,NULL,NULL,NULL,NULL,1,NULL,NULL,NULL,NULL,NULL,NULL,1),(198,41,168,NULL,NULL,NULL,NULL,NULL,NULL,NULL,NULL,NULL,NULL,NULL,1,NULL,NULL,NULL,NULL,NULL,NULL,1),(199,41,169,NULL,NULL,NULL,NULL,NULL,NULL,NULL,NULL,NULL,NULL,NULL,1,NULL,NULL,NULL,NULL,NULL,NULL,1),(200,41,170,NULL,NULL,NULL,NULL,NULL,NULL,NULL,NULL,NULL,NULL,NULL,1,NULL,NULL,NULL,NULL,NULL,NULL,1),(201,41,171,NULL,NULL,NULL,NULL,NULL,NULL,NULL,NULL,NULL,NULL,NULL,1,NULL,NULL,NULL,NULL,NULL,NULL,1),(202,41,172,NULL,NULL,NULL,NULL,NULL,NULL,NULL,NULL,NULL,NULL,NULL,1,NULL,NULL,NULL,NULL,NULL,NULL,1),(203,41,173,NULL,NULL,NULL,NULL,NULL,NULL,NULL,NULL,NULL,NULL,NULL,1,NULL,NULL,NULL,NULL,NULL,NULL,1),(204,41,174,NULL,NULL,NULL,NULL,NULL,NULL,NULL,NULL,NULL,NULL,NULL,1,NULL,NULL,NULL,NULL,NULL,NULL,1),(205,41,175,NULL,NULL,NULL,NULL,NULL,NULL,NULL,NULL,NULL,NULL,NULL,1,NULL,NULL,NULL,NULL,NULL,NULL,1),(206,41,176,NULL,NULL,NULL,NULL,NULL,NULL,NULL,NULL,NULL,NULL,NULL,1,NULL,NULL,NULL,NULL,NULL,NULL,1),(207,41,177,NULL,NULL,NULL,NULL,NULL,NULL,NULL,NULL,NULL,NULL,NULL,1,NULL,NULL,NULL,NULL,NULL,NULL,1),(208,41,178,NULL,NULL,NULL,NULL,NULL,NULL,NULL,NULL,NULL,NULL,NULL,1,NULL,NULL,NULL,NULL,NULL,NULL,1),(209,41,179,NULL,NULL,NULL,NULL,NULL,NULL,NULL,NULL,NULL,NULL,NULL,1,NULL,NULL,NULL,NULL,NULL,NULL,1),(210,41,180,NULL,NULL,NULL,NULL,NULL,NULL,NULL,NULL,NULL,NULL,NULL,1,NULL,NULL,NULL,NULL,NULL,NULL,1),(211,41,181,NULL,NULL,NULL,NULL,NULL,NULL,NULL,NULL,NULL,NULL,NULL,1,NULL,NULL,NULL,NULL,NULL,NULL,1),(212,41,182,NULL,NULL,NULL,NULL,NULL,NULL,NULL,NULL,NULL,NULL,NULL,1,NULL,NULL,NULL,NULL,NULL,NULL,1),(213,41,183,NULL,NULL,NULL,NULL,NULL,NULL,NULL,NULL,NULL,NULL,NULL,1,NULL,NULL,NULL,NULL,NULL,NULL,1),(214,41,184,NULL,NULL,NULL,NULL,NULL,NULL,NULL,NULL,NULL,NULL,NULL,1,NULL,NULL,NULL,NULL,NULL,NULL,1),(215,41,185,NULL,NULL,NULL,NULL,NULL,NULL,NULL,NULL,NULL,NULL,NULL,1,NULL,NULL,NULL,NULL,NULL,NULL,1),(216,41,186,NULL,NULL,NULL,NULL,NULL,NULL,NULL,NULL,NULL,NULL,NULL,1,NULL,NULL,NULL,NULL,NULL,NULL,1),(217,41,187,NULL,NULL,NULL,NULL,NULL,NULL,NULL,NULL,NULL,NULL,NULL,1,NULL,NULL,NULL,NULL,NULL,NULL,1),(218,41,188,NULL,NULL,NULL,NULL,NULL,NULL,NULL,NULL,NULL,NULL,NULL,1,NULL,NULL,NULL,NULL,NULL,NULL,1),(219,41,189,NULL,NULL,NULL,NULL,NULL,NULL,NULL,NULL,NULL,NULL,NULL,1,NULL,NULL,NULL,NULL,NULL,NULL,1),(220,42,190,'25 dose',NULL,'2016-10-21','26551515','2016-10-12','2016-10-31',19,803,'this is  a reason for using drug','\0','Substance Drug name',1,'Another additional info for drug',NULL,NULL,NULL,NULL,NULL,3),(221,41,191,'',NULL,NULL,'','2016-10-12','2016-10-27',15,803,'','\0','',3,'',NULL,NULL,NULL,NULL,NULL,1),(222,41,192,'this is the dose 2 gm',NULL,'2016-10-28','this is lot num 123333','2016-10-25','2170-11-12',56265,803,'this is the reaon of use','','Active substance name here',1,'this is drug additional info',NULL,NULL,NULL,NULL,NULL,3),(223,41,193,NULL,NULL,NULL,NULL,NULL,NULL,NULL,NULL,NULL,NULL,NULL,1,NULL,NULL,NULL,NULL,NULL,NULL,1),(226,46,196,'',NULL,NULL,'',NULL,NULL,NULL,803,'','\0','Test Substance nameasdfasdf asdf sdfasdf asdmf,m ashdfj asdkjlfh ksdajhf kljsadhklj fhkslad hflkasdh',1,'',NULL,NULL,NULL,NULL,NULL,1),(227,46,197,NULL,NULL,NULL,NULL,NULL,NULL,NULL,NULL,NULL,NULL,NULL,1,NULL,NULL,NULL,NULL,NULL,NULL,1),(228,46,198,'',NULL,NULL,'',NULL,NULL,NULL,803,'','\0','aa',1,'',NULL,NULL,NULL,NULL,NULL,1),(229,46,199,NULL,NULL,NULL,NULL,NULL,NULL,NULL,NULL,NULL,NULL,NULL,1,NULL,NULL,NULL,NULL,NULL,NULL,1),(230,46,200,NULL,NULL,NULL,NULL,NULL,NULL,NULL,NULL,NULL,NULL,NULL,1,NULL,NULL,NULL,NULL,NULL,NULL,1),(231,47,201,'',NULL,NULL,'',NULL,NULL,NULL,803,'','\0','',3,'',NULL,NULL,NULL,NULL,NULL,1),(232,47,202,NULL,NULL,NULL,NULL,NULL,NULL,NULL,NULL,NULL,NULL,NULL,1,NULL,NULL,NULL,NULL,NULL,NULL,1),(233,47,203,NULL,NULL,NULL,NULL,NULL,NULL,NULL,NULL,NULL,NULL,NULL,1,NULL,NULL,NULL,NULL,NULL,NULL,1),(234,47,204,NULL,NULL,NULL,NULL,NULL,NULL,NULL,NULL,NULL,NULL,NULL,1,NULL,NULL,NULL,NULL,NULL,NULL,1),(235,47,205,NULL,NULL,NULL,NULL,NULL,NULL,NULL,NULL,NULL,NULL,NULL,1,NULL,NULL,NULL,NULL,NULL,NULL,1),(236,46,206,NULL,NULL,NULL,NULL,NULL,NULL,NULL,NULL,NULL,NULL,NULL,1,NULL,NULL,NULL,NULL,NULL,NULL,1),(237,37,207,NULL,NULL,NULL,NULL,NULL,NULL,NULL,NULL,NULL,NULL,NULL,1,NULL,NULL,NULL,NULL,NULL,NULL,1),(238,49,208,NULL,NULL,NULL,NULL,NULL,NULL,NULL,NULL,NULL,NULL,NULL,1,NULL,NULL,NULL,NULL,NULL,NULL,1),(239,37,209,NULL,NULL,NULL,NULL,NULL,NULL,NULL,NULL,NULL,NULL,NULL,1,NULL,NULL,NULL,NULL,NULL,NULL,1),(240,41,210,NULL,NULL,NULL,NULL,NULL,NULL,NULL,NULL,NULL,NULL,NULL,1,NULL,NULL,NULL,NULL,NULL,NULL,1),(241,41,211,NULL,NULL,NULL,NULL,NULL,NULL,NULL,NULL,NULL,NULL,NULL,1,NULL,NULL,NULL,NULL,NULL,NULL,1),(242,50,212,'',NULL,NULL,'',NULL,NULL,NULL,803,'','\0','',1,'',NULL,NULL,NULL,NULL,NULL,1),(243,NULL,212,'',NULL,NULL,'',NULL,NULL,NULL,803,'','\0','',2,'',NULL,NULL,NULL,NULL,NULL,1),(244,36,217,NULL,NULL,NULL,NULL,NULL,NULL,NULL,NULL,NULL,NULL,NULL,1,NULL,NULL,NULL,NULL,NULL,NULL,1),(245,36,218,NULL,NULL,NULL,NULL,NULL,NULL,NULL,NULL,NULL,NULL,NULL,1,NULL,NULL,NULL,NULL,NULL,NULL,1),(246,36,219,NULL,NULL,NULL,NULL,NULL,NULL,NULL,NULL,NULL,NULL,NULL,1,NULL,NULL,NULL,NULL,NULL,NULL,1),(247,59,220,NULL,NULL,NULL,NULL,NULL,NULL,NULL,NULL,NULL,NULL,NULL,1,NULL,NULL,NULL,NULL,NULL,NULL,1);
/*!40000 ALTER TABLE `drug_prescription` ENABLE KEYS */;
UNLOCK TABLES;

--
-- Table structure for table `icsr`
--

DROP TABLE IF EXISTS `icsr`;
/*!40101 SET @saved_cs_client     = @@character_set_client */;
/*!40101 SET character_set_client = utf8 */;
CREATE TABLE `icsr` (
  `id` int(11) NOT NULL AUTO_INCREMENT,
  `drug_id` int(11) NOT NULL,
  `patient_identifier` varchar(45) DEFAULT NULL,
  `patient_age` decimal(10,2) DEFAULT NULL,
  `patient_age_unit` int(11) DEFAULT NULL,
  `patient_birth_date` date DEFAULT NULL,
  `patient_weight` decimal(10,2) DEFAULT NULL,
  `patient_weight_unit` int(11) DEFAULT NULL,
  `extra_history` varchar(45) DEFAULT NULL,
  `report_type` int(11) DEFAULT NULL,
  `is_serious` bit(1) DEFAULT NULL,
  `results_in_death` bit(1) DEFAULT NULL,
  `life_threatening` bit(1) DEFAULT NULL,
  `requires_hospitalization` bit(1) DEFAULT NULL,
  `results_in_disability` bit(1) DEFAULT NULL,
  `is_congenital_anomaly` bit(1) DEFAULT NULL,
  `others_significant` bit(1) DEFAULT NULL,
  `reaction_country_id` int(11) NOT NULL DEFAULT '1',
  `created_at` datetime DEFAULT NULL,
  `updated_at` datetime DEFAULT NULL,
  `created_by` int(11) NOT NULL DEFAULT '1',
  PRIMARY KEY (`id`),
  KEY `fk_icsr_drug1_idx` (`drug_id`),
  KEY `fk_icsr_country` (`reaction_country_id`),
  KEY `idx-icsr-created_by` (`created_by`)
) ENGINE=InnoDB AUTO_INCREMENT=221 DEFAULT CHARSET=utf8;
/*!40101 SET character_set_client = @saved_cs_client */;

--
-- Dumping data for table `icsr`
--

LOCK TABLES `icsr` WRITE;
/*!40000 ALTER TABLE `icsr` DISABLE KEYS */;
INSERT INTO `icsr` VALUES (1,7,'ad',22.00,803,'2002-11-15',22.00,2,'dfgdsfgdfg',2,'\0','\0','\0','\0','\0','\0','\0',1,'2016-10-21 08:03:29',NULL,1),(4,2,'sdfsd',66.00,803,'2016-09-01',NULL,1,'',NULL,'\0',NULL,NULL,NULL,NULL,NULL,NULL,1,'2016-10-21 08:03:29',NULL,1),(5,5,'Patient Identifier zzz',123.00,801,'2002-12-26',12.00,1,'1231www',1,'\0','\0','\0','','','\0','\0',1,'2016-10-21 08:03:29',NULL,1),(6,5,'as ',1.00,803,'2004-07-29',1.00,1,'11',3,'\0','\0','\0','\0','\0','\0','\0',1,'2016-10-21 08:03:29',NULL,1),(7,9,'Aly',5.00,803,'2016-04-09',40.00,1,'this patent has this before ',NULL,'\0',NULL,NULL,NULL,NULL,NULL,NULL,1,'2016-10-21 08:03:29',NULL,1),(8,5,'rr',33.00,803,'2016-05-24',33.00,1,'sdas',NULL,'\0',NULL,NULL,NULL,NULL,NULL,NULL,1,'2016-10-21 08:03:29',NULL,1),(9,5,'rr',33.00,803,'2016-05-24',33.00,1,'sdas',NULL,'\0',NULL,NULL,NULL,NULL,NULL,NULL,1,'2016-10-21 08:03:29',NULL,1),(10,5,'rr',33.00,803,'2016-05-24',33.00,1,'sdas',NULL,'\0',NULL,NULL,NULL,NULL,NULL,NULL,1,'2016-10-21 08:03:29',NULL,1),(11,5,'rr',33.00,803,'2016-05-24',33.00,1,'sdas',NULL,'\0',NULL,NULL,NULL,NULL,NULL,NULL,1,'2016-10-21 08:03:29',NULL,1),(12,5,'rr',33.00,803,'2016-05-24',33.00,1,'sdas',NULL,'\0',NULL,NULL,NULL,NULL,NULL,NULL,1,'2016-10-21 08:03:29',NULL,1),(13,5,'rr',33.00,803,'2016-05-24',33.00,1,'sdas',NULL,'\0',NULL,NULL,NULL,NULL,NULL,NULL,1,'2016-10-21 08:03:29',NULL,1),(14,5,'rr',33.00,803,'2016-05-24',33.00,1,'sdas',NULL,'\0',NULL,NULL,NULL,NULL,NULL,NULL,1,'2016-10-21 08:03:29',NULL,1),(15,7,'adsdddaqwe123',2.00,803,'1993-09-18',123.00,1,'sadfasdf',2,'','\0','','\0','\0','\0','\0',1,'2016-10-21 08:03:29',NULL,1),(16,7,'q13',NULL,803,'1993-09-18',NULL,1,'',1,'','\0','','','\0','\0','\0',1,'2016-10-21 08:03:29',NULL,1),(17,7,'q2',NULL,803,'1993-09-18',NULL,1,'',NULL,'\0',NULL,NULL,NULL,NULL,NULL,NULL,1,'2016-10-21 08:03:29',NULL,1),(18,7,'q23',NULL,803,'1993-09-18',NULL,1,'',2,'\0','\0','\0','\0','\0','\0','\0',1,'2016-10-21 08:03:29',NULL,1),(19,7,'q22',NULL,803,'1993-09-18',NULL,1,'',1,'\0','\0','\0','\0','\0','\0','\0',1,'2016-10-21 08:03:29',NULL,1),(20,9,'asf12',25.00,803,'2016-08-31',30.00,1,'Extra History Friend',2,'','\0','\0','','','\0','\0',1,'2016-10-21 08:03:29',NULL,1),(21,9,'ttttttttttttttttttef',44.00,803,'2016-05-23',NULL,1,'eeeee',1,'\0','\0','\0','\0','\0','\0','\0',1,'2016-10-21 08:03:29',NULL,1),(22,5,'Patient Loloooooo',NULL,803,'1993-09-18',NULL,1,'',1,'\0','\0','\0','\0','\0','\0','\0',1,'2016-10-21 08:03:29',NULL,1),(23,5,'dsdsdfs',12.00,802,'2016-05-26',1111.00,2,'',2,'','\0','','','\0','\0','\0',1,'2016-10-21 08:03:29',NULL,1),(24,5,'Patient Identifier 12',NULL,803,'1993-09-18',NULL,1,'',NULL,'\0','\0','\0','\0','\0','\0','\0',1,'2016-10-21 08:03:29',NULL,1),(25,5,'Patient Identifier 12',NULL,803,'1993-09-18',NULL,1,'',NULL,'\0','\0','\0','\0','\0','\0','\0',1,'2016-10-21 08:03:29',NULL,1),(26,5,'hhh',NULL,803,'1993-09-18',NULL,1,'',1,'\0','\0','\0','\0','\0','\0','\0',1,'2016-10-21 08:03:29',NULL,1),(27,5,'',NULL,803,'1993-09-18',NULL,1,'',1,'\0','\0','\0','\0','\0','\0','\0',1,'2016-10-21 08:03:29',NULL,1),(28,5,'133',NULL,803,'1993-09-18',NULL,1,'',1,'\0','\0','\0','\0','\0','\0','\0',1,'2016-10-21 08:03:29',NULL,1),(29,10,'pppppp',18.00,801,'2010-03-09',50.00,1,'',1,'','\0','\0','\0','\0','\0','\0',1,'2016-10-21 08:03:29',NULL,1),(30,10,'',NULL,803,'1993-09-18',NULL,1,'',NULL,'\0','\0','\0','\0','\0','\0','\0',1,'2016-10-21 08:03:29',NULL,1),(31,11,'ahmed mahmoud ',40.00,801,'1976-05-20',NULL,1,'',1,'\0','\0','\0','\0','\0','\0','\0',1,'2016-10-21 08:03:29',NULL,1),(32,11,'karim hassan',20.00,801,'1986-04-09',60.00,1,'',1,'\0','\0','\0','\0','\0','\0','\0',1,'2016-10-21 08:03:29',NULL,1),(33,12,'NAF',60.00,803,'2016-08-17',50.00,1,'',2,'','','','','\0','\0','\0',1,'2016-10-21 08:03:29',NULL,1),(34,7,'Any Identifierrs',10.00,801,'2006-09-25',25.00,1,'This is a history',2,'','\0','\0','','','','\0',2,'2016-10-21 08:03:29',NULL,1),(35,7,'asdfsadf',NULL,803,'1993-09-18',NULL,1,'',NULL,'\0','\0','\0','\0','\0','\0','\0',1,'2016-10-21 08:03:29',NULL,1),(36,13,'Ali Hamed',23.00,802,'2016-09-15',25.00,1,'this is an extra history',1,'','\0','','','','\0','\0',1,'2016-10-21 08:03:29',NULL,1),(37,14,'Hasssan',12.00,802,'2016-09-08',25.00,1,'this is  a history',1,'','\0','\0','','','','\0',1,'2016-10-21 08:03:29',NULL,1),(38,16,'ali',25.00,802,'2016-09-14',25.00,1,'this is history',1,'','\0','','','','\0','\0',1,'2016-10-21 08:03:29',NULL,1),(39,17,'test icsr',33.00,803,'2016-09-14',25.00,1,'this is a history of patient',1,'','','','','\0','\0','\0',1,'2016-10-21 08:03:29',NULL,1),(40,7,'sd',25.00,802,'2014-08-06',30.00,1,'255',1,'','\0','','','\0','\0','\0',1,'2016-10-21 08:03:29',NULL,1),(41,8,'Ahmed',22.00,803,'2016-08-26',50.00,1,'asfasf',3,'','\0','\0','','','\0','\0',1,'2016-10-21 08:03:29',NULL,1),(42,21,'hello',123.00,802,'2016-09-22',25.00,1,'asf',2,'','\0','','\0','\0','\0','\0',1,'2016-10-21 08:03:29',NULL,1),(43,21,'hellodsdd',123.00,802,'2016-09-22',25.00,1,'asf',2,'','\0','','\0','\0','\0','\0',1,'2016-10-21 08:03:29',NULL,1),(44,7,'12414',34.00,803,'2016-08-20',123.00,1,'asdf',NULL,'','','','\0','\0','\0','\0',1,'2016-10-21 08:03:29',NULL,1),(45,7,'asdf',34.00,803,'2016-08-20',123.00,1,'asdf',1,'','','','\0','\0','\0','\0',1,'2016-10-21 08:03:29',NULL,1),(46,7,'Testtttttto',123.00,803,'2016-05-23',123.00,1,'asadf',1,'','\0','','','','\0','\0',1,'2016-10-21 08:03:29',NULL,1),(47,24,'FirstIcsr',35.00,803,'2016-08-20',25.00,1,'This Is An Extra History',1,'','\0','','','\0','\0','\0',1,'2016-10-21 08:03:29',NULL,1),(48,7,'Cycle',23.00,803,'2016-09-02',123.00,1,'sadf',3,'','\0','','','\0','\0','\0',2,'2016-10-21 08:03:29',NULL,1),(49,8,'Ahmed',23.00,803,'2016-09-02',25.00,1,'sadf',2,'','\0','','','\0','\0','\0',1,'2016-10-21 08:03:29',NULL,1),(50,8,'Ahmed',10.00,803,'2016-09-15',25.00,1,'asdfdsaf',3,'','\0','\0','','','\0','\0',1,'2016-10-21 08:03:29',NULL,1),(51,8,'Ahmed',11.00,803,'2016-09-14',NULL,1,'',NULL,'\0','\0','\0','\0','\0','\0','\0',1,'2016-10-21 08:03:29',NULL,1),(52,7,'Ahmed',23.00,803,'2016-09-02',NULL,1,'',NULL,'','\0','\0','\0','\0','\0','\0',1,'2016-10-21 08:03:29',NULL,1),(53,7,'',NULL,803,NULL,NULL,1,'',NULL,'\0','\0','\0','\0','\0','\0','\0',1,'2016-10-21 08:03:29',NULL,1),(54,7,'',NULL,803,NULL,NULL,1,'',NULL,'\0','\0','\0','\0','\0','\0','\0',1,'2016-10-21 08:03:29',NULL,1),(55,7,'',NULL,803,NULL,NULL,1,'',NULL,'\0','\0','\0','\0','\0','\0','\0',1,'2016-10-21 08:03:29',NULL,1),(56,7,'',NULL,803,NULL,NULL,1,'',NULL,'\0','\0','\0','\0','\0','\0','\0',1,'2016-10-21 08:03:29',NULL,1),(57,7,'',NULL,803,NULL,NULL,1,'',NULL,'\0','\0','\0','\0','\0','\0','\0',1,'2016-10-21 08:03:29',NULL,1),(58,7,'',NULL,803,NULL,NULL,1,'',NULL,'\0','\0','\0','\0','\0','\0','\0',1,'2016-10-21 08:03:29',NULL,1),(59,7,'',NULL,803,NULL,NULL,1,'',NULL,'\0','\0','\0','\0','\0','\0','\0',1,'2016-10-21 08:03:29',NULL,1),(60,7,'',NULL,803,NULL,NULL,1,'',NULL,'\0','\0','\0','\0','\0','\0','\0',1,'2016-10-21 08:03:29',NULL,1),(61,7,'',NULL,803,NULL,NULL,1,'',NULL,'\0','\0','\0','\0','\0','\0','\0',1,'2016-10-21 08:03:29',NULL,1),(62,7,'',NULL,803,NULL,NULL,1,'',NULL,'\0','\0','\0','\0','\0','\0','\0',1,'2016-10-21 08:03:29',NULL,1),(63,7,'',NULL,803,NULL,NULL,1,'',NULL,'\0','\0','\0','\0','\0','\0','\0',1,'2016-10-21 08:03:29',NULL,1),(64,7,'',NULL,803,NULL,NULL,1,'',NULL,'\0','\0','\0','\0','\0','\0','\0',1,'2016-10-21 08:03:29',NULL,1),(65,7,'',NULL,803,NULL,NULL,1,'',NULL,'\0','\0','\0','\0','\0','\0','\0',1,'2016-10-21 08:03:29',NULL,1),(66,7,'',NULL,803,NULL,NULL,1,'',NULL,'\0','\0','\0','\0','\0','\0','\0',1,'2016-10-21 08:03:29',NULL,1),(67,7,'new',NULL,803,NULL,NULL,1,'',NULL,'\0','\0','\0','\0','\0','\0','\0',1,'2016-10-21 08:03:29',NULL,1),(68,7,'asdf',NULL,803,NULL,NULL,1,'',NULL,'\0','\0','\0','\0','\0','\0','\0',1,'2016-10-21 08:03:29',NULL,1),(69,7,'new',NULL,803,NULL,NULL,1,'',NULL,'\0','\0','\0','\0','\0','\0','\0',1,'2016-10-21 08:03:29',NULL,1),(70,7,'new',NULL,803,NULL,NULL,1,'',NULL,'\0','\0','\0','\0','\0','\0','\0',1,'2016-10-21 08:03:29',NULL,1),(71,7,'new',NULL,803,NULL,NULL,1,'',NULL,'\0','\0','\0','\0','\0','\0','\0',1,'2016-10-21 08:03:29',NULL,1),(72,7,'',NULL,803,NULL,NULL,1,'',NULL,'\0','\0','\0','\0','\0','\0','\0',1,'2016-10-21 08:03:29',NULL,1),(73,7,'',NULL,803,NULL,NULL,1,'',NULL,'\0','\0','\0','\0','\0','\0','\0',1,'2016-10-21 08:03:29',NULL,1),(74,7,'new',NULL,803,NULL,NULL,1,'',NULL,'\0','\0','\0','\0','\0','\0','\0',1,'2016-10-21 08:03:29',NULL,1),(75,7,'',NULL,803,NULL,NULL,1,'',NULL,'\0','\0','\0','\0','\0','\0','\0',1,'2016-10-21 08:03:29',NULL,1),(76,7,'This Is Very New',NULL,803,NULL,NULL,1,'',NULL,'\0','\0','\0','\0','\0','\0','\0',1,'2016-10-21 08:03:29',NULL,1),(77,7,'A new No',NULL,803,NULL,NULL,1,'',NULL,'\0','\0','\0','\0','\0','\0','\0',1,'2016-10-21 08:03:29',NULL,1),(78,7,'asfasf',NULL,803,NULL,NULL,1,'',NULL,'\0','\0','\0','\0','\0','\0','\0',1,'2016-10-21 08:03:29',NULL,1),(79,7,'',NULL,803,NULL,NULL,1,'',NULL,'\0','\0','\0','\0','\0','\0','\0',1,'2016-10-21 08:03:29',NULL,1),(80,7,'asdf',NULL,803,NULL,NULL,1,'',2,'\0','\0','\0','\0','\0','\0','\0',2,'2016-10-21 08:03:29',NULL,1),(81,7,'asddddddddddd',NULL,803,NULL,NULL,1,'',NULL,'\0','\0','\0','\0','\0','\0','\0',2,'2016-10-21 08:03:29',NULL,1),(82,7,'Adfadf',NULL,803,NULL,NULL,1,'',NULL,'\0','\0','\0','\0','\0','\0','\0',1,'2016-10-21 08:03:29',NULL,1),(83,7,'',NULL,803,NULL,NULL,1,'',NULL,'\0','\0','\0','\0','\0','\0','\0',1,'2016-10-21 08:03:29',NULL,1),(84,7,'',NULL,803,NULL,NULL,1,'',NULL,'\0','\0','\0','\0','\0','\0','\0',1,'2016-10-21 08:03:29',NULL,1),(85,7,'Adfadf',NULL,803,NULL,NULL,1,'',NULL,'\0','\0','\0','\0','\0','\0','\0',1,'2016-10-21 08:03:29',NULL,1),(86,7,'Ahmed',20.00,803,'2016-09-07',25.00,1,'',NULL,'\0','\0','\0','\0','\0','\0','\0',1,'2016-10-21 08:03:29',NULL,1),(87,7,'Ahmed',20.00,803,'2016-09-07',25.00,1,'',NULL,'\0','\0','\0','\0','\0','\0','\0',1,'2016-10-21 08:03:29',NULL,1),(88,7,'Ahmed',20.00,803,'2016-09-07',25.00,1,'',NULL,'\0','\0','\0','\0','\0','\0','\0',1,'2016-10-21 08:03:29',NULL,1),(89,7,'Ahmed',20.00,803,'2016-09-07',25.00,1,'',NULL,'\0','\0','\0','\0','\0','\0','\0',1,'2016-10-21 08:03:29',NULL,1),(90,7,'Ahmsddd',33.00,803,'2016-08-25',3222.00,1,'',NULL,'\0','\0','\0','\0','\0','\0','\0',2,'2016-10-21 08:03:29',NULL,1),(91,7,'Ahmed',20.00,803,'2016-09-07',25.00,1,'',NULL,'\0','\0','\0','\0','\0','\0','\0',1,'2016-10-21 08:03:29',NULL,1),(92,7,'Ahmed',20.00,803,'2016-09-07',25.00,1,'',NULL,'\0','\0','\0','\0','\0','\0','\0',1,'2016-10-21 08:03:29',NULL,1),(93,7,'Ahmed',20.00,803,'2016-09-07',25.00,1,'',NULL,'\0','\0','\0','\0','\0','\0','\0',1,'2016-10-21 08:03:29',NULL,1),(94,7,'Ahmed',20.00,803,'2016-09-07',25.00,1,'',NULL,'\0','\0','\0','\0','\0','\0','\0',1,'2016-10-21 08:03:29',NULL,1),(95,7,'Ahmed',20.00,803,'2016-09-07',25.00,1,'',NULL,'\0','\0','\0','\0','\0','\0','\0',1,'2016-10-21 08:03:29',NULL,1),(96,7,'Ahmed',25.00,803,'2016-09-02',25.00,1,'',NULL,'\0','\0','\0','\0','\0','\0','\0',1,'2016-10-21 08:03:29',NULL,1),(97,7,'Ahmed',20.00,803,'2016-09-07',25.00,1,'',NULL,'\0','\0','\0','\0','\0','\0','\0',1,'2016-10-21 08:03:29',NULL,1),(98,7,'Ahmed',20.00,803,'2016-09-07',25.00,1,'',NULL,'\0','\0','\0','\0','\0','\0','\0',1,'2016-10-21 08:03:29',NULL,1),(99,7,'Ahmed',20.00,803,'2016-09-07',25.00,1,'',NULL,'\0','\0','\0','\0','\0','\0','\0',1,'2016-10-21 08:03:29',NULL,1),(100,7,'Ahmed',20.00,803,'2016-09-07',25.00,1,'',NULL,'\0','\0','\0','\0','\0','\0','\0',1,'2016-10-21 08:03:29',NULL,1),(101,7,'Ahmed',20.00,803,'2016-09-07',25.00,1,'',NULL,'\0','\0','\0','\0','\0','\0','\0',1,'2016-10-21 08:03:29',NULL,1),(102,7,'Ahmed',20.00,803,'2016-09-07',25.00,1,'',NULL,'\0','\0','\0','\0','\0','\0','\0',1,'2016-10-21 08:03:29',NULL,1),(103,7,'Ahmed',20.00,803,'2016-09-07',25.00,1,'',NULL,'\0','\0','\0','\0','\0','\0','\0',1,'2016-10-21 08:03:29',NULL,1),(104,7,'Ahmed',20.00,803,'2016-09-07',25.00,1,'',NULL,'\0','\0','\0','\0','\0','\0','\0',1,'2016-10-21 08:03:29',NULL,1),(105,7,'Ahmed',20.00,803,'2016-09-07',25.00,1,'',NULL,'\0','\0','\0','\0','\0','\0','\0',1,'2016-10-21 08:03:29',NULL,1),(106,7,'Ahmed',20.00,803,'2016-09-07',25.00,1,'',NULL,'\0','\0','\0','\0','\0','\0','\0',1,'2016-10-21 08:03:29',NULL,1),(107,7,'Ahmed',20.00,803,'2016-09-07',25.00,1,'',NULL,'\0','\0','\0','\0','\0','\0','\0',1,'2016-10-21 08:03:29',NULL,1),(108,7,'Ahmed',20.00,803,'2016-09-07',25.00,1,'',NULL,'\0','\0','\0','\0','\0','\0','\0',1,'2016-10-21 08:03:29',NULL,1),(109,7,'Ahmed',20.00,803,'2016-09-07',25.00,1,'',NULL,'\0','\0','\0','\0','\0','\0','\0',1,'2016-10-21 08:03:29',NULL,1),(110,7,'Ahmed',20.00,803,'2016-09-07',25.00,1,'',NULL,'\0','\0','\0','\0','\0','\0','\0',1,'2016-10-21 08:03:29',NULL,1),(111,7,'Ahmed',20.00,803,'2016-09-07',25.00,1,'',NULL,'\0','\0','\0','\0','\0','\0','\0',1,'2016-10-21 08:03:29',NULL,1),(112,7,'Ahmed',20.00,803,'2016-09-07',25.00,1,'',NULL,'\0','\0','\0','\0','\0','\0','\0',1,'2016-10-21 08:03:29',NULL,1),(113,7,'Ahmed',20.00,803,'2016-09-07',25.00,1,'',NULL,'\0','\0','\0','\0','\0','\0','\0',1,'2016-10-21 08:03:29',NULL,1),(114,7,'Ahmed',20.00,803,'2016-09-07',25.00,1,'',NULL,'\0','\0','\0','\0','\0','\0','\0',1,'2016-10-21 08:03:29',NULL,1),(115,7,'Ahmed',20.00,803,'2016-09-07',25.00,1,'',NULL,'\0','\0','\0','\0','\0','\0','\0',1,'2016-10-21 08:03:29',NULL,1),(116,7,'Ahmed',20.00,803,'2016-09-07',25.00,1,'',NULL,'\0','\0','\0','\0','\0','\0','\0',1,'2016-10-21 08:03:29',NULL,1),(117,7,'Ahmed',20.00,803,'2016-09-07',25.00,1,'',NULL,'\0','\0','\0','\0','\0','\0','\0',1,'2016-10-21 08:03:29',NULL,1),(118,7,'Ahmedss',20.00,803,'2016-09-07',25.00,1,'',NULL,'\0','\0','\0','\0','\0','\0','\0',1,'2016-10-21 08:03:29',NULL,1),(119,24,'',23.00,803,'2016-09-04',23.00,1,'',NULL,'\0','\0','\0','\0','\0','\0','\0',1,'2016-10-21 08:03:29',NULL,1),(120,24,'',23.00,803,'2016-09-04',23.00,1,'',NULL,'\0','\0','\0','\0','\0','\0','\0',1,'2016-10-21 08:03:29',NULL,1),(121,24,'',23.00,803,'2016-09-04',23.00,1,'',NULL,'\0','\0','\0','\0','\0','\0','\0',1,'2016-10-21 08:03:29',NULL,1),(122,24,'',23.00,803,'2016-09-04',23.00,1,'',NULL,'\0','\0','\0','\0','\0','\0','\0',1,'2016-10-21 08:03:29',NULL,1),(123,24,'Ahmed',20.00,803,'2016-09-07',25.00,1,'',NULL,'\0','\0','\0','\0','\0','\0','\0',1,'2016-10-21 08:03:29',NULL,1),(124,24,'Ahmed',20.00,803,'2016-09-07',25.00,1,'',NULL,'\0','\0','\0','\0','\0','\0','\0',1,'2016-10-21 08:03:29',NULL,1),(125,24,'sdf',NULL,803,NULL,NULL,1,'',2,'\0','\0','\0','\0','\0','\0','\0',1,'2016-10-21 08:03:29',NULL,1),(126,24,'aadsd',NULL,803,NULL,NULL,1,'',NULL,'\0','\0','\0','\0','\0','\0','\0',1,'2016-10-21 08:03:29',NULL,1),(127,24,'aadsdd',NULL,803,NULL,NULL,1,'',NULL,'\0','\0','\0','\0','\0','\0','\0',1,'2016-10-21 08:03:29',NULL,1),(128,24,'aadsddf',NULL,803,NULL,NULL,1,'',NULL,'\0','\0','\0','\0','\0','\0','\0',1,'2016-10-21 08:03:29',NULL,1),(129,24,'aadsddff',NULL,803,NULL,NULL,1,'',NULL,'\0','\0','\0','\0','\0','\0','\0',1,'2016-10-21 08:03:29',NULL,1),(130,24,'aadsddffs',NULL,803,NULL,NULL,1,'',NULL,'\0','\0','\0','\0','\0','\0','\0',1,'2016-10-21 08:03:29',NULL,1),(131,24,'asd',NULL,803,NULL,NULL,1,'',NULL,'\0','\0','\0','\0','\0','\0','\0',1,'2016-10-21 08:03:29',NULL,1),(132,24,'sadf',NULL,803,NULL,NULL,1,'',NULL,'\0','\0','\0','\0','\0','\0','\0',1,'2016-10-21 08:03:29',NULL,1),(133,25,'this is an identifier',23.00,803,'2016-09-06',23.00,1,'this is a history',2,'','\0','','','\0','\0','\0',1,'2016-10-21 08:03:29',NULL,1),(134,25,'',NULL,803,NULL,NULL,1,'',3,'\0','\0','\0','\0','\0','\0','\0',1,'2016-10-21 08:03:29',NULL,1),(135,25,'',NULL,803,NULL,NULL,1,'',3,'\0','\0','\0','\0','\0','\0','\0',2,'2016-10-21 08:03:29',NULL,1),(136,25,'',NULL,803,NULL,NULL,1,'',1,'\0','\0','\0','\0','\0','\0','\0',1,'2016-10-21 08:03:29',NULL,1),(137,25,'Ahmed',23.00,803,'2016-09-06',23.00,1,'',2,'\0','\0','\0','\0','\0','\0','\0',1,'2016-10-21 08:03:29',NULL,1),(138,25,'Ahmed',23.00,803,'2016-09-06',23.00,1,'',1,'\0','\0','\0','\0','\0','\0','\0',1,'2016-10-21 08:03:29',NULL,1),(139,26,'Mohamed',10.00,803,'2016-09-19',25.00,1,'Any History',2,'','','','\0','\0','\0','\0',1,'2016-10-21 08:03:29',NULL,1),(140,27,'',NULL,803,NULL,NULL,1,'',1,'\0','\0','\0','\0','\0','\0','\0',1,'2016-10-21 08:03:29',NULL,1),(141,32,'',123.00,802,'2006-06-30',NULL,1,'',NULL,'','\0','','','\0','\0','\0',1,'2016-10-21 08:03:29',NULL,1),(142,32,'asdfff',25.00,803,'2016-09-05',30.00,1,'this is extra',3,'','\0','\0','','','\0','',1,'2016-10-21 08:03:29',NULL,1),(143,32,'ansgfkja',23.00,803,'2016-09-07',25.00,1,'This is An Extra History',1,'','\0','\0','','','\0','\0',1,'2016-10-21 08:03:29',NULL,1),(144,32,'',NULL,803,NULL,NULL,1,'',2,'\0','\0','\0','\0','\0','\0','\0',1,'2016-10-21 08:03:29',NULL,1),(145,36,'Khaled',23.00,803,'2016-09-07',25.00,1,'This is a test hitsory',2,'','\0','','','\0','\0','\0',1,'2016-10-21 08:03:29',NULL,1),(146,38,'',NULL,803,NULL,NULL,1,'',2,'\0','\0','\0','\0','\0','\0','\0',2,'2016-10-21 08:03:29',NULL,1),(147,37,'',NULL,803,NULL,NULL,1,'',1,'\0','\0','\0','\0','\0','\0','\0',2,'2016-10-21 08:03:29',NULL,1),(148,37,'',NULL,803,NULL,NULL,1,'',2,'\0','\0','\0','\0','\0','\0','\0',2,'2016-10-21 08:03:29',NULL,1),(149,39,'asdf',23.00,803,'2016-09-15',NULL,1,'',2,'','\0','\0','','','\0','\0',1,'2016-10-21 08:03:29',NULL,1),(150,40,'',NULL,803,NULL,NULL,1,'',2,'','\0','\0','','','\0','\0',1,'2016-10-21 08:03:29',NULL,1),(151,40,'Nulllllllll',NULL,803,NULL,NULL,1,'',1,'\0','\0','\0','\0','\0','\0','\0',1,'2016-10-21 08:03:29',NULL,1),(152,40,'Nulll2',NULL,803,NULL,NULL,1,'',1,'','\0','\0','','','\0','\0',1,'2016-10-21 08:03:29',NULL,1),(153,40,'Null333',NULL,803,NULL,NULL,1,'',2,'','\0','\0','','\0','\0','\0',1,'2016-10-21 08:03:29',NULL,1),(154,40,' NUlllllllllllll4',23.00,803,'2016-09-15',NULL,1,'',1,'','\0','\0','\0','\0','','',1,'2016-10-21 08:03:29',NULL,1),(155,41,'Ahmed MOhamed',25.00,803,'2016-09-14',30.00,1,'this is an extra history of drug',3,'','\0','\0','','','','\0',2,'2016-10-21 08:03:29',NULL,1),(156,41,'',NULL,803,'2016-10-18',NULL,1,'',1,'\0','\0','\0','\0','\0','\0','\0',1,'2016-10-21 08:03:29',NULL,1),(157,41,'',NULL,803,NULL,NULL,1,'',2,'\0','\0','\0','\0','\0','\0','\0',1,'2016-10-21 08:03:29',NULL,1),(158,41,'',23.00,803,'2016-09-17',NULL,1,'',2,'','\0','','','\0','\0','\0',2,'2016-10-21 08:03:29',NULL,1),(159,41,'Ahmed Ali',23.00,803,'2016-09-17',50.00,1,'',1,'','\0','\0','','','\0','\0',1,'2016-10-21 08:03:29',NULL,1),(160,41,'Ahmed Ali',23.00,803,'2016-09-18',50.00,1,'',1,'\0','\0','\0','\0','\0','\0','\0',1,'2016-10-21 08:03:29',NULL,1),(161,41,'Ahmed Ali',23.00,803,'2016-09-18',25.00,1,'',1,'\0','\0','\0','\0','\0','\0','\0',1,'2016-10-21 08:03:29',NULL,1),(162,41,'Ahmed Ali',23.00,803,'2016-09-18',25.00,1,'',1,'\0','\0','\0','\0','\0','\0','\0',1,'2016-10-21 08:03:29',NULL,1),(163,41,'Ahmed Ali',23.00,803,'2016-09-18',25.00,1,'',2,'\0','\0','\0','\0','\0','\0','\0',1,'2016-10-21 08:03:29',NULL,1),(164,41,'Ahmed Ali',23.00,803,'2016-09-18',25.00,1,'',2,'\0','\0','\0','\0','\0','\0','\0',1,'2016-10-21 08:03:29',NULL,1),(165,41,'Ahmed Ali',23.00,803,'2016-09-18',25.00,1,'',1,'\0','\0','\0','\0','\0','\0','\0',1,'2016-10-21 08:03:29',NULL,1),(166,41,'Ahmed Ali',23.00,803,'2016-09-18',25.00,1,'',1,'\0','\0','\0','\0','\0','\0','\0',1,'2016-10-21 08:03:29',NULL,1),(167,41,'Ahmed Ali',23.00,803,'2016-09-18',25.00,1,'',1,'\0','\0','\0','\0','\0','\0','\0',1,'2016-10-21 08:03:29',NULL,1),(168,41,'Ahmed Ali',23.00,803,'2016-09-18',25.00,1,'',2,'\0','\0','\0','\0','\0','\0','\0',1,'2016-10-21 08:03:29',NULL,1),(169,41,'Khaled Ahmed',24.00,803,'2016-09-17',25.00,1,'',2,'\0','\0','\0','\0','\0','\0','\0',1,'2016-10-21 08:03:29',NULL,1),(170,41,'Ahmed Ali',23.00,803,'2016-09-18',25.00,1,'',1,'\0','\0','\0','\0','\0','\0','\0',1,'2016-10-21 08:03:29',NULL,1),(171,41,'Ahmed Ali',23.00,803,'2016-09-18',25.00,1,'',1,'\0','\0','\0','\0','\0','\0','\0',1,'2016-10-21 08:03:29',NULL,1),(172,41,'Ahmed Ali',23.00,803,'2016-09-18',25.00,1,'',1,'\0','\0','\0','\0','\0','\0','\0',1,'2016-10-21 08:03:29',NULL,1),(173,41,'Ahmed Ali',23.00,803,'2016-09-18',25.00,1,'',1,'\0','\0','\0','\0','\0','\0','\0',1,'2016-10-21 08:03:29',NULL,1),(174,41,'Ahmed Ali',23.00,803,'2016-09-18',25.00,1,'',1,'\0','\0','\0','\0','\0','\0','\0',1,'2016-10-21 08:03:29',NULL,1),(175,41,'Ahmed Ali',23.00,803,'2016-09-18',25.00,1,'',1,'\0','\0','\0','\0','\0','\0','\0',1,'2016-10-21 08:03:29',NULL,1),(176,41,'Ahmed Ali',23.00,803,'2016-09-18',25.00,1,'',2,'\0','\0','\0','\0','\0','\0','\0',1,'2016-10-21 08:03:29',NULL,1),(177,41,'Ahmed Ali',23.00,803,'2016-09-18',25.00,1,'',1,'\0','\0','\0','\0','\0','\0','\0',1,'2016-10-21 08:03:29',NULL,1),(178,41,'Ahmed Ali',23.00,803,'2016-09-18',25.00,1,'',1,'\0','\0','\0','\0','\0','\0','\0',1,'2016-10-21 08:03:29',NULL,1),(179,41,'Ahmed Ali',23.00,803,'2016-09-18',25.00,1,'',1,'\0','\0','\0','\0','\0','\0','\0',1,'2016-10-21 08:03:29',NULL,1),(180,41,'Ahmed Ali',23.00,803,'2016-09-18',25.00,1,'',1,'\0','\0','\0','\0','\0','\0','\0',1,'2016-10-21 08:03:29',NULL,1),(181,41,'Ahmed Ali',12.00,803,'2016-09-29',25.00,1,'',1,'\0','\0','\0','\0','\0','\0','\0',1,'2016-10-21 08:03:29',NULL,1),(182,41,'Ahmed Ali',23.00,803,'2016-09-18',25.00,1,'',2,'\0','\0','\0','\0','\0','\0','\0',1,'2016-10-21 08:03:29',NULL,1),(183,41,'Ahmed Ali',23.00,803,'2016-09-18',25.00,1,'',1,'\0','\0','\0','\0','\0','\0','\0',1,'2016-10-21 08:03:29',NULL,1),(184,41,'Ahmed Ali',23.00,803,'2016-09-18',25.00,1,'',1,'\0','\0','\0','\0','\0','\0','\0',1,'2016-10-21 08:03:29',NULL,1),(185,41,'Ahmed Ali',23.00,803,'2016-09-18',25.00,1,'',1,'\0','\0','\0','\0','\0','\0','\0',1,'2016-10-21 08:03:29',NULL,1),(186,41,'Ahmed Ali',23.00,803,'2016-09-18',25.00,1,'',1,'\0','\0','\0','\0','\0','\0','\0',1,'2016-10-21 08:03:29',NULL,1),(187,41,'Ahmed Ali',23.00,803,'2016-09-18',NULL,1,'',1,'\0','\0','\0','\0','\0','\0','\0',1,'2016-10-21 08:03:29',NULL,1),(188,41,'Ahmed Ali',23.00,803,'2016-09-18',25.00,1,'',1,'\0','\0','\0','\0','\0','\0','\0',1,'2016-10-21 08:03:29',NULL,1),(189,41,'Ahmeds',23.00,803,'2016-09-18',25.00,1,'',1,'\0','\0','\0','\0','\0','\0','\0',1,'2016-10-21 08:03:29',NULL,1),(190,42,'Khaled Ali',23.00,803,'2016-09-23',25.00,1,'This is an extra history for the icsr ',1,'','\0','','','\0','\0','\0',1,'2016-10-21 08:03:29',NULL,1),(191,41,'',NULL,803,NULL,NULL,1,'',1,'\0','\0','\0','\0','\0','\0','\0',2,'2016-10-21 08:03:29',NULL,1),(192,41,'narritivee',25.00,803,'2016-09-30',30.00,1,'this is extra icsr history',1,'','\0','','','\0','\0','\0',1,'2016-10-21 08:03:29',NULL,1),(193,41,'Any Icsrr',23.00,803,'2016-10-07',24.00,1,'sadfsadf',2,'','\0','','','\0','\0','\0',1,'2016-10-21 08:03:29',NULL,1),(196,46,'Mohamed',25.00,803,'2016-10-15',30.00,1,'asdf asdf asdf sad fasd fasd f',3,'','','','\0','\0','\0','\0',1,'2016-10-21 08:03:29',NULL,1),(197,46,'Ahmed',20.00,803,'2016-10-20',60.00,1,'',2,'\0','','','\0','\0','\0','\0',1,'2016-10-21 08:03:29',NULL,1),(198,46,'Khaled',40.00,801,'1976-11-09',50.00,1,'',1,'\0','\0','\0','\0','\0','\0','\0',1,'2016-10-21 08:03:29',NULL,1),(199,46,'Hassan',30.00,801,'1986-11-08',50.00,1,'',1,'\0','\0','\0','\0','\0','\0','\0',1,'2016-10-21 08:03:29',NULL,1),(200,46,'Essam',30.00,801,'1986-11-09',50.00,1,'',1,'\0','\0','\0','\0','\0','\0','\0',1,'2016-10-21 08:03:29',NULL,1),(201,47,'Ahmed Moha',NULL,803,NULL,NULL,1,'',1,'\0','\0','\0','\0','\0','\0','\0',1,'2016-10-21 08:03:29',NULL,1),(202,47,'Test Icsr ',NULL,803,NULL,NULL,1,'',2,'\0','\0','\0','\0','\0','\0','\0',1,'2016-11-14 10:47:14','2016-11-14 10:47:14',50),(203,47,'AFasf',NULL,803,NULL,NULL,1,'',1,'\0','\0','\0','\0','\0','\0','\0',2,'2016-11-15 14:20:08','2016-11-15 14:20:08',50),(204,47,'',NULL,803,NULL,NULL,1,'',1,'\0','\0','\0','\0','\0','\0','\0',1,'2016-10-21 08:03:29',NULL,1),(205,47,'',NULL,803,NULL,NULL,1,'',1,'\0','\0','\0','\0','\0','\0','\0',1,'2016-10-21 08:03:29',NULL,1),(206,46,'',NULL,803,NULL,NULL,1,'',1,'\0','\0','\0','\0','\0','\0','\0',1,'2016-11-21 08:03:29','2016-11-21 08:03:29',50),(207,37,'sadfsa',NULL,803,NULL,NULL,1,'',1,'','\0','\0','\0','\0','\0','\0',1,'2016-11-23 19:43:36','2016-11-23 19:43:36',46),(208,49,'',NULL,803,NULL,NULL,1,'',2,'\0','\0','\0','\0','\0','\0','\0',1,'2016-11-23 19:57:11','2016-11-23 19:57:11',46),(209,37,'',NULL,803,NULL,NULL,1,'',1,'\0','\0','\0','\0','\0','\0','\0',1,'2016-11-24 13:15:22','2016-11-24 13:15:22',46),(210,41,'',NULL,803,NULL,NULL,1,'',1,'\0','\0','\0','\0','\0','\0','\0',1,'2016-11-24 15:15:35','2016-11-24 15:15:35',46),(211,41,'Khallledd',NULL,803,NULL,NULL,1,'',1,'\0','\0','\0','\0','\0','\0','\0',1,'2016-11-24 15:15:52','2016-11-24 15:15:52',46),(212,50,'',NULL,803,'2017-02-28',NULL,1,'',2,'\0','\0','\0','\0','\0','\0','\0',1,'2016-11-25 18:05:36','2016-11-25 18:05:36',46),(217,36,'asdf',NULL,803,NULL,NULL,1,'',3,'\0','\0','\0','\0','\0','\0','\0',2,'2016-12-07 13:45:07','2016-12-07 13:45:07',46),(218,36,'alkjsf',23.00,803,'2016-11-24',25.00,1,'',1,'\0','\0','\0','\0','\0','\0','\0',1,'2016-12-17 11:35:54','2016-12-17 11:35:54',46),(219,36,'fasdfsadf',23.00,803,'2016-11-24',25.00,1,'',1,'\0','\0','\0','\0','\0','\0','\0',1,'2016-12-17 15:04:28','2016-12-17 15:04:28',46),(220,59,'',NULL,803,NULL,NULL,1,'',1,'\0','\0','\0','\0','\0','\0','\0',1,'2016-12-28 19:00:09','2016-12-28 19:00:09',46);
/*!40000 ALTER TABLE `icsr` ENABLE KEYS */;
UNLOCK TABLES;

--
-- Table structure for table `icsr_concomitant_drugs`
--

DROP TABLE IF EXISTS `icsr_concomitant_drugs`;
/*!40101 SET @saved_cs_client     = @@character_set_client */;
/*!40101 SET character_set_client = utf8 */;
CREATE TABLE `icsr_concomitant_drugs` (
  `id` int(11) NOT NULL AUTO_INCREMENT,
  `icsr_id` int(11) NOT NULL,
  `drug_name` varchar(45) DEFAULT NULL,
  `start_date` date DEFAULT NULL,
  `stop_date` date DEFAULT NULL,
  `duration_of_use` varchar(45) DEFAULT NULL,
  `dose` varchar(45) DEFAULT NULL,
  `frequency_lkp_id` int(11) NOT NULL,
  PRIMARY KEY (`id`),
  KEY `fk_icsr_concomitant_drugs_frequency_lkp1_idx` (`frequency_lkp_id`),
  KEY `fk_icsr_concomitant_drugs_icsr1_idx` (`icsr_id`)
) ENGINE=InnoDB AUTO_INCREMENT=4 DEFAULT CHARSET=utf8;
/*!40101 SET character_set_client = @saved_cs_client */;

--
-- Dumping data for table `icsr_concomitant_drugs`
--

LOCK TABLES `icsr_concomitant_drugs` WRITE;
/*!40000 ALTER TABLE `icsr_concomitant_drugs` DISABLE KEYS */;
INSERT INTO `icsr_concomitant_drugs` VALUES (1,6,'edgdsffg','2016-03-30','2016-03-30','dfgds','dsfg',6),(2,7,'sdf','2016-04-09','2016-04-16','444','44',3),(3,5,'sdfsdf','2016-04-06','2016-04-15','2','sdf',6);
/*!40000 ALTER TABLE `icsr_concomitant_drugs` ENABLE KEYS */;
UNLOCK TABLES;

--
-- Table structure for table `icsr_event`
--

DROP TABLE IF EXISTS `icsr_event`;
/*!40101 SET @saved_cs_client     = @@character_set_client */;
/*!40101 SET character_set_client = utf8 */;
CREATE TABLE `icsr_event` (
  `id` int(11) NOT NULL AUTO_INCREMENT,
  `icsr_id` int(11) NOT NULL,
  `event_description` varchar(512) DEFAULT NULL COMMENT '    B.2.i.0 Reaction or event as reported by the primary source\n',
  `meddra_llt_id` int(11) DEFAULT NULL COMMENT 'B.2.i.1 Reaction or event in MedDRA terminology (Lowest Level Term)\n',
  `meddra_pt_id` int(11) DEFAULT NULL COMMENT 'B.2.i.2 Reaction or event in MedDRA terminology (Preferred Term)',
  `event_date` date DEFAULT NULL COMMENT 'B.2.i.4 Date of start of reaction or event',
  `event_end_date` date DEFAULT NULL COMMENT 'B.2.i.5 Date of end of reaction or event',
  `meddra_llt_text` varchar(45) DEFAULT NULL COMMENT 'B.2.i.1 Reaction or event in MedDRA terminology (Lowest Level Term)',
  `meddra_pt_text` varchar(45) DEFAULT NULL COMMENT 'B.2.i.2 Reaction or event in MedDRA terminology (Preferred Term)',
  `lkp_icsr_eventoutcome_id` int(11) NOT NULL DEFAULT '1',
  `event_outcome` enum('Recovered/resolved','Recovering/resolving','Not recovered/not resolved','Recovered/resolved with sequelae','Fatal','Unknown') DEFAULT NULL COMMENT 'B.2.i.8 Outcome of reaction or event at the time of last observation',
  PRIMARY KEY (`id`,`icsr_id`),
  KEY `fk_icsr_event_icsr1_idx` (`icsr_id`),
  KEY `fk_icsr_event_meddra_llt1_idx` (`meddra_llt_id`),
  KEY `fk_icsr_event_meddra_pt1_idx` (`meddra_pt_id`),
  KEY `fk-icsr-event-lkp_icsr_eventoutcome_id` (`lkp_icsr_eventoutcome_id`)
) ENGINE=InnoDB AUTO_INCREMENT=137 DEFAULT CHARSET=utf8;
/*!40101 SET character_set_client = @saved_cs_client */;

--
-- Dumping data for table `icsr_event`
--

LOCK TABLES `icsr_event` WRITE;
/*!40000 ALTER TABLE `icsr_event` DISABLE KEYS */;
INSERT INTO `icsr_event` VALUES (1,5,'bbb',1,2,'2012-12-13','2016-04-22','dd','dddd',3,NULL),(2,5,'xczxc',2,1,'0002-12-06','2016-04-15','wwww','wwwwwwwwww',6,NULL),(3,4,'demomo',1,2,'2016-08-02',NULL,NULL,NULL,1,NULL),(4,4,'event2',2,3,'2016-08-03',NULL,NULL,NULL,1,NULL),(5,4,'dfgdssfgd',1,2,'2016-08-03',NULL,NULL,NULL,1,NULL),(6,1,'sfsdf',2,2,'2016-03-30','2016-04-28','sdsadfasd','asdfsadf',1,'Recovered/resolved with sequelae'),(7,6,'dgdfg',2,2,'2016-03-30','2016-05-10','','',1,NULL),(8,5,'dfgghdf',1,1,'2016-04-09','2016-04-12','sss','ss',1,NULL),(9,7,'ww',2,1,'2016-04-20',NULL,NULL,NULL,1,NULL),(10,1,'sss',1,NULL,'2016-04-04','2016-04-21','zzzzzzzzzzzzzz','Meddra Pt Text',1,NULL),(11,20,'ggg',2,1,'2016-09-12','2016-09-28','zdfasfasf','asdasf',1,'Recovered/resolved with sequelae'),(12,21,'3333',1,1,NULL,NULL,'','',1,NULL),(13,28,'',1,2,NULL,NULL,'','',1,NULL),(14,29,'event',1,1,'2016-05-01','2016-05-02','','',1,NULL),(15,31,'headache',NULL,NULL,'2016-05-25','2016-06-03','','',1,NULL),(16,32,'dizziness',NULL,NULL,NULL,NULL,'','',1,NULL),(17,15,'update qweqwe',1,1,'2016-09-15','2016-09-15','ok medra','second medra',5,NULL),(18,36,'This is Event',2,2,'2016-09-13','2016-09-22','Test Dummy','More of test',6,NULL),(19,37,'this is event',1,1,'2016-09-13','2016-09-20','dump text ','text meddra',4,NULL),(20,38,'this is description',1,3,'2016-09-14','2016-09-30','madraa','dummy data',5,'Recovering/resolving'),(21,36,'',1,2,NULL,NULL,'','',4,NULL),(22,41,'asfqwe',2,2,'2016-09-13','2016-09-27','asdf','asdf',1,NULL),(23,41,'123asd12',1,1,'2016-09-22','2016-09-29','asfd','asf',1,NULL),(24,41,'asdf',2,1,'2016-09-30','2016-09-29','asd','asf',1,NULL),(25,41,'sadf',2,1,'2016-09-28','2016-09-30','sadf','asdf',1,NULL),(26,15,'asf12334',2,1,'2016-09-29','2016-09-30','asfd','asf',1,NULL),(27,15,'asdf',2,1,'2016-09-27','2016-09-30','asdf','sadf',1,NULL),(28,15,'OverRide',2,3,'2016-09-16','2016-09-30','This is Text','asdasdd',5,NULL),(29,15,'OverRide',2,3,'2016-09-16','2016-09-30','This is Text','asdasdd',5,NULL),(30,15,'OverRide',2,3,'2016-09-16','2016-09-30','This is Text','asdasdd',5,NULL),(31,15,'OverRide',2,3,'2016-09-16','2016-09-30','This is Text','asdasdd',5,NULL),(32,15,'OverRide',2,3,'2016-09-16','2016-09-30','This is Text','asdasdd',5,NULL),(33,15,'OverRide',2,3,'2016-09-16','2016-09-30','This is Text','asdasdd',5,NULL),(34,15,'OverRide',2,3,'2016-09-16','2016-09-30','This is Text','asdasdd',5,NULL),(35,15,'asdf',1,1,'2016-09-28','2016-09-30','asd','asdf',6,NULL),(36,15,'asdf',1,1,'2016-09-28','2016-09-30','asd','asdf',6,NULL),(37,15,'asdf',1,1,'2016-09-28','2016-09-30','asd','asdf',6,NULL),(38,15,'asdf',1,1,'2016-09-28','2016-09-30','asd','asdf',6,NULL),(39,15,'asdf',1,1,'2016-09-28','2016-09-30','asd','asdf',6,NULL),(40,15,'asdf',1,1,'2016-09-28','2016-09-30','asd','asdf',6,NULL),(41,15,'asdf',1,1,'2016-09-28','2016-09-30','asd','asdf',6,NULL),(42,15,'asdf',1,1,'2016-09-28','2016-09-30','asd','asdf',6,NULL),(43,15,'TestoEvent',1,1,'2016-09-23','2016-09-30','asfasf','asfasf',6,NULL),(44,15,'EditHim',2,1,'2016-09-23','2016-09-30','asfasf','asfasf',6,NULL),(45,15,'TestoEvent',1,1,'2016-09-23','2016-09-30','asfasf','asfasf',6,NULL),(46,15,'TestoEvent',1,1,'2016-09-23','2016-09-30','asfasf','asfasf',6,NULL),(47,15,'TestoEvent',1,1,'2016-09-23','2016-09-30','asfasf','asfasf',6,NULL),(48,15,'TestoEvent',1,1,'2016-09-23','2016-09-30','asfasf','asfasf',6,NULL),(49,15,'TestoEvent',1,1,'2016-09-23','2016-09-30','asfasf','asfasf',6,NULL),(50,15,'TestoEvent',1,1,'2016-09-23','2016-09-30','asfasf','asfasf',6,NULL),(51,15,'TestoEvent',1,1,'2016-09-23','2016-09-30','asfasf','asfasf',6,NULL),(52,15,'TestoEvent',1,1,'2016-09-23','2016-09-30','asfasf','asfasf',5,NULL),(53,15,'TestoEvent',1,1,'2016-09-23','2016-09-30','asfasf','asfasf',5,NULL),(54,15,'TestoEvent',1,1,'2016-09-23','2016-09-30','asfasf','asfasf',5,NULL),(55,15,'TestoEvent',1,1,'2016-09-23','2016-09-30','asfasf','asfasf',5,NULL),(56,15,'TestoEvent',1,1,'2016-09-23','2016-09-30','asfasf','asfasf',5,NULL),(57,15,'TestoEvent',1,1,'2016-09-23','2016-09-30','asfasf','asfasf',5,NULL),(58,15,'TestoEvent',1,1,'2016-09-23','2016-09-30','asfasf','asfasf',5,NULL),(59,15,'TestoEvent',1,1,'2016-09-23','2016-09-30','asfasf','asfasf',5,NULL),(60,15,'TestoEvent',1,1,'2016-09-23','2016-09-30','asfasf','asfasf',5,NULL),(61,15,'TestoEvent',1,1,'2016-09-23','2016-09-30','asfasf','asfasf',5,NULL),(62,15,'TestoEvent',1,1,'2016-09-23','2016-09-30','asfasf','asfasf',5,NULL),(63,15,'TestoEvent',1,1,'2016-09-23','2016-09-30','asfasf','asfasf',5,NULL),(64,15,'TestoEvent',1,1,'2016-09-23','2016-09-30','asfasf','asfasf',5,NULL),(65,15,'TestoEvent',1,1,'2016-09-23','2016-09-30','asfasf','asfasf',5,NULL),(66,15,'TestoEvent',1,1,'2016-09-23','2016-09-30','asfasf','asfasf',5,NULL),(67,15,'TestoEvent',1,1,'2016-09-23','2016-09-30','asfasf','asfasf',5,NULL),(68,15,'TestoEvent',1,1,'2016-09-23','2016-09-30','asfasf','asfasf',5,NULL),(69,15,'TestoEvent',1,1,'2016-09-23','2016-09-30','asfasf','asfasf',5,NULL),(70,15,'TestoEvent',1,1,'2016-09-23','2016-09-30','asfasf','asfasf',5,NULL),(71,15,'TestoEvent',1,1,'2016-09-23','2016-09-30','asfasf','asfasf',5,NULL),(72,15,'TestoEvent',1,1,'2016-09-23','2016-09-30','asfasf','asfasf',5,NULL),(73,15,'ok',2,3,'2016-09-30','2016-09-30','asdfasdf','adfasdf',6,NULL),(74,47,'',NULL,NULL,'2016-09-29','2016-09-30','','',4,NULL),(75,47,'asdf',NULL,NULL,'2016-09-28','2016-09-30','asdf','sadf',3,NULL),(76,19,'asdfasdf',NULL,NULL,'2016-09-22','2016-09-30','asdf','asdf',1,NULL),(77,135,'',NULL,NULL,'2016-09-14','2016-09-30','','',1,NULL),(78,139,'Descripotiasd',NULL,NULL,'2016-09-30','2016-09-30','ajkshfjkas','jkhkjlhlk',5,NULL),(79,140,'kjyhk',NULL,NULL,'2016-09-23','2016-09-30','jhklj','h',1,NULL),(80,141,'jhsadkjff',NULL,NULL,'2016-09-24','2016-09-30','asdfasdf','asdf',3,NULL),(81,141,'asdfasdf',NULL,NULL,NULL,NULL,'asdfk','jhgjhasdf',1,NULL),(82,144,'',NULL,NULL,NULL,NULL,'','',1,NULL),(83,145,'FFFFF',NULL,NULL,'2016-09-24','2016-09-30','medra test','medra pt',5,NULL),(84,146,'asdf',NULL,NULL,NULL,NULL,'kgyu','hjghkl',2,NULL),(85,147,'',NULL,NULL,NULL,NULL,'','',1,NULL),(86,148,'asdf',NULL,NULL,'2016-10-14','2016-10-31','asdfsdaf','safd',3,NULL),(87,149,'sadf',NULL,NULL,NULL,NULL,'asdf','asdf',1,NULL),(88,150,'asdf',NULL,NULL,NULL,NULL,'','',1,NULL),(92,154,'asdf',NULL,NULL,NULL,NULL,'','',1,NULL),(93,155,'This is icsr event',NULL,NULL,'2016-10-21','2016-10-31','medra lt test','medra pt test',3,NULL),(94,156,'asdfasdf',NULL,NULL,NULL,NULL,'','medra pt test',1,NULL),(95,157,'First Event',NULL,NULL,NULL,NULL,'','medra pt test',1,NULL),(96,158,'asdf',NULL,NULL,NULL,NULL,'','',1,NULL),(97,162,'Any Event',NULL,NULL,NULL,NULL,'afasdf','asdfsadf',1,NULL),(98,145,'11111',NULL,NULL,NULL,NULL,'Abnormal heart sounds, other','Heart sounds abnormal',3,NULL),(99,190,'Icsr First Event',NULL,NULL,'2016-10-21','2016-10-31','this is medra lt fro 20','medra pt for 30',3,NULL),(100,175,'',NULL,NULL,NULL,NULL,'','',1,NULL),(101,176,'',NULL,NULL,NULL,NULL,'','signal',1,NULL),(102,178,'',NULL,NULL,NULL,NULL,'','signal',1,NULL),(103,177,'',NULL,NULL,NULL,NULL,'','signal',1,NULL),(104,180,'',NULL,NULL,NULL,NULL,'','signal2',1,NULL),(105,181,'',NULL,NULL,NULL,NULL,'','signal2',1,NULL),(106,182,'',NULL,NULL,NULL,NULL,'','signal2',1,NULL),(107,186,'',NULL,NULL,NULL,NULL,'','',1,NULL),(108,179,'',NULL,NULL,NULL,NULL,'','signal',1,NULL),(109,186,'',NULL,NULL,NULL,NULL,'','Not Yet',1,NULL),(110,186,'',NULL,NULL,NULL,NULL,'','',1,NULL),(111,157,'',NULL,NULL,NULL,NULL,'','asdf',1,NULL),(112,157,'',NULL,NULL,NULL,NULL,'','',1,NULL),(113,191,'asdf',NULL,NULL,NULL,NULL,'','',1,NULL),(114,192,'This is icsr event description',NULL,NULL,'2016-10-14','2016-10-31','This is meddra llt','this is meddra pt',2,NULL),(117,196,'this event is about description',NULL,NULL,'2016-11-18','2016-11-30','Aged in-law','Aged parent',1,NULL),(118,197,'any Description',NULL,NULL,'2016-11-09','2016-11-23','Aged in-law','Aged parent',1,NULL),(119,198,'A new icsr event',NULL,NULL,'2016-11-18','2016-11-30','Aged in-law','Aged parent',1,NULL),(120,201,'',NULL,NULL,NULL,NULL,'Abnormal heart sounds, other','Heart sounds abnormal',1,NULL),(121,201,'',NULL,NULL,NULL,NULL,'Acute angle-closure glaucoma','Angle closure glaucoma',1,NULL),(122,202,'',NULL,NULL,NULL,NULL,'Alcoholic spouse','Alcoholic relative',1,NULL),(123,203,'',NULL,NULL,NULL,NULL,'Lacrimal punctum agenesis','Lacrimal punctum agenesis',1,NULL),(124,206,'',NULL,NULL,NULL,NULL,'','',1,NULL),(125,205,'',NULL,NULL,NULL,NULL,'','',1,NULL),(126,202,'',NULL,NULL,NULL,NULL,'','',1,NULL),(127,202,'asdf',NULL,NULL,NULL,NULL,'fffff','',1,NULL),(128,207,'asdf',NULL,NULL,NULL,NULL,'','',1,NULL),(129,208,'asdf',NULL,NULL,NULL,NULL,'adsf','',1,NULL),(130,212,'sadf',NULL,NULL,NULL,NULL,'sadf','sadf',1,NULL),(131,212,'Another Event',NULL,NULL,NULL,NULL,'ok friend','asfasf',1,NULL),(132,217,'asdf',NULL,NULL,NULL,NULL,'medra test','Heart sounds abnormal',1,NULL),(133,218,'fsdfsafd',NULL,NULL,NULL,NULL,'ok friend we are here','',1,NULL),(134,145,'fasdfasdf',NULL,NULL,NULL,NULL,'medra test','',1,NULL),(135,145,'ffff',NULL,NULL,NULL,NULL,'medra test','',1,NULL),(136,220,'ahmed',NULL,NULL,NULL,NULL,'asdf','',1,NULL);
/*!40000 ALTER TABLE `icsr_event` ENABLE KEYS */;
UNLOCK TABLES;

--
-- Table structure for table `icsr_narritive`
--

DROP TABLE IF EXISTS `icsr_narritive`;
/*!40101 SET @saved_cs_client     = @@character_set_client */;
/*!40101 SET character_set_client = utf8 */;
CREATE TABLE `icsr_narritive` (
  `id` int(11) NOT NULL AUTO_INCREMENT,
  `icsr_id` int(11) NOT NULL,
  `narritive` varchar(20000) DEFAULT NULL,
  `reporter_comment` varchar(500) DEFAULT NULL,
  `sender_comment` varchar(2000) DEFAULT NULL,
  PRIMARY KEY (`id`),
  KEY `idx-icsr_narritive-icsr_id` (`icsr_id`)
) ENGINE=InnoDB AUTO_INCREMENT=31 DEFAULT CHARSET=latin1;
/*!40101 SET character_set_client = @saved_cs_client */;

--
-- Dumping data for table `icsr_narritive`
--

LOCK TABLES `icsr_narritive` WRITE;
/*!40000 ALTER TABLE `icsr_narritive` DISABLE KEYS */;
INSERT INTO `icsr_narritive` VALUES (1,189,'This is a narritve','comemnt for the repor','sender comment friend'),(2,145,'Helpppp','any comment friend ','This is a comment'),(3,146,'First Narritive','this is a report comment friend ','hello my lovely friend'),(4,147,'First Narritive','','send me a comment'),(5,155,'AHmed','This is a comment','Send A Comment'),(6,192,'Narritive Name here as it\'s mohamed','This is narritive comment and it\'s good','this is the sender comment and also it\'s good'),(7,193,'asd','dd','dd'),(8,196,'New One Test Narritive','',''),(9,197,NULL,NULL,NULL),(10,198,NULL,NULL,NULL),(11,201,'fasddd',NULL,NULL),(12,202,NULL,NULL,NULL),(13,203,NULL,NULL,NULL),(14,204,NULL,NULL,NULL),(15,205,NULL,NULL,NULL),(16,206,'jhjhlkjhlkjhlkhlkjhlkj',NULL,NULL),(17,207,NULL,NULL,NULL),(18,208,NULL,NULL,NULL),(19,209,NULL,NULL,NULL),(20,210,NULL,NULL,NULL),(21,211,NULL,NULL,NULL),(22,212,NULL,NULL,NULL),(27,217,'asdfsadf','',''),(28,218,NULL,NULL,NULL),(29,219,NULL,NULL,NULL),(30,220,NULL,NULL,NULL);
/*!40000 ALTER TABLE `icsr_narritive` ENABLE KEYS */;
UNLOCK TABLES;

--
-- Table structure for table `icsr_outcome`
--

DROP TABLE IF EXISTS `icsr_outcome`;
/*!40101 SET @saved_cs_client     = @@character_set_client */;
/*!40101 SET character_set_client = utf8 */;
CREATE TABLE `icsr_outcome` (
  `icsr_id` int(11) NOT NULL,
  `icsr_outcome_lkp_id` int(11) NOT NULL,
  `icsr_outcome_date` date DEFAULT NULL,
  PRIMARY KEY (`icsr_id`,`icsr_outcome_lkp_id`),
  KEY `fk_icsr_has_icsr_outcome_lkp_icsr_outcome_lkp1_idx` (`icsr_outcome_lkp_id`),
  KEY `fk_icsr_has_icsr_outcome_lkp_icsr1_idx` (`icsr_id`)
) ENGINE=InnoDB DEFAULT CHARSET=utf8;
/*!40101 SET character_set_client = @saved_cs_client */;

--
-- Dumping data for table `icsr_outcome`
--

LOCK TABLES `icsr_outcome` WRITE;
/*!40000 ALTER TABLE `icsr_outcome` DISABLE KEYS */;
INSERT INTO `icsr_outcome` VALUES (1,4,'2016-03-30'),(5,1,NULL),(5,2,'2016-04-12'),(6,2,'2016-03-31'),(7,3,'2016-04-09'),(7,5,'2016-04-16');
/*!40000 ALTER TABLE `icsr_outcome` ENABLE KEYS */;
UNLOCK TABLES;

--
-- Table structure for table `icsr_reporter`
--

DROP TABLE IF EXISTS `icsr_reporter`;
/*!40101 SET @saved_cs_client     = @@character_set_client */;
/*!40101 SET character_set_client = utf8 */;
CREATE TABLE `icsr_reporter` (
  `id` int(11) NOT NULL AUTO_INCREMENT,
  `icsr_id` int(11) NOT NULL,
  `country_lkp_id` int(11) NOT NULL,
  `first_name` varchar(45) DEFAULT NULL,
  `last_name` varchar(45) DEFAULT NULL,
  `reporter_organization` varchar(45) DEFAULT NULL,
  `reporter_department` varchar(45) DEFAULT NULL,
  `city` varchar(45) DEFAULT NULL,
  `state` varchar(45) DEFAULT NULL,
  `zip_code` varchar(45) DEFAULT NULL,
  `phone` varchar(20) DEFAULT NULL,
  `email` varchar(45) DEFAULT NULL,
  `occupation_lkp_id` int(11) NOT NULL,
  `health_professional` enum('yes','no') DEFAULT NULL,
  PRIMARY KEY (`id`),
  KEY `fk_icsr_reporter_icsr1_idx` (`icsr_id`),
  KEY `fk_icsr_reporter_country_lkp1_idx` (`country_lkp_id`),
  KEY `fk_icsr_reporter_occupation_lkp1_idx` (`occupation_lkp_id`)
) ENGINE=InnoDB AUTO_INCREMENT=64 DEFAULT CHARSET=utf8;
/*!40101 SET character_set_client = @saved_cs_client */;

--
-- Dumping data for table `icsr_reporter`
--

LOCK TABLES `icsr_reporter` WRITE;
/*!40000 ALTER TABLE `icsr_reporter` DISABLE KEYS */;
INSERT INTO `icsr_reporter` VALUES (4,6,1,'sdfs','dfasdfas','fasdfsa','dfasdfas','dfasdfasd','fasdfsaf','sdfas','asdfasd','fasdfsa',3,'no'),(5,1,1,'','','','','asd','dasdas','111','zxc','zzxczx',2,'yes'),(6,1,1,'asda','dasd','asdasdas','dasdasd','asdas','','','','',2,'yes'),(7,5,2,'ss','sss','sss','sss','ssss','sss','sss','sss','sss',3,'yes'),(8,20,1,'gggg','asfas','12 hagskd','hgashdfkj','jkahskjlfjaslk','19 asdasd','322','21231','asfasf@yahoo.com',2,'no'),(9,21,1,'333','333','333','333','333','33','33','3333','',2,'yes'),(10,28,2,'sssssssss','','','','','','','','',2,'yes'),(11,29,1,'nbhg','ku8','','','ehb','','','ukimnn','',4,'yes'),(12,31,1,'Amr','Ashraf ','','','cairo','','','','',4,'yes'),(13,32,1,'ahmed','latif','','','','','','','',4,'yes'),(14,4,1,'False Rebort Access','','','','','','','','',2,'yes'),(15,37,1,'Repot fist','repors last','this is address','12 srh','Alexandria','Mahtet masr','03','025658552','test@yahoo.com',2,'no'),(16,38,1,'report 1 ','report last','12 st any','st alexandria','Alexandria','Mahtet masr','03','021555','test@yahoo.com',2,'no'),(17,36,1,'asdfasd','hjgkjhgjk','123 asdgjh','12 asfhgasg','alexandria','City','032','51515','asfbasj@yahoo.com',1,'yes'),(18,15,2,'reportoqwe','asfn','klasnkfm','kjansfm','mnfmas','alnfk','lkansf','asf','asfasf@yahoo.com',5,'no'),(19,15,1,'asdf','asfjk','akjsfkl','aslkdfj','aff','afasf','asf','aasf','asf',1,'yes'),(20,15,1,'asaaaaaa','asssssssss','asfasf','asfasf','asdasf','asfasf','asfasf','asfasf','asfasf',3,'yes'),(21,41,1,'any','ok','123 asta','12 asta','help','afasf','2323','0121','asfas@yahoo.com',1,'yes'),(22,15,1,'One','Two','ok','ok','ok','ok','ok','2021','asfasf',5,'no'),(23,47,1,'asdfsadf','sadfasdf','adfasdf','sadfasdf','aLEX','adfsd','sadfasdf','5125151','asfasf',2,'no'),(24,41,1,'','','','','','','','','',3,'yes'),(25,19,1,'asdf','sadf','asdfasdf','asdfsadf','alexnadria','aasdfd','414','21231','sadfsadf',2,'yes'),(26,135,1,'Testtttttt','','','','','','','','',4,'yes'),(27,139,1,'Remoraekop 1','','','','','','','','',2,'yes'),(28,140,1,'ok','oko','asklf','okaosfk','12 askfjaslk','jhljk','hlk','.213','2asfasf',1,'yes'),(29,141,1,'','','','','','','','','',3,'yes'),(30,144,1,'sadfsadf','sdfsdf','','','','','','','',3,'yes'),(31,145,1,'This is a first repor','any name','ashfkjas','dddd','alexandria','25','any zip code','012255555','anyemail@yahoo.com',4,'yes'),(32,146,1,'asdf','','','','','','','','',2,'yes'),(33,147,1,'','','','','','','','','',2,'yes'),(34,148,1,'asdf','asfd','12 st jkansfn','kjasfjk','kjhaksf','kjahskfljas','1233','0128912738','ajfbajkshfk@yahoo.com',1,'no'),(35,149,2,'asdf','adsf','12 sadf','12 adfasdf','','','','','',1,'yes'),(36,150,1,'asdf','','','','','','','','',1,'yes'),(37,151,1,'sadf','','','','','','','','',3,'yes'),(38,152,2,'asdfasdf','','','','','','','','',1,'yes'),(39,153,1,'asdfasdf','','','','','','','','',2,'yes'),(40,154,1,'asdf','','','','','','','','',1,'yes'),(41,155,2,'','First Name Report','12 st el morgany','22 st el morgany','Alexandria','Egypt','25555','0102332654','tesreport@yahoo.com',4,'yes'),(42,156,2,'asdfsadf','sdfsadf','','','','','','','',1,'yes'),(43,157,1,'This is a report','','','','','','','','',2,'yes'),(44,162,1,'sadfsad','asdf','','','','','','','',4,'yes'),(45,190,1,'Taha','Mohsen','30 st smoha ','10 st mostafa kamel','Alexandria','Egypt','25555','010325515','khaledAli@yahoo.com',3,'yes'),(46,191,2,'asdf','','','','','','','','',1,'yes'),(47,192,1,'Khaled Ali','Reporter Last Name','Reporter first address','Reporter Last address','Reporter Alexandria city','Reporter State ','Zip Code repor','02512515','khaled@yahoo.com',2,'yes'),(50,196,1,'Ahmed','Mohamed','19 st el morgany','12 st el ahram','alexnadria','Egypt','02121','0212151','khaled@yahoo.com',1,'no'),(51,198,1,'asdf','','','','','','','','',1,'yes'),(52,201,1,'Ahmed','','','','','','','','',1,'yes'),(53,196,1,'','','asdf','sadfasdf','','','','','',1,NULL),(54,204,1,'jh','khgjhgk','jgkjg','kjgkj','','','','','',1,NULL),(55,205,1,'','','','','','','','','',1,NULL),(56,203,1,'asdf','sdfa','','','','','','','',1,NULL),(57,207,1,'sadf','','','','','','','','',1,NULL),(58,208,1,'asdf','','','','','','','','',1,NULL),(59,212,1,'asdf','asdf','','','','','','','',1,NULL),(60,217,2,'asdf','asdf','','','','','','','',2,NULL),(61,145,1,'asdf','asdf','sdfadf','sdf','af','adsf','123','021515','sadfasdf',1,NULL),(62,145,1,'Report 3','Report 3','','','','','','','',1,NULL),(63,220,1,'adf','asdf','','','','','','','',2,NULL);
/*!40000 ALTER TABLE `icsr_reporter` ENABLE KEYS */;
UNLOCK TABLES;

--
-- Table structure for table `icsr_test`
--

DROP TABLE IF EXISTS `icsr_test`;
/*!40101 SET @saved_cs_client     = @@character_set_client */;
/*!40101 SET character_set_client = utf8 */;
CREATE TABLE `icsr_test` (
  `id` int(11) NOT NULL AUTO_INCREMENT,
  `icsr_id` int(11) NOT NULL,
  `date` date DEFAULT NULL,
  `result` varchar(512) DEFAULT NULL,
  `result_unit` varchar(45) DEFAULT NULL,
  `normal_low_range` varchar(45) DEFAULT NULL,
  `normal_high_range` varchar(45) DEFAULT NULL,
  `more_info` varchar(45) DEFAULT NULL,
  `test_name` varchar(255) DEFAULT NULL,
  `image` varchar(255) DEFAULT NULL,
  PRIMARY KEY (`id`),
  KEY `fk_icsr_test_icsr1_idx` (`icsr_id`)
) ENGINE=InnoDB AUTO_INCREMENT=30 DEFAULT CHARSET=utf8;
/*!40101 SET character_set_client = @saved_cs_client */;

--
-- Dumping data for table `icsr_test`
--

LOCK TABLES `icsr_test` WRITE;
/*!40000 ALTER TABLE `icsr_test` DISABLE KEYS */;
INSERT INTO `icsr_test` VALUES (1,4,'2012-12-17','345','ff','30','40','dfghdfghdf',NULL,NULL),(2,4,'2016-03-31','sdfsd','sdfsdf','sdfs','dfsdfs','sdfsdfsdf',NULL,NULL),(3,1,'2016-03-16','sdf','sdfsdfs','dfsdf','sdfsdf','sdfsd',NULL,NULL),(4,5,'2016-03-31','asdas','das','asdasd','asd','asdasa',NULL,NULL),(5,5,'2016-03-31','sdafsadf','asdasdf','asdfasd','asdfas','dfasdfsa',NULL,NULL),(6,6,'2016-03-30','xcx','fgdfg','sdfgsdfg','sdfgdfs','dsgffd',NULL,NULL),(7,7,'2016-04-05','33','mg','22','22','dfsdf',NULL,NULL),(8,21,'2016-05-18','33','33','33','33','33',NULL,NULL),(9,29,'2016-05-09','positive','','21549','21548','',NULL,NULL),(10,36,'2016-09-07','25','230','25','122','this is more info',NULL,NULL),(11,37,'2016-09-13','result test','unity','215','311','this is more info',NULL,NULL),(12,38,'2016-09-07','25','3000','255','215','this is more info',NULL,NULL),(13,36,'2016-09-06','123','12312','1231','12312','sdfgsdg',NULL,NULL),(14,36,NULL,'','','','','',NULL,NULL),(15,16,'2016-09-23','30','20','3000','4000','this is  a more info','test new ',NULL),(16,15,'2016-09-14','asdf','asdf','asdf','asdf','asdf','New Test Name',NULL),(17,19,'2016-09-13','50','30','221','21152','any more info friend','asfasf',NULL),(18,17,'2016-09-06','50','30','3000','2555','asfhjkasf','asdf',NULL),(19,15,'2016-09-21','Updateeeeeeeeee','asf','asdf','asdf','sadf',NULL,NULL),(20,15,'2016-09-21','asdf','asdf','sadf','sdf','sadf',NULL,NULL),(21,15,'2016-09-28','asdfsadf','asghfjkj','ghjbknml','ghvjbknlm','bnsadf',NULL,NULL),(22,47,'2016-09-23','asfasf','asdfsadf','asdfsadf','asdfasdf','asdfsadf','This IS An Icsr Test',NULL),(23,41,'2016-09-27','asdf','asdf','asdf','asdf','sadf','sadf',NULL),(24,135,NULL,'','','','','','klajfkljasf',NULL),(25,139,'2016-09-21','','','','','','Test',NULL),(26,144,NULL,'','','','','','acsfdgkl;',NULL),(27,144,'2016-09-24','asfasf','asjdkl','lkhasklf','lkjhaskldfhl','kl;jadf','asdfsad',NULL),(28,145,'2016-09-23','2151','any unity','25','30','more info','Test Me',NULL),(29,146,NULL,'','','','','','adfsdaf',NULL);
/*!40000 ALTER TABLE `icsr_test` ENABLE KEYS */;
UNLOCK TABLES;

--
-- Table structure for table `icsr_type`
--

DROP TABLE IF EXISTS `icsr_type`;
/*!40101 SET @saved_cs_client     = @@character_set_client */;
/*!40101 SET character_set_client = utf8 */;
CREATE TABLE `icsr_type` (
  `icsr_id` int(11) NOT NULL,
  `icsr_type_lkp_id` int(11) NOT NULL,
  PRIMARY KEY (`icsr_id`,`icsr_type_lkp_id`),
  KEY `fk_icsr_has_icsr_type_lkp_icsr_type_lkp1_idx` (`icsr_type_lkp_id`),
  KEY `fk_icsr_has_icsr_type_lkp_icsr1_idx` (`icsr_id`)
) ENGINE=InnoDB DEFAULT CHARSET=utf8;
/*!40101 SET character_set_client = @saved_cs_client */;

--
-- Dumping data for table `icsr_type`
--

LOCK TABLES `icsr_type` WRITE;
/*!40000 ALTER TABLE `icsr_type` DISABLE KEYS */;
INSERT INTO `icsr_type` VALUES (5,1),(5,3),(5,4),(6,2);
/*!40000 ALTER TABLE `icsr_type` ENABLE KEYS */;
UNLOCK TABLES;

--
-- Table structure for table `icsr_version`
--

DROP TABLE IF EXISTS `icsr_version`;
/*!40101 SET @saved_cs_client     = @@character_set_client */;
/*!40101 SET character_set_client = utf8 */;
CREATE TABLE `icsr_version` (
  `id` int(11) NOT NULL AUTO_INCREMENT,
  `icsr_id` int(11) NOT NULL,
  `file_name` varchar(255) DEFAULT NULL,
  `file_url` varchar(255) DEFAULT NULL,
  `export_date` datetime DEFAULT NULL,
  `version_no` int(11) DEFAULT NULL,
  `exported_by` int(11) DEFAULT NULL,
  PRIMARY KEY (`id`),
  KEY `idx-icsr_version-icsr_id` (`icsr_id`),
  KEY `fk_icsr_version_user` (`exported_by`)
) ENGINE=InnoDB AUTO_INCREMENT=322 DEFAULT CHARSET=latin1;
/*!40101 SET character_set_client = @saved_cs_client */;

--
-- Dumping data for table `icsr_version`
--

LOCK TABLES `icsr_version` WRITE;
/*!40000 ALTER TABLE `icsr_version` DISABLE KEYS */;
INSERT INTO `icsr_version` VALUES (64,156,'IcsrVersion_IcsrId156_DrugId41_1476090778.xml','/yiiyak/backend/web/files/icsrsVersions/IcsrVersion_IcsrId156_DrugId41_1476090778.xml','2016-10-10 11:12:58',1,46),(65,156,'IcsrVersion_IcsrId156_DrugId41_1476092677.xml','/yiiyak/backend/web/files/icsrsVersions/IcsrVersion_IcsrId156_DrugId41_1476092677.xml','2016-10-10 11:44:37',2,46),(66,156,'IcsrVersion_IcsrId156_DrugId41_1476093485.xml','/yiiyak/backend/web/files/icsrsVersions/IcsrVersion_IcsrId156_DrugId41_1476093485.xml','2016-10-10 11:58:05',3,46),(311,145,'IcsrVersion_IcsrId145_DrugId36_1481560839.xml','/files/icsrsVersions/IcsrVersion_IcsrId145_DrugId36_1481560839.xml','2016-12-12 18:40:39',1,46),(312,145,'IcsrVersion_IcsrId145_DrugId36_1481560874.xml','/files/icsrsVersions/IcsrVersion_IcsrId145_DrugId36_1481560874.xml','2016-12-12 18:41:14',2,46),(313,145,'IcsrVersion_IcsrId145_DrugId36_1481735086.xml','/files/icsrsVersions/IcsrVersion_IcsrId145_DrugId36_1481735086.xml','2016-12-14 19:04:46',3,46),(314,145,'IcsrVersion_IcsrId145_DrugId36_1482086214.xml','/files/icsrsVersions/IcsrVersion_IcsrId145_DrugId36_1482086214.xml','2016-12-18 20:36:54',4,46),(315,145,'IcsrVersion_IcsrId145_DrugId36_1482090983.xml','/files/icsrsVersions/IcsrVersion_IcsrId145_DrugId36_1482090983.xml','2016-12-18 21:56:23',5,46),(316,145,'IcsrVersion_IcsrId145_DrugId36_1482595170.xml','/files/icsrsVersions/IcsrVersion_IcsrId145_DrugId36_1482595170.xml','2016-12-24 17:59:31',6,46),(317,220,'IcsrVersion_IcsrId220_DrugId59_1482944609.xml','/files/icsrsVersions/IcsrVersion_IcsrId220_DrugId59_1482944609.xml','2016-12-28 19:03:29',1,46),(318,220,'IcsrVersion_IcsrId220_DrugId59_1482944628.xml','/files/icsrsVersions/IcsrVersion_IcsrId220_DrugId59_1482944628.xml','2016-12-28 19:03:48',2,46),(319,220,'IcsrVersion_IcsrId220_DrugId59_1482944666.xml','/files/icsrsVersions/IcsrVersion_IcsrId220_DrugId59_1482944666.xml','2016-12-28 19:04:26',3,46),(320,145,'IcsrVersion_IcsrId145_DrugId36_1483008921.xml','/files/icsrsVersions/IcsrVersion_IcsrId145_DrugId36_1483008921.xml','2016-12-29 12:55:21',7,46),(321,145,'IcsrVersion_IcsrId145_DrugId36_1483008962.xml','/files/icsrsVersions/IcsrVersion_IcsrId145_DrugId36_1483008962.xml','2016-12-29 12:56:02',8,46);
/*!40000 ALTER TABLE `icsr_version` ENABLE KEYS */;
UNLOCK TABLES;

--
-- Table structure for table `icsr_version_response`
--

DROP TABLE IF EXISTS `icsr_version_response`;
/*!40101 SET @saved_cs_client     = @@character_set_client */;
/*!40101 SET character_set_client = utf8 */;
CREATE TABLE `icsr_version_response` (
  `id` int(11) NOT NULL AUTO_INCREMENT,
  `icsr_version_id` int(11) NOT NULL,
  `response` varchar(255) DEFAULT NULL,
  `response_date` datetime DEFAULT NULL,
  PRIMARY KEY (`id`),
  KEY `idx-icsr_version_response-icsr_version_id` (`icsr_version_id`)
) ENGINE=InnoDB AUTO_INCREMENT=14 DEFAULT CHARSET=latin1;
/*!40101 SET character_set_client = @saved_cs_client */;

--
-- Dumping data for table `icsr_version_response`
--

LOCK TABLES `icsr_version_response` WRITE;
/*!40000 ALTER TABLE `icsr_version_response` DISABLE KEYS */;
INSERT INTO `icsr_version_response` VALUES (10,64,'/yiiyak/backend/web/files/icsrsVersionsReponse/IcsrResponse_IcsrVersionId64_1476093465.xml','2016-10-10 11:57:45'),(11,65,'1231313','2016-10-10 11:58:52'),(12,66,'received','2016-10-10 11:59:01'),(13,316,'/files/icsrsVersionsReponse/IcsrResponse_IcsrVersionId316_1482595373.xml','2016-12-24 18:02:53');
/*!40000 ALTER TABLE `icsr_version_response` ENABLE KEYS */;
UNLOCK TABLES;

--
-- Table structure for table `lkp_age_unit`
--

DROP TABLE IF EXISTS `lkp_age_unit`;
/*!40101 SET @saved_cs_client     = @@character_set_client */;
/*!40101 SET character_set_client = utf8 */;
CREATE TABLE `lkp_age_unit` (
  `id` int(11) NOT NULL,
  `name` varchar(128) DEFAULT NULL,
  PRIMARY KEY (`id`),
  UNIQUE KEY `name` (`name`)
) ENGINE=InnoDB DEFAULT CHARSET=utf8;
/*!40101 SET character_set_client = @saved_cs_client */;

--
-- Dumping data for table `lkp_age_unit`
--

LOCK TABLES `lkp_age_unit` WRITE;
/*!40000 ALTER TABLE `lkp_age_unit` DISABLE KEYS */;
INSERT INTO `lkp_age_unit` VALUES (803,'Day'),(802,'Month'),(801,'year');
/*!40000 ALTER TABLE `lkp_age_unit` ENABLE KEYS */;
UNLOCK TABLES;

--
-- Table structure for table `lkp_city`
--

DROP TABLE IF EXISTS `lkp_city`;
/*!40101 SET @saved_cs_client     = @@character_set_client */;
/*!40101 SET character_set_client = utf8 */;
CREATE TABLE `lkp_city` (
  `id` int(11) NOT NULL AUTO_INCREMENT,
  `name` varchar(255) DEFAULT NULL,
  PRIMARY KEY (`id`)
) ENGINE=InnoDB AUTO_INCREMENT=8 DEFAULT CHARSET=latin1;
/*!40101 SET character_set_client = @saved_cs_client */;

--
-- Dumping data for table `lkp_city`
--

LOCK TABLES `lkp_city` WRITE;
/*!40000 ALTER TABLE `lkp_city` DISABLE KEYS */;
INSERT INTO `lkp_city` VALUES (1,'Alexandria'),(2,'Cairo'),(3,'Sohag'),(4,'Mansoura'),(5,'Tanta'),(6,'Ismalia'),(7,'El Shrkya');
/*!40000 ALTER TABLE `lkp_city` ENABLE KEYS */;
UNLOCK TABLES;

--
-- Table structure for table `lkp_country`
--

DROP TABLE IF EXISTS `lkp_country`;
/*!40101 SET @saved_cs_client     = @@character_set_client */;
/*!40101 SET character_set_client = utf8 */;
CREATE TABLE `lkp_country` (
  `id` int(11) NOT NULL AUTO_INCREMENT,
  `name` varchar(45) DEFAULT NULL,
  `code` varchar(45) DEFAULT NULL,
  PRIMARY KEY (`id`)
) ENGINE=InnoDB AUTO_INCREMENT=493 DEFAULT CHARSET=utf8;
/*!40101 SET character_set_client = @saved_cs_client */;

--
-- Dumping data for table `lkp_country`
--

LOCK TABLES `lkp_country` WRITE;
/*!40000 ALTER TABLE `lkp_country` DISABLE KEYS */;
INSERT INTO `lkp_country` VALUES (1,'Egypt','EG'),(2,'US','us'),(248,'Afghanistan','AF'),(249,'Aland Islands','AX'),(250,'Albania','AL'),(251,'Algeria','DZ'),(252,'American Samoa','AS'),(253,'Andorra','AD'),(254,'Angola','AO'),(255,'Anguilla','AI'),(256,'Antarctica','AQ'),(257,'Antigua And Barbuda','AG'),(258,'Argentina','AR'),(259,'Armenia','AM'),(260,'Aruba','AW'),(261,'Australia','AU'),(262,'Austria','AT'),(263,'Azerbaijan','AZ'),(264,'Bahamas','BS'),(265,'Bahrain','BH'),(266,'Bangladesh','BD'),(267,'Barbados','BB'),(268,'Belarus','BY'),(269,'Belgium','BE'),(270,'Belize','BZ'),(271,'Benin','BJ'),(272,'Bermuda','BM'),(273,'Bhutan','BT'),(274,'Bolivia','BO'),(275,'Bosnia And Herzegovina','BA'),(276,'Botswana','BW'),(277,'Bouvet Island','BV'),(278,'Brazil','BR'),(279,'British Indian Ocean Territory','IO'),(280,'Brunei Darussalam','BN'),(281,'Bulgaria','BG'),(282,'Burkina Faso','BF'),(283,'Burundi','BI'),(284,'Cambodia','KH'),(285,'Cameroon','CM'),(286,'Canada','CA'),(287,'Cape Verde','CV'),(288,'Cayman Islands','KY'),(289,'Central African Republic','CF'),(290,'Chad','TD'),(291,'Chile','CL'),(292,'China','CN'),(293,'Christmas Island','CX'),(294,'Cocos (Keeling) Islands','CC'),(295,'Colombia','CO'),(296,'Comoros','KM'),(297,'Congo','CG'),(298,'Congo, Democratic Republic','CD'),(299,'Cook Islands','CK'),(300,'Costa Rica','CR'),(301,'Cote D\'Ivoire','CI'),(302,'Croatia','HR'),(303,'Cuba','CU'),(304,'Cyprus','CY'),(305,'Czech Republic','CZ'),(306,'Denmark','DK'),(307,'Djibouti','DJ'),(308,'Dominica','DM'),(309,'Dominican Republic','DO'),(310,'Ecuador','EC'),(311,'Egypt','EG'),(312,'El Salvador','SV'),(313,'Equatorial Guinea','GQ'),(314,'Eritrea','ER'),(315,'Estonia','EE'),(316,'Ethiopia','ET'),(317,'Falkland Islands (Malvinas)','FK'),(318,'Faroe Islands','FO'),(319,'Fiji','FJ'),(320,'Finland','FI'),(321,'France','FR'),(322,'French Guiana','GF'),(323,'French Polynesia','PF'),(324,'French Southern Territories','TF'),(325,'Gabon','GA'),(326,'Gambia','GM'),(327,'Georgia','GE'),(328,'Germany','DE'),(329,'Ghana','GH'),(330,'Gibraltar','GI'),(331,'Greece','GR'),(332,'Greenland','GL'),(333,'Grenada','GD'),(334,'Guadeloupe','GP'),(335,'Guam','GU'),(336,'Guatemala','GT'),(337,'Guernsey','GG'),(338,'Guinea','GN'),(339,'Guinea-Bissau','GW'),(340,'Guyana','GY'),(341,'Haiti','HT'),(342,'Heard Island & Mcdonald Islands','HM'),(343,'Holy See (Vatican City State)','VA'),(344,'Honduras','HN'),(345,'Hong Kong','HK'),(346,'Hungary','HU'),(347,'Iceland','IS'),(348,'India','IN'),(349,'Indonesia','ID'),(350,'Iran, Islamic Republic Of','IR'),(351,'Iraq','IQ'),(352,'Ireland','IE'),(353,'Isle Of Man','IM'),(354,'Israel','IL'),(355,'Italy','IT'),(356,'Jamaica','JM'),(357,'Japan','JP'),(358,'Jersey','JE'),(359,'Jordan','JO'),(360,'Kazakhstan','KZ'),(361,'Kenya','KE'),(362,'Kiribati','KI'),(363,'Korea','KR'),(364,'Kuwait','KW'),(365,'Kyrgyzstan','KG'),(366,'Lao People\'s Democratic Republic','LA'),(367,'Latvia','LV'),(368,'Lebanon','LB'),(369,'Lesotho','LS'),(370,'Liberia','LR'),(371,'Libyan Arab Jamahiriya','LY'),(372,'Liechtenstein','LI'),(373,'Lithuania','LT'),(374,'Luxembourg','LU'),(375,'Macao','MO'),(376,'Macedonia','MK'),(377,'Madagascar','MG'),(378,'Malawi','MW'),(379,'Malaysia','MY'),(380,'Maldives','MV'),(381,'Mali','ML'),(382,'Malta','MT'),(383,'Marshall Islands','MH'),(384,'Martinique','MQ'),(385,'Mauritania','MR'),(386,'Mauritius','MU'),(387,'Mayotte','YT'),(388,'Mexico','MX'),(389,'Micronesia, Federated States Of','FM'),(390,'Moldova','MD'),(391,'Monaco','MC'),(392,'Mongolia','MN'),(393,'Montenegro','ME'),(394,'Montserrat','MS'),(395,'Morocco','MA'),(396,'Mozambique','MZ'),(397,'Myanmar','MM'),(398,'Namibia','NA'),(399,'Nauru','NR'),(400,'Nepal','NP'),(401,'Netherlands','NL'),(402,'Netherlands Antilles','AN'),(403,'New Caledonia','NC'),(404,'New Zealand','NZ'),(405,'Nicaragua','NI'),(406,'Niger','NE'),(407,'Nigeria','NG'),(408,'Niue','NU'),(409,'Norfolk Island','NF'),(410,'Northern Mariana Islands','MP'),(411,'Norway','NO'),(412,'Oman','OM'),(413,'Pakistan','PK'),(414,'Palau','PW'),(415,'Palestinian Territory, Occupied','PS'),(416,'Panama','PA'),(417,'Papua New Guinea','PG'),(418,'Paraguay','PY'),(419,'Peru','PE'),(420,'Philippines','PH'),(421,'Pitcairn','PN'),(422,'Poland','PL'),(423,'Portugal','PT'),(424,'Puerto Rico','PR'),(425,'Qatar','QA'),(426,'Reunion','RE'),(427,'Romania','RO'),(428,'Russian Federation','RU'),(429,'Rwanda','RW'),(430,'Saint Barthelemy','BL'),(431,'Saint Helena','SH'),(432,'Saint Kitts And Nevis','KN'),(433,'Saint Lucia','LC'),(434,'Saint Martin','MF'),(435,'Saint Pierre And Miquelon','PM'),(436,'Saint Vincent And Grenadines','VC'),(437,'Samoa','WS'),(438,'San Marino','SM'),(439,'Sao Tome And Principe','ST'),(440,'Saudi Arabia','SA'),(441,'Senegal','SN'),(442,'Serbia','RS'),(443,'Seychelles','SC'),(444,'Sierra Leone','SL'),(445,'Singapore','SG'),(446,'Slovakia','SK'),(447,'Slovenia','SI'),(448,'Solomon Islands','SB'),(449,'Somalia','SO'),(450,'South Africa','ZA'),(451,'South Georgia And Sandwich Isl.','GS'),(452,'Spain','ES'),(453,'Sri Lanka','LK'),(454,'Sudan','SD'),(455,'Suriname','SR'),(456,'Svalbard And Jan Mayen','SJ'),(457,'Swaziland','SZ'),(458,'Sweden','SE'),(459,'Switzerland','CH'),(460,'Syrian Arab Republic','SY'),(461,'Taiwan','TW'),(462,'Tajikistan','TJ'),(463,'Tanzania','TZ'),(464,'Thailand','TH'),(465,'Timor-Leste','TL'),(466,'Togo','TG'),(467,'Tokelau','TK'),(468,'Tonga','TO'),(469,'Trinidad And Tobago','TT'),(470,'Tunisia','TN'),(471,'Turkey','TR'),(472,'Turkmenistan','TM'),(473,'Turks And Caicos Islands','TC'),(474,'Tuvalu','TV'),(475,'Uganda','UG'),(476,'Ukraine','UA'),(477,'United Arab Emirates','AE'),(478,'United Kingdom','GB'),(479,'United States','US'),(480,'United States Outlying Islands','UM'),(481,'Uruguay','UY'),(482,'Uzbekistan','UZ'),(483,'Vanuatu','VU'),(484,'Venezuela','VE'),(485,'Viet Nam','VN'),(486,'Virgin Islands, British','VG'),(487,'Virgin Islands, U.S.','VI'),(488,'Wallis And Futuna','WF'),(489,'Western Sahara','EH'),(490,'Yemen','YE'),(491,'Zambia','ZM'),(492,'Zimbabwe','ZW');
/*!40000 ALTER TABLE `lkp_country` ENABLE KEYS */;
UNLOCK TABLES;

--
-- Table structure for table `lkp_dose_unit`
--

DROP TABLE IF EXISTS `lkp_dose_unit`;
/*!40101 SET @saved_cs_client     = @@character_set_client */;
/*!40101 SET character_set_client = utf8 */;
CREATE TABLE `lkp_dose_unit` (
  `id` int(11) NOT NULL,
  `name` varchar(128) DEFAULT NULL,
  PRIMARY KEY (`id`),
  UNIQUE KEY `name` (`name`)
) ENGINE=InnoDB DEFAULT CHARSET=utf8;
/*!40101 SET character_set_client = @saved_cs_client */;

--
-- Dumping data for table `lkp_dose_unit`
--

LOCK TABLES `lkp_dose_unit` WRITE;
/*!40000 ALTER TABLE `lkp_dose_unit` DISABLE KEYS */;
/*!40000 ALTER TABLE `lkp_dose_unit` ENABLE KEYS */;
UNLOCK TABLES;

--
-- Table structure for table `lkp_drug_action`
--

DROP TABLE IF EXISTS `lkp_drug_action`;
/*!40101 SET @saved_cs_client     = @@character_set_client */;
/*!40101 SET character_set_client = utf8 */;
CREATE TABLE `lkp_drug_action` (
  `id` int(11) NOT NULL AUTO_INCREMENT,
  `name` varchar(255) DEFAULT NULL,
  PRIMARY KEY (`id`)
) ENGINE=InnoDB AUTO_INCREMENT=7 DEFAULT CHARSET=latin1;
/*!40101 SET character_set_client = @saved_cs_client */;

--
-- Dumping data for table `lkp_drug_action`
--

LOCK TABLES `lkp_drug_action` WRITE;
/*!40000 ALTER TABLE `lkp_drug_action` DISABLE KEYS */;
INSERT INTO `lkp_drug_action` VALUES (1,'Drug withdrawn'),(2,'Dose reduced'),(3,'Dose increased'),(4,'Dose not changed'),(5,'Unknown'),(6,'Not applicable');
/*!40000 ALTER TABLE `lkp_drug_action` ENABLE KEYS */;
UNLOCK TABLES;

--
-- Table structure for table `lkp_drug_role`
--

DROP TABLE IF EXISTS `lkp_drug_role`;
/*!40101 SET @saved_cs_client     = @@character_set_client */;
/*!40101 SET character_set_client = utf8 */;
CREATE TABLE `lkp_drug_role` (
  `id` int(11) NOT NULL,
  `name` varchar(128) DEFAULT NULL,
  PRIMARY KEY (`id`),
  UNIQUE KEY `name` (`name`)
) ENGINE=InnoDB DEFAULT CHARSET=utf8;
/*!40101 SET character_set_client = @saved_cs_client */;

--
-- Dumping data for table `lkp_drug_role`
--

LOCK TABLES `lkp_drug_role` WRITE;
/*!40000 ALTER TABLE `lkp_drug_role` DISABLE KEYS */;
INSERT INTO `lkp_drug_role` VALUES (2,'Concomitant'),(3,'Interacting'),(1,'Suspect');
/*!40000 ALTER TABLE `lkp_drug_role` ENABLE KEYS */;
UNLOCK TABLES;

--
-- Table structure for table `lkp_frequency`
--

DROP TABLE IF EXISTS `lkp_frequency`;
/*!40101 SET @saved_cs_client     = @@character_set_client */;
/*!40101 SET character_set_client = utf8 */;
CREATE TABLE `lkp_frequency` (
  `id` int(11) NOT NULL AUTO_INCREMENT,
  `description` varchar(45) DEFAULT NULL COMMENT 'QD\nBID\nTID\nQID\nQHS/bedtime\nPRN/as needed\nOther',
  PRIMARY KEY (`id`)
) ENGINE=InnoDB AUTO_INCREMENT=8 DEFAULT CHARSET=utf8;
/*!40101 SET character_set_client = @saved_cs_client */;

--
-- Dumping data for table `lkp_frequency`
--

LOCK TABLES `lkp_frequency` WRITE;
/*!40000 ALTER TABLE `lkp_frequency` DISABLE KEYS */;
INSERT INTO `lkp_frequency` VALUES (1,'QD'),(2,'BID'),(3,'TID'),(4,'QID'),(5,'QHS/bedtime'),(6,'PRN/as needed'),(7,'Other');
/*!40000 ALTER TABLE `lkp_frequency` ENABLE KEYS */;
UNLOCK TABLES;

--
-- Table structure for table `lkp_icsr_eventoutcome`
--

DROP TABLE IF EXISTS `lkp_icsr_eventoutcome`;
/*!40101 SET @saved_cs_client     = @@character_set_client */;
/*!40101 SET character_set_client = utf8 */;
CREATE TABLE `lkp_icsr_eventoutcome` (
  `id` int(11) NOT NULL AUTO_INCREMENT,
  `name` varchar(255) DEFAULT NULL,
  PRIMARY KEY (`id`)
) ENGINE=InnoDB AUTO_INCREMENT=7 DEFAULT CHARSET=latin1;
/*!40101 SET character_set_client = @saved_cs_client */;

--
-- Dumping data for table `lkp_icsr_eventoutcome`
--

LOCK TABLES `lkp_icsr_eventoutcome` WRITE;
/*!40000 ALTER TABLE `lkp_icsr_eventoutcome` DISABLE KEYS */;
INSERT INTO `lkp_icsr_eventoutcome` VALUES (1,'recovered/resolved'),(2,'recovering/resolving'),(3,'not recovered/not resolved'),(4,'recovered/resolved with sequelae'),(5,'fatal'),(6,'unknown3 ');
/*!40000 ALTER TABLE `lkp_icsr_eventoutcome` ENABLE KEYS */;
UNLOCK TABLES;

--
-- Table structure for table `lkp_icsr_outcome`
--

DROP TABLE IF EXISTS `lkp_icsr_outcome`;
/*!40101 SET @saved_cs_client     = @@character_set_client */;
/*!40101 SET character_set_client = utf8 */;
CREATE TABLE `lkp_icsr_outcome` (
  `id` int(11) NOT NULL AUTO_INCREMENT,
  `description` varchar(512) DEFAULT NULL COMMENT ' Death (include date) \n Life-Threatening \n Hospitalization (Initial or Prolonged) \n Disability or Permanent Damage\n Congenital Anomaly/Birth Defect \n Required Intervention to Prevent Permanent Impairment/Damage (Devices) \n Other Serious (Important Medical Events) ',
  PRIMARY KEY (`id`)
) ENGINE=InnoDB AUTO_INCREMENT=8 DEFAULT CHARSET=utf8;
/*!40101 SET character_set_client = @saved_cs_client */;

--
-- Dumping data for table `lkp_icsr_outcome`
--

LOCK TABLES `lkp_icsr_outcome` WRITE;
/*!40000 ALTER TABLE `lkp_icsr_outcome` DISABLE KEYS */;
INSERT INTO `lkp_icsr_outcome` VALUES (1,'fatal'),(2,'Life-Threatening '),(3,'Hospitalization (Initial or Prolonged) '),(4,'Disability or Permanent Damage'),(5,'Congenital Anomaly/Birth Defect '),(6,'Required Intervention to Prevent Permanent Impairment/Damage (Devices) '),(7,'Other Serious (Important Medical Events) ');
/*!40000 ALTER TABLE `lkp_icsr_outcome` ENABLE KEYS */;
UNLOCK TABLES;

--
-- Table structure for table `lkp_icsr_type`
--

DROP TABLE IF EXISTS `lkp_icsr_type`;
/*!40101 SET @saved_cs_client     = @@character_set_client */;
/*!40101 SET character_set_client = utf8 */;
CREATE TABLE `lkp_icsr_type` (
  `id` int(11) NOT NULL AUTO_INCREMENT,
  `description` varchar(128) DEFAULT NULL COMMENT 'Adverse Event\n Product Use Error\n Product Problem (Example: Defects/Malfunctions) \n Problem with Different Manufacturer of the Same Medicine',
  PRIMARY KEY (`id`)
) ENGINE=InnoDB AUTO_INCREMENT=5 DEFAULT CHARSET=utf8;
/*!40101 SET character_set_client = @saved_cs_client */;

--
-- Dumping data for table `lkp_icsr_type`
--

LOCK TABLES `lkp_icsr_type` WRITE;
/*!40000 ALTER TABLE `lkp_icsr_type` DISABLE KEYS */;
INSERT INTO `lkp_icsr_type` VALUES (1,'Spontaneous'),(2,'Report from study'),(3,'Other'),(4,'Not available to sender (unknown)');
/*!40000 ALTER TABLE `lkp_icsr_type` ENABLE KEYS */;
UNLOCK TABLES;

--
-- Table structure for table `lkp_limits`
--

DROP TABLE IF EXISTS `lkp_limits`;
/*!40101 SET @saved_cs_client     = @@character_set_client */;
/*!40101 SET character_set_client = utf8 */;
CREATE TABLE `lkp_limits` (
  `id` int(11) NOT NULL AUTO_INCREMENT,
  `name` varchar(255) DEFAULT NULL,
  PRIMARY KEY (`id`)
) ENGINE=InnoDB AUTO_INCREMENT=4 DEFAULT CHARSET=latin1;
/*!40101 SET character_set_client = @saved_cs_client */;

--
-- Dumping data for table `lkp_limits`
--

LOCK TABLES `lkp_limits` WRITE;
/*!40000 ALTER TABLE `lkp_limits` DISABLE KEYS */;
INSERT INTO `lkp_limits` VALUES (1,'drug'),(3,'user');
/*!40000 ALTER TABLE `lkp_limits` ENABLE KEYS */;
UNLOCK TABLES;

--
-- Table structure for table `lkp_meddra_hlgt`
--

DROP TABLE IF EXISTS `lkp_meddra_hlgt`;
/*!40101 SET @saved_cs_client     = @@character_set_client */;
/*!40101 SET character_set_client = utf8 */;
CREATE TABLE `lkp_meddra_hlgt` (
  `id` int(11) NOT NULL AUTO_INCREMENT,
  `code` varchar(45) DEFAULT NULL,
  `description` varchar(45) DEFAULT NULL,
  PRIMARY KEY (`id`)
) ENGINE=InnoDB AUTO_INCREMENT=4 DEFAULT CHARSET=utf8;
/*!40101 SET character_set_client = @saved_cs_client */;

--
-- Dumping data for table `lkp_meddra_hlgt`
--

LOCK TABLES `lkp_meddra_hlgt` WRITE;
/*!40000 ALTER TABLE `lkp_meddra_hlgt` DISABLE KEYS */;
INSERT INTO `lkp_meddra_hlgt` VALUES (1,'Hlgt1','Hlgt1 Descrption'),(2,'Hlgt2','Hlgt Hlgt'),(3,'Hlgt3','Hlgt text');
/*!40000 ALTER TABLE `lkp_meddra_hlgt` ENABLE KEYS */;
UNLOCK TABLES;

--
-- Table structure for table `lkp_meddra_llt`
--

DROP TABLE IF EXISTS `lkp_meddra_llt`;
/*!40101 SET @saved_cs_client     = @@character_set_client */;
/*!40101 SET character_set_client = utf8 */;
CREATE TABLE `lkp_meddra_llt` (
  `id` int(11) NOT NULL AUTO_INCREMENT,
  `code` varchar(45) DEFAULT NULL,
  `description` varchar(45) DEFAULT NULL,
  `meddra_pt_id` int(11) NOT NULL,
  PRIMARY KEY (`id`),
  KEY `fk_meddra_llt_meddra_pt1_idx` (`meddra_pt_id`)
) ENGINE=InnoDB AUTO_INCREMENT=3 DEFAULT CHARSET=utf8;
/*!40101 SET character_set_client = @saved_cs_client */;

--
-- Dumping data for table `lkp_meddra_llt`
--

LOCK TABLES `lkp_meddra_llt` WRITE;
/*!40000 ALTER TABLE `lkp_meddra_llt` DISABLE KEYS */;
INSERT INTO `lkp_meddra_llt` VALUES (1,'LkpMeddraLlt 11111','LkpMeddraLlt 11111',1),(2,'LkpMeddraLlt 2222','LkpMeddraLlt 2222',2);
/*!40000 ALTER TABLE `lkp_meddra_llt` ENABLE KEYS */;
UNLOCK TABLES;

--
-- Table structure for table `lkp_meddra_pt`
--

DROP TABLE IF EXISTS `lkp_meddra_pt`;
/*!40101 SET @saved_cs_client     = @@character_set_client */;
/*!40101 SET character_set_client = utf8 */;
CREATE TABLE `lkp_meddra_pt` (
  `id` int(11) NOT NULL AUTO_INCREMENT,
  `code` varchar(45) DEFAULT NULL,
  `description` varchar(45) DEFAULT NULL,
  `meddra_hlgt_id` int(11) NOT NULL,
  PRIMARY KEY (`id`),
  KEY `fk_meddra_pt_meddra_hlgt1_idx` (`meddra_hlgt_id`)
) ENGINE=InnoDB AUTO_INCREMENT=4 DEFAULT CHARSET=utf8;
/*!40101 SET character_set_client = @saved_cs_client */;

--
-- Dumping data for table `lkp_meddra_pt`
--

LOCK TABLES `lkp_meddra_pt` WRITE;
/*!40000 ALTER TABLE `lkp_meddra_pt` DISABLE KEYS */;
INSERT INTO `lkp_meddra_pt` VALUES (1,'LkpMeddraPt1-1','LkpMeddraPt11',1),(2,'LkpMeddraPt1-2','LkpMeddraPt1-2',1),(3,'LkpMeddraPt2-1','LkpMeddraPt2-1',2);
/*!40000 ALTER TABLE `lkp_meddra_pt` ENABLE KEYS */;
UNLOCK TABLES;

--
-- Table structure for table `lkp_occupation`
--

DROP TABLE IF EXISTS `lkp_occupation`;
/*!40101 SET @saved_cs_client     = @@character_set_client */;
/*!40101 SET character_set_client = utf8 */;
CREATE TABLE `lkp_occupation` (
  `id` int(11) NOT NULL AUTO_INCREMENT,
  `description` varchar(45) DEFAULT NULL COMMENT 'Consumer or Non-Health Professional\nOther Health Professional\nLawyer\nMedical Doctor (Physician)\nPharmacists\nNurse\nSales Force',
  PRIMARY KEY (`id`)
) ENGINE=InnoDB AUTO_INCREMENT=7 DEFAULT CHARSET=utf8;
/*!40101 SET character_set_client = @saved_cs_client */;

--
-- Dumping data for table `lkp_occupation`
--

LOCK TABLES `lkp_occupation` WRITE;
/*!40000 ALTER TABLE `lkp_occupation` DISABLE KEYS */;
INSERT INTO `lkp_occupation` VALUES (1,'Consumer or Non-Health Professional'),(2,'Other Health Professional'),(3,'Lawyer'),(4,'Medical Doctor (Physician)'),(5,'Pharmacists'),(6,'Nurse');
/*!40000 ALTER TABLE `lkp_occupation` ENABLE KEYS */;
UNLOCK TABLES;

--
-- Table structure for table `lkp_plan`
--

DROP TABLE IF EXISTS `lkp_plan`;
/*!40101 SET @saved_cs_client     = @@character_set_client */;
/*!40101 SET character_set_client = utf8 */;
CREATE TABLE `lkp_plan` (
  `id` int(11) NOT NULL AUTO_INCREMENT,
  `name` varchar(255) DEFAULT NULL,
  PRIMARY KEY (`id`)
) ENGINE=InnoDB AUTO_INCREMENT=15 DEFAULT CHARSET=latin1;
/*!40101 SET character_set_client = @saved_cs_client */;

--
-- Dumping data for table `lkp_plan`
--

LOCK TABLES `lkp_plan` WRITE;
/*!40000 ALTER TABLE `lkp_plan` DISABLE KEYS */;
INSERT INTO `lkp_plan` VALUES (1,'I'),(2,'II'),(3,'III'),(4,'admin Plan'),(5,'TestPlan12'),(6,'TestPlanForMe'),(7,''),(8,'asdfffff'),(11,'help'),(14,'IV');
/*!40000 ALTER TABLE `lkp_plan` ENABLE KEYS */;
UNLOCK TABLES;

--
-- Table structure for table `lkp_reaction_outcome`
--

DROP TABLE IF EXISTS `lkp_reaction_outcome`;
/*!40101 SET @saved_cs_client     = @@character_set_client */;
/*!40101 SET character_set_client = utf8 */;
CREATE TABLE `lkp_reaction_outcome` (
  `id` int(11) NOT NULL,
  `name` varchar(128) DEFAULT NULL,
  PRIMARY KEY (`id`),
  UNIQUE KEY `name` (`name`)
) ENGINE=InnoDB DEFAULT CHARSET=utf8;
/*!40101 SET character_set_client = @saved_cs_client */;

--
-- Dumping data for table `lkp_reaction_outcome`
--

LOCK TABLES `lkp_reaction_outcome` WRITE;
/*!40000 ALTER TABLE `lkp_reaction_outcome` DISABLE KEYS */;
INSERT INTO `lkp_reaction_outcome` VALUES (1,'recovered/resolved');
/*!40000 ALTER TABLE `lkp_reaction_outcome` ENABLE KEYS */;
UNLOCK TABLES;

--
-- Table structure for table `lkp_route`
--

DROP TABLE IF EXISTS `lkp_route`;
/*!40101 SET @saved_cs_client     = @@character_set_client */;
/*!40101 SET character_set_client = utf8 */;
CREATE TABLE `lkp_route` (
  `id` int(11) NOT NULL AUTO_INCREMENT,
  `description` varchar(45) DEFAULT NULL COMMENT 'Auricular (otic) \nEpidural   \nIntramuscular\nIntravenous\nOphthalmic\nOral\nRectal\nRespiratory\nSubcutaneous\nTopical\nTransdermal\nVaginal\nSublingual\nOther',
  PRIMARY KEY (`id`)
) ENGINE=InnoDB AUTO_INCREMENT=15 DEFAULT CHARSET=utf8;
/*!40101 SET character_set_client = @saved_cs_client */;

--
-- Dumping data for table `lkp_route`
--

LOCK TABLES `lkp_route` WRITE;
/*!40000 ALTER TABLE `lkp_route` DISABLE KEYS */;
INSERT INTO `lkp_route` VALUES (1,'Auricular (otic) '),(2,'Epidural   '),(3,'Intramuscular'),(4,'Intravenous'),(5,'Ophthalmic'),(6,'Oral'),(7,'Rectal'),(8,'Respiratory'),(9,'Subcutaneous'),(10,'Topical'),(11,'Transdermal'),(12,'Vaginal'),(13,'Sublingual'),(14,'Other');
/*!40000 ALTER TABLE `lkp_route` ENABLE KEYS */;
UNLOCK TABLES;

--
-- Table structure for table `lkp_test`
--

DROP TABLE IF EXISTS `lkp_test`;
/*!40101 SET @saved_cs_client     = @@character_set_client */;
/*!40101 SET character_set_client = utf8 */;
CREATE TABLE `lkp_test` (
  `id` int(11) NOT NULL AUTO_INCREMENT,
  `name` varchar(45) DEFAULT NULL,
  `description` varchar(45) DEFAULT NULL,
  PRIMARY KEY (`id`)
) ENGINE=InnoDB AUTO_INCREMENT=4 DEFAULT CHARSET=utf8;
/*!40101 SET character_set_client = @saved_cs_client */;

--
-- Dumping data for table `lkp_test`
--

LOCK TABLES `lkp_test` WRITE;
/*!40000 ALTER TABLE `lkp_test` DISABLE KEYS */;
INSERT INTO `lkp_test` VALUES (1,'blood presure','testing level '),(2,'blood toxcicity  ','blood toxcicity  '),(3,'hameoglobin test ','haemo');
/*!40000 ALTER TABLE `lkp_test` ENABLE KEYS */;
UNLOCK TABLES;

--
-- Table structure for table `lkp_time_unit`
--

DROP TABLE IF EXISTS `lkp_time_unit`;
/*!40101 SET @saved_cs_client     = @@character_set_client */;
/*!40101 SET character_set_client = utf8 */;
CREATE TABLE `lkp_time_unit` (
  `id` int(11) NOT NULL,
  `name` varchar(128) DEFAULT NULL,
  PRIMARY KEY (`id`),
  UNIQUE KEY `name` (`name`)
) ENGINE=InnoDB DEFAULT CHARSET=utf8;
/*!40101 SET character_set_client = @saved_cs_client */;

--
-- Dumping data for table `lkp_time_unit`
--

LOCK TABLES `lkp_time_unit` WRITE;
/*!40000 ALTER TABLE `lkp_time_unit` DISABLE KEYS */;
INSERT INTO `lkp_time_unit` VALUES (803,'Day'),(802,'Month'),(801,'Year');
/*!40000 ALTER TABLE `lkp_time_unit` ENABLE KEYS */;
UNLOCK TABLES;

--
-- Table structure for table `lkp_weight_unit`
--

DROP TABLE IF EXISTS `lkp_weight_unit`;
/*!40101 SET @saved_cs_client     = @@character_set_client */;
/*!40101 SET character_set_client = utf8 */;
CREATE TABLE `lkp_weight_unit` (
  `id` int(11) NOT NULL,
  `name` varchar(45) DEFAULT NULL,
  PRIMARY KEY (`id`)
) ENGINE=InnoDB DEFAULT CHARSET=utf8;
/*!40101 SET character_set_client = @saved_cs_client */;

--
-- Dumping data for table `lkp_weight_unit`
--

LOCK TABLES `lkp_weight_unit` WRITE;
/*!40000 ALTER TABLE `lkp_weight_unit` DISABLE KEYS */;
INSERT INTO `lkp_weight_unit` VALUES (1,'Kg'),(2,'gram');
/*!40000 ALTER TABLE `lkp_weight_unit` ENABLE KEYS */;
UNLOCK TABLES;

--
-- Table structure for table `meddra_hlgt`
--

DROP TABLE IF EXISTS `meddra_hlgt`;
/*!40101 SET @saved_cs_client     = @@character_set_client */;
/*!40101 SET character_set_client = utf8 */;
CREATE TABLE `meddra_hlgt` (
  `id` bigint(20) unsigned DEFAULT NULL,
  `term` varchar(100) NOT NULL,
  `who_art_code` varchar(7) DEFAULT NULL,
  `harts_code` bigint(20) DEFAULT NULL,
  `costart_sym` varchar(21) DEFAULT NULL,
  `icd9` varchar(8) DEFAULT NULL,
  `icd9_cm` varchar(8) DEFAULT NULL,
  `icd10` varchar(8) DEFAULT NULL,
  `jart_code` varchar(6) DEFAULT NULL,
  KEY `ix1_hlgt01` (`id`),
  KEY `ix1_hlgt02` (`term`),
  FULLTEXT KEY `term` (`term`)
) ENGINE=InnoDB DEFAULT CHARSET=latin1;
/*!40101 SET character_set_client = @saved_cs_client */;

--
-- Dumping data for table `meddra_hlgt`
--

LOCK TABLES `meddra_hlgt` WRITE;
/*!40000 ALTER TABLE `meddra_hlgt` DISABLE KEYS */;
INSERT INTO `meddra_hlgt` VALUES (10000073,'Abdominal hernias and other abdominal wall conditions','',NULL,'','','','',''),(10000211,'Abortions and stillbirth','',NULL,'','','','',''),(10000485,'Acid-base disorders','',NULL,'','','','',''),(10000546,'Metabolism disorders NEC','',NULL,'','','','',''),(10001302,'Adjustment disorders (incl subtypes)','',NULL,'','','','',''),(10001316,'Administration site reactions','',NULL,'','','','',''),(10001353,'Adrenal gland disorders','',NULL,'','','','',''),(10001474,'Age related factors','',NULL,'','','','',''),(10001708,'Allergic conditions','',NULL,'','','','',''),(10002086,'Anaemias nonhaemolytic and marrow depression','',NULL,'','','','',''),(10002112,'Anal and rectal conditions NEC','',NULL,'','','','',''),(10002252,'Ancillary infectious topics','',NULL,'','','','',''),(10002363,'Aneurysms and artery dissections','',NULL,'','','','',''),(10002426,'Angioedema and urticaria','',NULL,'','','','',''),(10002693,'Anterior eye structural change, deposit and degeneration','',NULL,'','','','',''),(10002861,'Anxiety disorders and symptoms','',NULL,'','','','',''),(10003018,'Appetite and general nutritional disorders','',NULL,'','','','',''),(10003184,'Vascular therapeutic procedures','',NULL,'','','','',''),(10003216,'Arteriosclerosis, stenosis, vascular insufficiency and necrosis','',NULL,'','','','',''),(10003816,'Autoimmune disorders','',NULL,'','','','',''),(10004018,'Bacterial infectious disorders','',NULL,'','','','',''),(10004606,'Bile duct disorders','',NULL,'','','','',''),(10004994,'Bladder and bladder neck disorders (excl calculi)','',NULL,'','','','',''),(10005330,'Blood and lymphatic system disorders congenital','',NULL,'','','','',''),(10005908,'Body temperature conditions','',NULL,'','','','',''),(10005942,'Bone and joint injuries','',NULL,'','','','',''),(10005944,'Bone and joint therapeutic procedures','',NULL,'','','','',''),(10005959,'Bone disorders (excl congenital and fractures)','',NULL,'','','','',''),(10006232,'Breast disorders','',NULL,'','','','',''),(10006288,'Breast neoplasms benign (incl nipple)','',NULL,'','','','',''),(10006291,'Breast neoplasms malignant and unspecified (incl nipple)','',NULL,'','','','',''),(10006295,'Breast therapeutic procedures','',NULL,'','','','',''),(10006436,'Bronchial disorders (excl neoplasms)','',NULL,'','','','',''),(10007510,'Cardiac and vascular disorders congenital','',NULL,'','','','',''),(10007512,'Cardiac and vascular investigations (excl enzyme tests)','',NULL,'','','','',''),(10007521,'Cardiac arrhythmias','',NULL,'','','','',''),(10007539,'Cardiac disorder signs and symptoms','',NULL,'','','','',''),(10007590,'Cardiac neoplasms','',NULL,'','','','',''),(10007593,'Cardiac therapeutic procedures','',NULL,'','','','',''),(10007867,'Tissue disorders NEC','',NULL,'','','','',''),(10007951,'Central nervous system infections and inflammations','',NULL,'','','','',''),(10007963,'Central nervous system vascular disorders','',NULL,'','','','',''),(10008401,'Changes in physical activity','',NULL,'','','','',''),(10008555,'Chlamydial infectious disorders','',NULL,'','','','',''),(10008804,'Chromosomal abnormalities and abnormal gene carriers','',NULL,'','','','',''),(10009720,'Nervous system, skull and spine therapeutic procedures','',NULL,'','','','',''),(10009841,'Cognitive and attention disorders and disturbances','',NULL,'','','','',''),(10010118,'Communication disorders and disturbances','',NULL,'','','','',''),(10010273,'Pregnancy, labour, delivery and postpartum conditions','',NULL,'','','','',''),(10010335,'Congenital and peripartum neurological conditions','',NULL,'','','','',''),(10010394,'Congenital cardiac disorders','',NULL,'','','','',''),(10010449,'Congenital ear disorders (excl deafness)','',NULL,'','','','',''),(10010463,'Congenital eye disorders (excl glaucoma)','',NULL,'','','','',''),(10010612,'Congenital reproductive tract and breast disorders','',NULL,'','','','',''),(10010613,'Congenital respiratory tract disorders','',NULL,'','','','',''),(10010761,'Connective tissue disorders (excl congenital)','',NULL,'','','','',''),(10011063,'Cornification and dystrophic skin disorders','',NULL,'','','','',''),(10011082,'Coronary artery disorders','',NULL,'','','','',''),(10011305,'Cranial nerve disorders (excl neoplasms)','',NULL,'','','','',''),(10011822,'Cytogenetic investigations','',NULL,'','','','',''),(10011954,'Decreased and nonspecific blood pressure disorders and shock','',NULL,'','','','',''),(10012221,'Deliria (incl confusion)','',NULL,'','','','',''),(10012272,'Dementia and amnestic conditions','',NULL,'','','','',''),(10012303,'Demyelinating disorders','',NULL,'','','','',''),(10012375,'Depressed mood disorders and disturbances','',NULL,'','','','',''),(10012562,'Developmental disorders NEC','',NULL,'','','','',''),(10012653,'Diabetic complications','',NULL,'','','','',''),(10013296,'Bone, calcium, magnesium and phosphorus metabolism disorders','',NULL,'','','','',''),(10013317,'Lipid metabolism disorders','',NULL,'','','','',''),(10013326,'Menstrual cycle and uterine bleeding disorders','',NULL,'','','','',''),(10013355,'Penile and scrotal disorders (excl infections and inflammations)','',NULL,'','','','',''),(10013356,'Sexual function and fertility disorders','',NULL,'','','','',''),(10013361,'Synovial and bursal disorders','',NULL,'','','','',''),(10013362,'Testicular and epididymal disorders','',NULL,'','','','',''),(10013364,'Cervix disorders (excl infections and inflammations)','',NULL,'','','','',''),(10013369,'Thoracic disorders (excl lung and pleura)','',NULL,'','','','',''),(10013465,'Dissociative disorders','',NULL,'','','','',''),(10013511,'Disturbances in thinking and perception','',NULL,'','','','',''),(10013535,'Diverticular disorders','',NULL,'','','','',''),(10013995,'Ear and labyrinthine disorders congenital','',NULL,'','','','',''),(10014067,'Eating disorders and disturbances','',NULL,'','','','',''),(10014136,'Economic and housing issues','',NULL,'','','','',''),(10014142,'Ectoparasitic disorders','',NULL,'','','','',''),(10014412,'Electrolyte and fluid balance conditions','',NULL,'','','','',''),(10014523,'Embolism and thrombosis','',NULL,'','','','',''),(10014623,'Encephalopathies','',NULL,'','','','',''),(10014662,'Endocardial disorders','',NULL,'','','','',''),(10014699,'Endocrine disorders congenital','',NULL,'','','','',''),(10014701,'Endocrine disorders of gonadal function','',NULL,'','','','',''),(10014705,'Endocrine gland therapeutic procedures','',NULL,'','','','',''),(10014706,'Endocrine investigations (incl sex hormones)','',NULL,'','','','',''),(10014710,'Endocrine neoplasms benign','',NULL,'','','','',''),(10014713,'Endocrine neoplasms malignant and unspecified','',NULL,'','','','',''),(10014931,'Environmental issues','',NULL,'','','','',''),(10014938,'Enzyme investigations NEC','',NULL,'','','','',''),(10014982,'Epidermal and dermal conditions','',NULL,'','','','',''),(10015674,'Exocrine pancreas conditions','',NULL,'','','','',''),(10015732,'External ear disorders (excl congenital)','',NULL,'','','','',''),(10015917,'Eye disorders NEC','',NULL,'','','','',''),(10015920,'Eye disorders congenital','',NULL,'','','','',''),(10015957,'Eye therapeutic procedures','',NULL,'','','','',''),(10016214,'Family issues','',NULL,'','','','',''),(10016417,'Female reproductive tract infections and inflammations','',NULL,'','','','',''),(10016849,'Foetal complications','',NULL,'','','','',''),(10016950,'Food intolerance syndromes','',NULL,'','','','',''),(10017322,'Fractures','',NULL,'','','','',''),(10017528,'Fungal infectious disorders','',NULL,'','','','',''),(10017628,'Gallbladder disorders','',NULL,'','','','',''),(10017934,'Benign neoplasms gastrointestinal','',NULL,'','','','',''),(10017943,'Gastrointestinal conditions NEC','',NULL,'','','','',''),(10017959,'Gastrointestinal haemorrhages NEC','',NULL,'','','','',''),(10017966,'Gastrointestinal infections','',NULL,'','','','',''),(10017969,'Gastrointestinal inflammatory conditions','',NULL,'','','','',''),(10017971,'Gastrointestinal investigations','',NULL,'','','','',''),(10017977,'Gastrointestinal motility and defaecation conditions','',NULL,'','','','',''),(10017987,'Gastrointestinal neoplasms benign','',NULL,'','','','',''),(10017990,'Malignant and unspecified neoplasms gastrointestinal NEC','',NULL,'','','','',''),(10017991,'Gastrointestinal neoplasms malignant and unspecified','',NULL,'','','','',''),(10017998,'Gastrointestinal therapeutic procedures','',NULL,'','','','',''),(10018008,'Gastrointestinal stenosis and obstruction','',NULL,'','','','',''),(10018012,'Gastrointestinal signs and symptoms','',NULL,'','','','',''),(10018018,'Gastrointestinal tract disorders congenital','',NULL,'','','','',''),(10018027,'Gastrointestinal ulceration and perforation','',NULL,'','','','',''),(10018031,'Gastrointestinal vascular conditions','',NULL,'','','','',''),(10018057,'Gender related factors','',NULL,'','','','',''),(10018073,'General system disorders NEC','',NULL,'','','','',''),(10018188,'Genitourinary tract disorders NEC','',NULL,'','','','',''),(10018307,'Glaucoma and ocular hypertension','',NULL,'','','','',''),(10018424,'Glucose metabolism disorders (incl diabetes mellitus)','',NULL,'','','','',''),(10018515,'Gonadotrophin and sex hormone changes','',NULL,'','','','',''),(10018849,'Haematological disorders NEC','',NULL,'','','','',''),(10018851,'Haematology investigations (incl blood groups)','',NULL,'','','','',''),(10018865,'Haematopoietic neoplasms (excl leukaemias and lymphomas)','',NULL,'','','','',''),(10018902,'Haemoglobinopathies','',NULL,'','','','',''),(10018911,'Haemolyses and related conditions','',NULL,'','','','',''),(10019190,'Head and neck therapeutic procedures','',NULL,'','','','',''),(10019231,'Headaches','',NULL,'','','','',''),(10019243,'Hearing disorders','',NULL,'','','','',''),(10019280,'Heart failures','',NULL,'','','','',''),(10019381,'Helminthic disorders','',NULL,'','','','',''),(10019654,'Hepatic and hepatobiliary disorders','',NULL,'','','','',''),(10019806,'Hepatobiliary disorders congenital','',NULL,'','','','',''),(10019809,'Hepatobiliary investigations','',NULL,'','','','',''),(10019811,'Hepatobiliary neoplasms','',NULL,'','','','',''),(10019813,'Hepatic and biliary neoplasms benign','',NULL,'','','','',''),(10019815,'Hepatobiliary neoplasms malignant and unspecified','',NULL,'','','','',''),(10019818,'Hepatobiliary therapeutic procedures','',NULL,'','','','',''),(10021112,'Hypothalamus and pituitary gland disorders','',NULL,'','','','',''),(10021429,'Immune system disorders congenital','',NULL,'','','','',''),(10021460,'Immunodeficiency syndromes','',NULL,'','','','',''),(10021505,'Immunology and allergy investigations','',NULL,'','','','',''),(10021563,'Impulse control disorders NEC','',NULL,'','','','',''),(10021605,'Inborn errors of metabolism','',NULL,'','','','',''),(10021666,'Increased intracranial pressure and hydrocephalus','',NULL,'','','','',''),(10021877,'Ocular infections, irritations and inflammations','',NULL,'','','','',''),(10021879,'Infections - pathogen unspecified','',NULL,'','','','',''),(10021882,'Infections and infestations congenital','',NULL,'','','','',''),(10022114,'Injuries NEC','',NULL,'','','','',''),(10022119,'Injuries by physical agents','',NULL,'','','','',''),(10022396,'Inner ear and VIIIth cranial nerve disorders','',NULL,'','','','',''),(10022893,'Investigations, imaging and histopathology procedures NEC','',NULL,'','','','',''),(10022958,'Iron and trace metal metabolism disorders','',NULL,'','','','',''),(10023213,'Joint disorders','',NULL,'','','','',''),(10024136,'Legal issues','',NULL,'','','','',''),(10024324,'Leukaemias','',NULL,'','','','',''),(10024450,'Lifestyle issues','',NULL,'','','','',''),(10024580,'Lipid analyses','',NULL,'','','','',''),(10024967,'Lower respiratory tract disorders (excl obstruction and infection)','',NULL,'','','','',''),(10024970,'Respiratory tract infections','',NULL,'','','','',''),(10025231,'Lymphatic vessel disorders','',NULL,'','','','',''),(10025309,'Haematological and lymphoid tissue therapeutic procedures','',NULL,'','','','',''),(10025319,'Lymphomas Hodgkin\'s disease','',NULL,'','','','',''),(10025320,'Lymphomas non-Hodgkin\'s B-cell','',NULL,'','','','',''),(10025321,'Lymphomas non-Hodgkin\'s T-cell','',NULL,'','','','',''),(10025322,'Lymphomas non-Hodgkin\'s unspecified histology','',NULL,'','','','',''),(10025323,'Lymphomas NEC','',NULL,'','','','',''),(10025477,'Malabsorption conditions','',NULL,'','','','',''),(10025506,'Male genital tract therapeutic procedures','',NULL,'','','','',''),(10025518,'Male reproductive tract infections and inflammations','',NULL,'','','','',''),(10026753,'Manic and bipolar mood disorders and disturbances','',NULL,'','','','',''),(10026906,'Maternal complications of labour and delivery','',NULL,'','','','',''),(10026908,'Maternal complications of pregnancy','',NULL,'','','','',''),(10027412,'Mesotheliomas','',NULL,'','','','',''),(10027424,'Metabolic and nutritional disorders congenital','',NULL,'','','','',''),(10027432,'Metabolic, nutritional and blood gas investigations','',NULL,'','','','',''),(10027476,'Metastases','',NULL,'','','','',''),(10027529,'Microbiology and serology investigations','',NULL,'','','','',''),(10027584,'Middle ear disorders (excl congenital)','',NULL,'','','','',''),(10027655,'Miscellaneous and site unspecified neoplasms malignant and unspecified','',NULL,'','','','',''),(10027656,'Miscellaneous and site unspecified neoplasms benign','',NULL,'','','','',''),(10027664,'Congenital and hereditary disorders NEC','',NULL,'','','','',''),(10027665,'Immune disorders NEC','',NULL,'','','','',''),(10027667,'Aural disorders NEC','',NULL,'','','','',''),(10027946,'Mood disorders and disturbances NEC','',NULL,'','','','',''),(10028037,'Movement disorders (incl parkinsonism)','',NULL,'','','','',''),(10028302,'Muscle disorders','',NULL,'','','','',''),(10028377,'Musculoskeletal and connective tissue deformities (incl intervertebral disc disorders)','',NULL,'','','','',''),(10028387,'Musculoskeletal and soft tissue investigations (excl enzyme tests)','',NULL,'','','','',''),(10028389,'Musculoskeletal and connective tissue neoplasms','',NULL,'','','','',''),(10028393,'Musculoskeletal and connective tissue disorders NEC','',NULL,'','','','',''),(10028396,'Musculoskeletal and connective tissue disorders congenital','',NULL,'','','','',''),(10028440,'Mycobacterial infectious disorders','',NULL,'','','','',''),(10028474,'Mycoplasmal infectious disorders','',NULL,'','','','',''),(10028593,'Myocardial disorders','',NULL,'','','','',''),(10028920,'Neonatal and perinatal conditions','',NULL,'','','','',''),(10028971,'Neonatal respiratory disorders','',NULL,'','','','',''),(10029107,'Respiratory tract neoplasms','',NULL,'','','','',''),(10029112,'Neoplastic and ectopic endocrinopathies','',NULL,'','','','',''),(10029149,'Nephropathies','',NULL,'','','','',''),(10029209,'Nervous system neoplasms benign','',NULL,'','','','',''),(10029211,'Nervous system neoplasms malignant and unspecified NEC','',NULL,'','','','',''),(10029295,'Neurological, special senses and psychiatric investigations','',NULL,'','','','',''),(10029299,'Neurological disorders congenital','',NULL,'','','','',''),(10029301,'Neurological disorders of the eye','',NULL,'','','','',''),(10029305,'Neurological disorders NEC','',NULL,'','','','',''),(10029317,'Neuromuscular disorders','',NULL,'','','','',''),(10029903,'Obstetric and gynaecological therapeutic procedures','',NULL,'','','','',''),(10030046,'Ocular injuries','',NULL,'','','','',''),(10030054,'Ocular neoplasms','',NULL,'','','','',''),(10030061,'Ocular neuromuscular disorders','',NULL,'','','','',''),(10030064,'Ocular sensory symptoms NEC','',NULL,'','','','',''),(10031013,'Oral soft tissue conditions','',NULL,'','','','',''),(10033283,'Ovarian and fallopian tube disorders','',NULL,'','','','',''),(10033949,'Parathyroid gland disorders','',NULL,'','','','',''),(10034468,'Pericardial disorders','',NULL,'','','','',''),(10034606,'Peripheral neuropathies','',NULL,'','','','',''),(10034652,'Peritoneal and retroperitoneal conditions','',NULL,'','','','',''),(10034726,'Personality disorders and disturbances in behaviour','',NULL,'','','','',''),(10035023,'Pigmentation disorders','',NULL,'','','','',''),(10035129,'Placental, amniotic and cavity disorders (excl haemorrhages)','',NULL,'','','','',''),(10035227,'Plasma cell neoplasms','',NULL,'','','','',''),(10035534,'Platelet disorders','',NULL,'','','','',''),(10035597,'Pleural disorders','',NULL,'','','','',''),(10036411,'Postpartum and puerperal disorders','',NULL,'','','','',''),(10036958,'Prostatic disorders (excl infections and inflammations)','',NULL,'','','','',''),(10037000,'Protein and chemistry analyses NEC','',NULL,'','','','',''),(10037008,'Protein and amino acid metabolism disorders NEC','',NULL,'','','','',''),(10037072,'Protozoal infectious disorders','',NULL,'','','','',''),(10037173,'Psychiatric and behavioural symptoms NEC','',NULL,'','','','',''),(10037176,'Psychiatric disorders NEC','',NULL,'','','','',''),(10037454,'Pulmonary vascular disorders','',NULL,'','','','',''),(10037546,'Purine and pyrimidine metabolism disorders','',NULL,'','','','',''),(10038158,'Red blood cell disorders','',NULL,'','','','',''),(10038360,'Renal and urinary tract disorders congenital','',NULL,'','','','',''),(10038362,'Renal and urinary tract investigations and urinalyses','',NULL,'','','','',''),(10038363,'Renal and urinary tract neoplasms benign','',NULL,'','','','',''),(10038364,'Renal and urinary tract neoplasms malignant and unspecified','',NULL,'','','','',''),(10038365,'Renal and urinary tract therapeutic procedures','',NULL,'','','','',''),(10038430,'Renal disorders (excl nephropathies)','',NULL,'','','','',''),(10038588,'Reproductive and genitourinary neoplasms gender unspecified NEC','',NULL,'','','','',''),(10038592,'Reproductive organ and breast investigations (excl hormone analyses)','',NULL,'','','','',''),(10038593,'Reproductive neoplasms male benign','',NULL,'','','','',''),(10038594,'Reproductive neoplasms female malignant and unspecified','',NULL,'','','','',''),(10038595,'Reproductive neoplasms female benign','',NULL,'','','','',''),(10038597,'Reproductive neoplasms male malignant and unspecified','',NULL,'','','','',''),(10038608,'Reproductive tract and breast disorders congenital','',NULL,'','','','',''),(10038612,'Reproductive tract disorders NEC','',NULL,'','','','',''),(10038666,'Respiratory and mediastinal neoplasms malignant and unspecified','',NULL,'','','','',''),(10038667,'Respiratory and mediastinal neoplasms benign (excl mesotheliomas)','',NULL,'','','','',''),(10038668,'Respiratory and pulmonary investigations (excl blood gases)','',NULL,'','','','',''),(10038686,'Respiratory disorders congenital','',NULL,'','','','',''),(10038716,'Respiratory disorders NEC','',NULL,'','','','',''),(10038737,'Respiratory tract therapeutic procedures','',NULL,'','','','',''),(10039135,'Rickettsial infectious disorders','',NULL,'','','','',''),(10039404,'Salivary gland conditions','',NULL,'','','','',''),(10039628,'Schizophrenia and other psychotic disorders','',NULL,'','','','',''),(10039911,'Seizures (incl subtypes)','',NULL,'','','','',''),(10040480,'Sexual dysfunctions, disturbances and gender identity disorders','',NULL,'','','','',''),(10040776,'Skeletal neoplasms benign','',NULL,'','','','',''),(10040778,'Skeletal neoplasms malignant and unspecified','',NULL,'','','','',''),(10040789,'Skin and subcutaneous tissue disorders congenital','',NULL,'','','','',''),(10040790,'Skin and subcutaneous tissue disorders NEC','',NULL,'','','','',''),(10040792,'Skin and subcutaneous tissue infections and infestations','',NULL,'','','','',''),(10040795,'Skin and subcutaneous tissue therapeutic procedures','',NULL,'','','','',''),(10040798,'Skin appendage conditions','',NULL,'','','','',''),(10040879,'Skin investigations','',NULL,'','','','',''),(10040899,'Cutaneous neoplasms benign','',NULL,'','','','',''),(10040900,'Skin neoplasms malignant and unspecified','',NULL,'','','','',''),(10040991,'Sleep disorders and disturbances','',NULL,'','','','',''),(10040998,'Sleep disturbances (incl subtypes)','',NULL,'','','','',''),(10041294,'Soft tissue neoplasms benign','',NULL,'','','','',''),(10041297,'Soft tissue therapeutic procedures','',NULL,'','','','',''),(10041543,'Spinal cord and nerve root disorders','',NULL,'','','','',''),(10041641,'Spleen, lymphatic and reticuloendothelial system disorders','',NULL,'','','','',''),(10042258,'Structural brain disorders','',NULL,'','','','',''),(10042261,'Ocular structural change, deposit and degeneration NEC','',NULL,'','','','',''),(10042460,'Suicidal and self-injurious behaviours NEC','',NULL,'','','','',''),(10043237,'Tendon, ligament and cartilage disorders','',NULL,'','','','',''),(10043413,'Therapeutic procedures and supportive care NEC','',NULL,'','','','',''),(10043739,'Thyroid gland disorders','',NULL,'','','','',''),(10043946,'Tongue conditions','',NULL,'','','','',''),(10044018,'Dental and gingival conditions','',NULL,'','','','',''),(10044260,'Toxicology and therapeutic drug monitoring','',NULL,'','','','',''),(10046304,'Upper respiratory tract disorders (excl infections)','',NULL,'','','','',''),(10046400,'Ureteric disorders','',NULL,'','','','',''),(10046447,'Urethral disorders (excl calculi)','',NULL,'','','','',''),(10046590,'Urinary tract signs and symptoms','',NULL,'','','','',''),(10046708,'Urolithiases','',NULL,'','','','',''),(10046828,'Uterine, pelvic and broad ligament disorders','',NULL,'','','','',''),(10046973,'Cardiac valve disorders','',NULL,'','','','',''),(10047043,'Skin vascular abnormalities','',NULL,'','','','',''),(10047060,'Retina, choroid and vitreous haemorrhages and vascular disorders','',NULL,'','','','',''),(10047061,'Ocular haemorrhages and vascular disorders NEC','',NULL,'','','','',''),(10047066,'Vascular disorders NEC','',NULL,'','','','',''),(10047075,'Vascular haemorrhagic disorders','',NULL,'','','','',''),(10047079,'Vascular injuries','',NULL,'','','','',''),(10047116,'Vascular inflammations','',NULL,'','','','',''),(10047438,'Viral infectious disorders','',NULL,'','','','',''),(10047518,'Vision disorders','',NULL,'','','','',''),(10047635,'Vitamin related disorders','',NULL,'','','','',''),(10047789,'Vulvovaginal disorders (excl infections and inflammations)','',NULL,'','','','',''),(10047843,'Water, electrolyte and mineral investigations','',NULL,'','','','',''),(10047954,'White blood cell disorders','',NULL,'','','','',''),(10052547,'Endocrine and glandular disorders NEC','',NULL,'','','','',''),(10052635,'Cytoplasmic disorders congenital','',NULL,'','','','',''),(10052863,'Psychiatric therapeutic procedures','',NULL,'','','','',''),(10053098,'Foetal and neonatal investigations','',NULL,'','','','',''),(10053172,'Fatal outcomes','',NULL,'','','','',''),(10057165,'Venous varices','',NULL,'','','','',''),(10057166,'Vascular hypertensive disorders','',NULL,'','','','',''),(10057167,'Mental impairment disorders','',NULL,'','','','',''),(10062915,'Therapeutic and nontherapeutic effects (excl toxicity)','',NULL,'','','','',''),(10064289,'Medication errors','',NULL,'','','','',''),(10064477,'Coagulopathies and bleeding diatheses (excl thrombocytopenic)','',NULL,'','','','',''),(10068775,'Neoplasm related morbidities','',NULL,'','','','',''),(10069781,'Complications associated with device','',NULL,'','','','',''),(10069782,'Device issues','',NULL,'','','','',''),(10069888,'Procedural related injuries and complications NEC','',NULL,'','','','',''),(10071940,'Physical examination and organ system status topics','',NULL,'','','','',''),(10071947,'Exposures, chemical injuries and poisoning','',NULL,'','','','',''),(10072990,'Soft tissue neoplasms malignant and unspecified','',NULL,'','','','',''),(10074469,'Menopause related conditions','',NULL,'','','','',''),(10076290,'Product use issues','',NULL,'','','','',''),(10077537,'Product quality, supply, distribution, manufacturing and quality system issues','',NULL,'','','','',''),(10077546,'Somatic symptom and related disorders','',NULL,'','','','','');
/*!40000 ALTER TABLE `meddra_hlgt` ENABLE KEYS */;
UNLOCK TABLES;

--
-- Table structure for table `meddra_hlgt_hlt`
--

DROP TABLE IF EXISTS `meddra_hlgt_hlt`;
/*!40101 SET @saved_cs_client     = @@character_set_client */;
/*!40101 SET character_set_client = utf8 */;
CREATE TABLE `meddra_hlgt_hlt` (
  `hlgt_id` bigint(20) unsigned DEFAULT NULL,
  `hlt_id` bigint(20) unsigned DEFAULT NULL
) ENGINE=InnoDB DEFAULT CHARSET=latin1;
/*!40101 SET character_set_client = @saved_cs_client */;

--
-- Dumping data for table `meddra_hlgt_hlt`
--

LOCK TABLES `meddra_hlgt_hlt` WRITE;
/*!40000 ALTER TABLE `meddra_hlgt_hlt` DISABLE KEYS */;
INSERT INTO `meddra_hlgt_hlt` VALUES (10000073,10012714),(10000073,10016435),(10000073,10021620),(10000073,10022017),(10000073,10045459),(10000073,10052777),(10000073,10075884),(10000211,10000232),(10000211,10000233),(10000211,10000235),(10000211,10053173),(10000485,10027416),(10000485,10027422),(10000485,10027739),(10000485,10038660),(10000485,10038663),(10000546,10027428),(10000546,10057187),(10001302,10001301),(10001316,10003057),(10001316,10021544),(10001316,10022097),(10001316,10057196),(10001316,10068753),(10001316,10068754),(10001353,10001341),(10001353,10001343),(10001353,10001354),(10001353,10001370),(10001353,10001376),(10001474,10001475),(10001708,10001737),(10001708,10002425),(10001708,10027654),(10001708,10046736),(10001708,10052737),(10001708,10077535),(10002086,10002042),(10002086,10002067),(10002086,10026847),(10002086,10052827),(10002112,10002113),(10002112,10002115),(10002112,10002118),(10002252,10021910),(10002252,10021982),(10002252,10027684),(10002363,10002364),(10002363,10002365),(10002363,10002889),(10002363,10008194),(10002363,10034564),(10002426,10002425),(10002426,10046736),(10002693,10002685),(10002693,10007772),(10002693,10010735),(10002693,10011049),(10002693,10022952),(10002693,10024210),(10002693,10024446),(10002861,10002869),(10002861,10042211),(10002861,10068299),(10002861,10068300),(10002861,10068758),(10002861,10068761),(10003018,10001608),(10003018,10002650),(10003018,10003022),(10003018,10018067),(10003184,10002903),(10003184,10003167),(10003184,10047094),(10003184,10047231),(10003216,10002901),(10003216,10008192),(10003216,10017984),(10003216,10019632),(10003216,10029558),(10003216,10034640),(10003216,10038482),(10003216,10038605),(10003216,10038883),(10003216,10052781),(10003216,10065875),(10003216,10065876),(10003816,10003817),(10003816,10003818),(10003816,10003820),(10003816,10003821),(10003816,10025136),(10003816,10027657),(10003816,10039075),(10003816,10039711),(10003816,10052738),(10003816,10074484),(10004018,10000627),(10004018,10001427),(10004018,10001430),(10004018,10003974),(10004018,10004047),(10004018,10006024),(10004018,10006038),(10004018,10006495),(10004018,10007208),(10004018,10009653),(10004018,10011210),(10004018,10014889),(10004018,10015149),(10004018,10015295),(10004018,10017329),(10004018,10017564),(10004018,10017730),(10004018,10018948),(10004018,10019375),(10004018,10023455),(10004018,10024179),(10004018,10024234),(10004018,10024639),(10004018,10027961),(10004018,10028909),(10004018,10029443),(10004018,10034107),(10004018,10036195),(10004018,10037037),(10004018,10037132),(10004018,10039438),(10004018,10040115),(10004018,10040550),(10004018,10041625),(10004018,10041925),(10004018,10042180),(10004018,10044587),(10004018,10047400),(10004018,10048249),(10004018,10052445),(10004018,10053136),(10004018,10074473),(10004606,10004607),(10004606,10029976),(10004606,10042257),(10004994,10005037),(10004994,10005049),(10004994,10005058),(10004994,10005069),(10004994,10028639),(10005330,10002084),(10005330,10009735),(10005330,10018848),(10005330,10018903),(10005330,10025232),(10005908,10005907),(10005908,10016286),(10005942,10027677),(10005942,10034247),(10005942,10040961),(10005942,10041574),(10005942,10043467),(10005942,10074485),(10005942,10075886),(10005944,10006000),(10005944,10006005),(10005944,10023221),(10005944,10024502),(10005944,10044556),(10005959,10005941),(10005959,10006006),(10005959,10015072),(10005959,10027425),(10005959,10027658),(10006232,10006289),(10006232,10013316),(10006232,10021883),(10006232,10040675),(10006232,10052767),(10006288,10006287),(10006291,10006290),(10006291,10006292),(10006295,10006269),(10006295,10006304),(10006295,10026879),(10006295,10027659),(10006436,10006429),(10006436,10006484),(10007510,10003153),(10007510,10007542),(10007510,10007573),(10007510,10007607),(10007510,10007614),(10007510,10018717),(10007510,10019294),(10007510,10027661),(10007510,10028177),(10007510,10034709),(10007510,10047047),(10007510,10047224),(10007512,10003801),(10007512,10007566),(10007512,10007570),(10007512,10007574),(10007512,10047044),(10007512,10047078),(10007512,10047110),(10007512,10053103),(10007512,10053104),(10007512,10053105),(10007521,10000032),(10007521,10037908),(10007521,10042600),(10007521,10047283),(10007539,10007543),(10007539,10007571),(10007539,10007581),(10007539,10007609),(10007539,10013975),(10007590,10007591),(10007593,10007600),(10007593,10007615),(10007593,10010401),(10007593,10027660),(10007867,10016654),(10007867,10019237),(10007867,10028882),(10007867,10044694),(10007867,10057175),(10007867,10068760),(10007951,10000319),(10007951,10007952),(10007951,10014599),(10007951,10014600),(10007951,10021888),(10007951,10027187),(10007951,10027203),(10007951,10027237),(10007951,10027261),(10007951,10028525),(10007951,10057174),(10007963,10007948),(10007963,10007962),(10007963,10008209),(10007963,10044376),(10007963,10044518),(10007963,10074471),(10008401,10011975),(10008401,10021672),(10008401,10042007),(10008401,10043835),(10008555,10008561),(10008804,10003842),(10008804,10008805),(10008804,10040453),(10008804,10052636),(10009720,10003838),(10009720,10006135),(10009720,10011313),(10009720,10034588),(10009720,10040957),(10009720,10041590),(10009720,10052731),(10009720,10069775),(10009841,10003730),(10009841,10009842),(10009841,10024094),(10009841,10041427),(10009841,10077548),(10010118,10010119),(10010118,10041461),(10010118,10041462),(10010273,10029772),(10010273,10035633),(10010273,10036581),(10010273,10057176),(10010273,10059673),(10010273,10071949),(10010335,10010332),(10010335,10010333),(10010335,10010334),(10010335,10010413),(10010335,10010589),(10010335,10019888),(10010394,10010395),(10010394,10010397),(10010394,10010402),(10010449,10010450),(10010449,10010460),(10010463,10010366),(10010463,10010464),(10010463,10010595),(10010612,10006296),(10010612,10010446),(10010612,10010447),(10010613,10024966),(10010613,10046303),(10010761,10025135),(10010761,10074472),(10011063,10020648),(10011063,10021197),(10011063,10040837),(10011063,10040866),(10011063,10040870),(10011063,10052567),(10011082,10011083),(10011082,10011085),(10011305,10000366),(10011305,10003788),(10011305,10011306),(10011305,10015951),(10011305,10016054),(10011305,10018390),(10011305,10020992),(10011305,10027755),(10011305,10030281),(10011305,10030933),(10011305,10044645),(10011305,10046967),(10011822,10008816),(10011822,10071950),(10011822,10072981),(10011954,10005742),(10011954,10009193),(10011954,10057181),(10012221,10010301),(10012221,10012219),(10012272,10001897),(10012272,10001954),(10012272,10001956),(10012272,10012289),(10012272,10062914),(10012303,10012302),(10012303,10052785),(10012303,10068202),(10012375,10012401),(10012375,10027938),(10012562,10012567),(10012562,10034740),(10012653,10012654),(10012653,10012655),(10012653,10012656),(10012653,10012657),(10012653,10012658),(10012653,10052548),(10012653,10062911),(10013296,10005992),(10013296,10006975),(10013296,10025439),(10013296,10034941),(10013317,10014476),(10013317,10014477),(10013317,10014486),(10013317,10020666),(10013317,10024581),(10013326,10027335),(10013326,10027341),(10013326,10027342),(10013355,10034304),(10013355,10034308),(10013355,10039745),(10013355,10039754),(10013356,10013305),(10013356,10013357),(10013356,10013358),(10013361,10013297),(10013361,10013360),(10013362,10029108),(10013362,10043296),(10013364,10008352),(10013364,10029109),(10013369,10012706),(10013369,10027072),(10013369,10043475),(10013465,10013470),(10013511,10012259),(10013511,10034374),(10013511,10043434),(10013535,10013530),(10013535,10013539),(10013995,10015733),(10013995,10019244),(10013995,10027668),(10014067,10000135),(10014067,10014065),(10014067,10014068),(10014136,10014137),(10014136,10014565),(10014136,10020420),(10014142,10014143),(10014412,10001275),(10014412,10008575),(10014412,10014419),(10014412,10016801),(10014412,10036451),(10014412,10041273),(10014412,10044084),(10014412,10044085),(10014412,10052559),(10014523,10002896),(10014523,10008205),(10014523,10014524),(10014523,10017951),(10014523,10019630),(10014523,10034572),(10014523,10037379),(10014523,10038434),(10014523,10038861),(10014523,10047197),(10014523,10052782),(10014623,10014624),(10014623,10014632),(10014662,10014660),(10014662,10014667),(10014662,10014672),(10014662,10014680),(10014662,10014686),(10014699,10001349),(10014699,10027671),(10014699,10043711),(10014701,10013307),(10014701,10013322),(10014701,10014691),(10014701,10014692),(10014705,10001357),(10014705,10020382),(10014705,10033951),(10014705,10035081),(10014705,10043755),(10014705,10043760),(10014705,10052722),(10014706,10001339),(10014706,10001355),(10014706,10001373),(10014706,10014693),(10014706,10018034),(10014706,10021110),(10014706,10033954),(10014706,10035089),(10014706,10035090),(10014706,10038589),(10014706,10043692),(10014706,10068274),(10014706,10068275),(10014710,10001377),(10014710,10014711),(10014710,10043748),(10014713,10001378),(10014713,10007283),(10014713,10014712),(10014713,10023051),(10014713,10028196),(10014713,10035099),(10014713,10043749),(10014931,10014932),(10014931,10030014),(10014938,10025368),(10014938,10040768),(10014938,10043891),(10014982,10006555),(10014982,10010760),(10014982,10012424),(10014982,10012435),(10014982,10012437),(10014982,10015151),(10014982,10015664),(10014982,10018699),(10014982,10033738),(10014982,10037573),(10014982,10039513),(10014982,10040877),(10014982,10049293),(10014982,10052566),(10014982,10065874),(10014982,10072982),(10015674,10011774),(10015674,10027692),(10015674,10033646),(10015732,10015734),(10015732,10027672),(10015917,10011004),(10015917,10030032),(10015917,10072989),(10015920,10002676),(10015920,10010987),(10015920,10015984),(10015920,10022946),(10015920,10023638),(10015920,10024205),(10015920,10027673),(10015920,10030926),(10015920,10038855),(10015957,10008772),(10015957,10010988),(10015957,10015994),(10015957,10022947),(10015957,10023617),(10015957,10024209),(10015957,10027675),(10015957,10031028),(10015957,10038890),(10016214,10012356),(10016214,10016213),(10016214,10057169),(10016417,10008275),(10016417,10021884),(10016417,10021885),(10016417,10021886),(10016417,10034239),(10016849,10000190),(10016849,10010163),(10016849,10016850),(10016849,10016851),(10016950,10016951),(10016950,10042454),(10017322,10034246),(10017322,10040958),(10017322,10072985),(10017322,10072986),(10017322,10072987),(10017322,10072988),(10017322,10075885),(10017528,10001753),(10017528,10003486),(10017528,10005096),(10017528,10007134),(10017528,10009229),(10017528,10009824),(10017528,10011486),(10017528,10017536),(10017528,10020140),(10017528,10033767),(10017528,10035660),(10017528,10037104),(10017528,10039103),(10017528,10041734),(10017528,10043870),(10017528,10074468),(10017628,10008616),(10017628,10017629),(10017934,10017988),(10017934,10030968),(10017943,10010479),(10017943,10017948),(10017943,10017952),(10017943,10030168),(10017943,10052778),(10017959,10017751),(10017959,10017958),(10017959,10022653),(10017966,10002114),(10017966,10017887),(10017966,10017968),(10017966,10022678),(10017966,10030173),(10017966,10034668),(10017969,10009888),(10017969,10017854),(10017969,10017921),(10017969,10036775),(10017969,10053171),(10017971,10012981),(10017971,10017962),(10017971,10017963),(10017971,10053099),(10017971,10065878),(10017971,10070970),(10017977,10012736),(10017977,10017933),(10017977,10017950),(10017977,10018006),(10017977,10052736),(10017987,10017989),(10017987,10024531),(10017987,10024948),(10017987,10046275),(10017990,10010040),(10017990,10017812),(10017990,10017993),(10017990,10025537),(10017990,10025614),(10017990,10025680),(10017990,10026660),(10017990,10030176),(10017990,10030969),(10017990,10033632),(10017991,10002125),(10017991,10010023),(10017991,10010039),(10017991,10017812),(10017991,10017992),(10017991,10017994),(10017991,10024530),(10017991,10024532),(10017991,10030176),(10017991,10030177),(10017991,10033633),(10017991,10039396),(10017991,10039419),(10017991,10041100),(10017998,10002580),(10017998,10017813),(10017998,10018005),(10017998,10018013),(10017998,10019931),(10017998,10023803),(10017998,10027653),(10017998,10030179),(10017998,10033634),(10017998,10033638),(10017998,10041130),(10018008,10002117),(10018008,10013811),(10018008,10017752),(10018008,10018009),(10018008,10023796),(10018008,10030196),(10018012,10000063),(10018012,10013949),(10018012,10016097),(10018012,10016770),(10018012,10017926),(10018012,10027678),(10018012,10028817),(10018018,10002577),(10018018,10017780),(10018018,10022646),(10018018,10027679),(10018018,10030167),(10018018,10030967),(10018018,10033530),(10018018,10033618),(10018018,10039406),(10018018,10043953),(10018018,10044036),(10018027,10002119),(10018027,10013862),(10018027,10017847),(10018027,10018023),(10018027,10030206),(10018027,10032172),(10018027,10034371),(10018031,10017983),(10018031,10017997),(10018031,10018029),(10018031,10018032),(10018031,10030209),(10018057,10036569),(10018057,10040489),(10018073,10001424),(10018073,10003550),(10018073,10017578),(10018073,10018072),(10018073,10019910),(10018073,10021950),(10018073,10028114),(10018073,10030113),(10018073,10033372),(10018073,10068759),(10018073,10071951),(10018188,10010484),(10018188,10018191),(10018188,10027680),(10018307,10018305),(10018307,10018325),(10018424,10012602),(10018424,10020638),(10018424,10021001),(10018515,10000191),(10018515,10000193),(10018849,10018847),(10018851,10005460),(10018851,10005570),(10018851,10009728),(10018851,10018846),(10018851,10035523),(10018851,10038148),(10018851,10047938),(10018851,10068276),(10018851,10068277),(10018865,10018845),(10018865,10020118),(10018865,10025353),(10018865,10028578),(10018865,10068203),(10018902,10018904),(10018902,10040651),(10018902,10043389),(10018911,10002052),(10018911,10002053),(10018911,10002054),(10018911,10002055),(10018911,10018913),(10018911,10038185),(10019190,10012317),(10019190,10015737),(10019190,10016058),(10019190,10022397),(10019190,10023847),(10019190,10024560),(10019190,10026898),(10019190,10027588),(10019190,10028752),(10019190,10033527),(10019190,10033852),(10019190,10034831),(10019190,10037797),(10019190,10039420),(10019190,10043968),(10019190,10044005),(10019190,10052723),(10019231,10019233),(10019231,10027603),(10019243,10011879),(10019243,10052526),(10019243,10052527),(10019280,10019281),(10019280,10019283),(10019280,10024120),(10019280,10039164),(10019381,10008378),(10019381,10019383),(10019381,10028914),(10019381,10044560),(10019654,10008636),(10019654,10019661),(10019654,10019664),(10019654,10019669),(10019654,10019681),(10019654,10019689),(10019654,10019709),(10019654,10019712),(10019654,10019715),(10019654,10019833),(10019654,10027681),(10019806,10019803),(10019809,10019807),(10019809,10019808),(10019809,10024689),(10019811,10019812),(10019811,10019817),(10019811,10025577),(10019813,10019812),(10019813,10068204),(10019815,10004613),(10019815,10017634),(10019815,10019703),(10019815,10019814),(10019815,10019816),(10019815,10019825),(10019818,10004675),(10019818,10019704),(10019818,10052728),(10021112,10002700),(10021112,10002701),(10021112,10021109),(10021112,10035098),(10021112,10036361),(10021429,10021424),(10021460,10036700),(10021460,10052739),(10021460,10052740),(10021505,10003828),(10021505,10021421),(10021505,10021477),(10021505,10021504),(10021505,10021507),(10021563,10021562),(10021605,10021602),(10021605,10021603),(10021605,10021604),(10021605,10021606),(10021605,10021607),(10021605,10021608),(10021605,10024579),(10021666,10020509),(10021666,10062912),(10021877,10002710),(10021877,10010722),(10021877,10011021),(10021877,10022953),(10021877,10024445),(10021877,10030045),(10021877,10030937),(10021877,10031049),(10021877,10038909),(10021877,10039700),(10021879,10005940),(10021879,10006261),(10021879,10007580),(10021879,10007935),(10021879,10012326),(10021879,10014013),(10021879,10015909),(10021879,10017967),(10021879,10021902),(10021879,10025101),(10021879,10038586),(10021879,10038587),(10021879,10040054),(10021879,10040786),(10021879,10046309),(10021879,10046577),(10021879,10057192),(10021879,10062910),(10021879,10064462),(10021882,10004046),(10021882,10021880),(10021882,10028442),(10021882,10037074),(10021882,10047464),(10022114,10007654),(10022114,10011302),(10022114,10027652),(10022114,10027662),(10022114,10027663),(10022114,10027669),(10022114,10027674),(10022114,10027693),(10022114,10027694),(10022114,10027699),(10022114,10028288),(10022114,10029511),(10022114,10040759),(10022114,10052638),(10022114,10052639),(10022114,10057193),(10022119,10003623),(10022119,10010269),(10022119,10019338),(10022119,10037759),(10022119,10043418),(10022396,10022398),(10022396,10023566),(10022396,10047408),(10022396,10052528),(10022893,10020126),(10022893,10021404),(10022893,10022892),(10022958,10010962),(10022958,10022971),(10022958,10022979),(10022958,10022984),(10022958,10027641),(10022958,10044279),(10022958,10048260),(10023213,10003284),(10023213,10011505),(10023213,10021904),(10023213,10023210),(10023213,10023226),(10023213,10027685),(10023213,10037163),(10023213,10039078),(10023213,10052775),(10023213,10057178),(10024136,10011391),(10024136,10047402),(10024324,10024290),(10024324,10024291),(10024324,10024292),(10024324,10024295),(10024324,10024296),(10024324,10024297),(10024324,10024298),(10024324,10024303),(10024324,10024309),(10024324,10024310),(10024324,10028536),(10024450,10012776),(10024450,10013662),(10024450,10014268),(10024450,10043905),(10024450,10049180),(10024450,10057171),(10024450,10070967),(10024580,10008651),(10024580,10024624),(10024580,10044657),(10024967,10024972),(10024967,10024974),(10024967,10030025),(10024967,10033979),(10024967,10037424),(10024970,10004048),(10024970,10004054),(10024970,10017537),(10024970,10024971),(10024970,10033917),(10024970,10045573),(10024970,10047468),(10024970,10047483),(10024970,10057190),(10025231,10025221),(10025231,10052790),(10025309,10019028),(10025309,10025308),(10025309,10052724),(10025309,10052729),(10025319,10020214),(10025319,10020226),(10025319,10020243),(10025319,10057170),(10025319,10057172),(10025320,10003900),(10025320,10003909),(10025320,10003921),(10025320,10006596),(10025320,10012819),(10025320,10015821),(10025320,10016895),(10025320,10016903),(10025320,10020068),(10025320,10025343),(10025320,10026798),(10025320,10029461),(10025320,10036524),(10025320,10036711),(10025320,10041650),(10025320,10047802),(10025320,10077528),(10025321,10001414),(10025321,10002235),(10025321,10002412),(10025321,10002450),(10025321,10022704),(10025321,10028484),(10025321,10034622),(10025321,10036544),(10025321,10042988),(10025322,10029592),(10025322,10029606),(10025322,10029608),(10025322,10029621),(10025323,10025324),(10025323,10025634),(10025477,10025480),(10025506,10014997),(10025506,10034309),(10025506,10036967),(10025506,10036969),(10025506,10038591),(10025506,10043297),(10025506,10067227),(10025518,10021854),(10025518,10021855),(10025518,10021856),(10026753,10004938),(10026753,10027939),(10026906,10000192),(10026906,10016124),(10026906,10026905),(10026906,10026907),(10026908,10019006),(10026908,10020776),(10026908,10026909),(10026908,10052745),(10027412,10027413),(10027412,10027414),(10027424,10013351),(10027424,10021602),(10027424,10021603),(10027424,10021604),(10027424,10021606),(10027424,10021607),(10027424,10021608),(10027424,10024579),(10027424,10052560),(10027424,10059674),(10027432,10005536),(10027432,10007217),(10027432,10018812),(10027432,10027434),(10027432,10047598),(10027476,10027467),(10027476,10027471),(10027529,10004000),(10027529,10017545),(10027529,10027530),(10027529,10028431),(10027529,10033903),(10027529,10047490),(10027584,10013372),(10027584,10015542),(10027584,10026895),(10027584,10027586),(10027584,10027687),(10027655,10003793),(10027655,10007657),(10027655,10015791),(10027655,10018205),(10027655,10029105),(10027655,10029111),(10027656,10003792),(10027656,10007656),(10027656,10029106),(10027664,10008429),(10027664,10010445),(10027665,10002023),(10027665,10023053),(10027665,10027682),(10027665,10039487),(10027665,10047112),(10027665,10052779),(10027665,10073080),(10027667,10027666),(10027946,10001438),(10027946,10014556),(10027946,10016798),(10027946,10027948),(10028037,10008752),(10028037,10013929),(10028037,10013985),(10028037,10033800),(10028037,10034005),(10028037,10044566),(10028302,10021992),(10028302,10028315),(10028302,10028323),(10028302,10028326),(10028302,10028343),(10028302,10028640),(10028302,10062913),(10028302,10071942),(10028377,10012139),(10028377,10012140),(10028377,10022635),(10028377,10028378),(10028377,10064466),(10028387,10028385),(10028387,10028386),(10028387,10028394),(10028387,10067225),(10028389,10004297),(10028389,10025681),(10028389,10028390),(10028393,10027688),(10028393,10041288),(10028393,10052776),(10028393,10068757),(10028396,10010763),(10028396,10028380),(10028396,10028381),(10028396,10028382),(10028396,10028383),(10028396,10028384),(10028396,10029509),(10028396,10029510),(10028396,10029512),(10028396,10029513),(10028440,10003754),(10028440,10024230),(10028440,10044756),(10028474,10028470),(10028474,10046367),(10028593,10007635),(10028593,10028590),(10028593,10029548),(10028593,10052768),(10028920,10010168),(10028920,10018208),(10028920,10028926),(10028920,10028927),(10028920,10028929),(10028920,10028935),(10028920,10028940),(10028920,10028941),(10028920,10028942),(10028920,10028946),(10028920,10028949),(10028920,10028952),(10028920,10028961),(10028920,10028964),(10028920,10028965),(10028920,10028969),(10028920,10028972),(10028920,10045448),(10028920,10057173),(10028971,10027689),(10028971,10028947),(10029107,10024973),(10029107,10046311),(10029107,10059675),(10029112,10014157),(10029112,10014714),(10029112,10028193),(10029112,10033773),(10029149,10018365),(10029149,10029137),(10029149,10029150),(10029209,10018339),(10029209,10027195),(10029209,10029210),(10029209,10029312),(10029209,10068205),(10029211,10007960),(10029211,10018335),(10029211,10027196),(10029211,10029212),(10029211,10029213),(10029211,10035055),(10029295,10003784),(10029295,10007949),(10029295,10007950),(10029295,10008183),(10029295,10013994),(10029295,10029285),(10029295,10030864),(10029295,10030866),(10029295,10034592),(10029295,10064463),(10029295,10067226),(10029299,10009713),(10029299,10029300),(10029299,10052632),(10029299,10052633),(10029299,10052634),(10029301,10029292),(10029301,10030952),(10029305,10000171),(10029305,10011168),(10029305,10013509),(10029305,10029306),(10029305,10033788),(10029305,10037533),(10029305,10040021),(10029305,10041460),(10029305,10052769),(10029305,10052770),(10029305,10057185),(10029305,10072984),(10029317,10003839),(10029317,10028004),(10029317,10028342),(10029317,10029318),(10029317,10029320),(10029903,10008294),(10029903,10010812),(10029903,10015738),(10029903,10016189),(10029903,10016471),(10029903,10021717),(10029903,10029906),(10029903,10033274),(10029903,10046808),(10029903,10046817),(10029903,10046936),(10029903,10052725),(10029903,10057186),(10030046,10010724),(10030046,10011024),(10030046,10030047),(10030046,10030060),(10030046,10030950),(10030046,10042543),(10030054,10030052),(10030054,10030053),(10030054,10030056),(10030054,10030057),(10030054,10068206),(10030061,10015992),(10030061,10030059),(10030061,10037514),(10030064,10030063),(10031013,10009261),(10031013,10031015),(10031013,10031016),(10031013,10031017),(10031013,10031019),(10031013,10031020),(10031013,10031021),(10031013,10042129),(10033283,10013342),(10033283,10033121),(10033949,10020704),(10033949,10021040),(10033949,10033944),(10034468,10034469),(10034468,10034490),(10034468,10034494),(10034606,10001014),(10034606,10022031),(10034606,10027917),(10034606,10034607),(10034606,10036107),(10034652,10034653),(10034652,10034654),(10034652,10034655),(10034726,10004209),(10034726,10034727),(10034726,10034728),(10034726,10034729),(10034726,10034730),(10035023,10020713),(10035023,10021064),(10035023,10035021),(10035129,10001970),(10035129,10035130),(10035129,10035141),(10035227,10035228),(10035227,10074470),(10035534,10035533),(10035534,10043555),(10035534,10069776),(10035597,10035594),(10035597,10035602),(10035597,10035610),(10035597,10035761),(10036411,10006234),(10036411,10036416),(10036411,10036420),(10036411,10052783),(10036958,10036959),(10036958,10036966),(10037000,10008431),(10037000,10036998),(10037008,10036999),(10037008,10037009),(10037072,10001981),(10037072,10003964),(10037072,10004079),(10037072,10005093),(10037072,10011499),(10037072,10011722),(10037072,10018260),(10037072,10023075),(10037072,10035499),(10037072,10037075),(10037072,10039484),(10037072,10044618),(10037072,10044708),(10037072,10057168),(10037072,10057179),(10037173,10000117),(10037173,10037180),(10037176,10027361),(10037176,10027362),(10037176,10037177),(10037176,10037178),(10037176,10064465),(10037454,10037401),(10037454,10037439),(10037454,10047096),(10037546,10070968),(10037546,10070969),(10038158,10036052),(10038158,10038144),(10038360,10005036),(10038360,10038361),(10038360,10038431),(10038360,10046401),(10038362,10038454),(10038362,10046512),(10038362,10046569),(10038362,10046570),(10038362,10049179),(10038363,10038487),(10038363,10046584),(10038364,10005013),(10038364,10038502),(10038364,10046585),(10038364,10046586),(10038364,10068208),(10038365,10005061),(10038365,10005068),(10038365,10023431),(10038365,10043410),(10038365,10046407),(10038365,10046460),(10038365,10052726),(10038430,10010180),(10038430,10027695),(10038430,10038443),(10038430,10038466),(10038430,10038472),(10038430,10038486),(10038430,10038488),(10038430,10038529),(10038430,10038543),(10038588,10018187),(10038592,10016462),(10038592,10038601),(10038592,10038602),(10038593,10036928),(10038593,10038598),(10038594,10008230),(10038594,10014742),(10038594,10016181),(10038594,10016413),(10038594,10016414),(10038594,10033129),(10038594,10033222),(10038594,10046807),(10038594,10046896),(10038594,10047750),(10038595,10008291),(10038595,10033273),(10038595,10038596),(10038595,10046806),(10038595,10046934),(10038595,10047762),(10038597,10034300),(10038597,10036908),(10038597,10038599),(10038597,10038600),(10038597,10043322),(10038608,10006233),(10038608,10016416),(10038608,10025517),(10038608,10038611),(10038612,10013310),(10038612,10027696),(10038612,10027697),(10038612,10038613),(10038612,10040674),(10038666,10021043),(10038666,10023826),(10038666,10023844),(10038666,10027080),(10038666,10027081),(10038666,10028801),(10038666,10029664),(10038666,10033853),(10038666,10034812),(10038666,10038723),(10038666,10038736),(10038666,10041059),(10038667,10027079),(10038667,10028722),(10038667,10031119),(10038667,10034807),(10038667,10038722),(10038668,10006472),(10038668,10006476),(10038668,10037385),(10038686,10012707),(10038686,10023821),(10038686,10025039),(10038686,10028739),(10038686,10034824),(10038686,10038726),(10038716,10006334),(10038716,10010268),(10038716,10011233),(10038716,10024976),(10038716,10027698),(10038716,10046313),(10038716,10052549),(10038716,10057184),(10038737,10006412),(10038737,10008494),(10038737,10012724),(10038737,10025116),(10038737,10035612),(10038737,10035614),(10038737,10044297),(10038737,10052727),(10039135,10037689),(10039135,10039134),(10039135,10041743),(10039135,10044583),(10039135,10045276),(10039404,10030975),(10039404,10039407),(10039404,10039409),(10039404,10039415),(10039404,10039423),(10039628,10006360),(10039628,10012256),(10039628,10037252),(10039628,10039620),(10039628,10039631),(10039911,10000332),(10039911,10018101),(10039911,10034057),(10039911,10034093),(10039911,10039912),(10040480,10031086),(10040480,10040464),(10040480,10040466),(10040480,10040470),(10040480,10040478),(10040480,10077549),(10040776,10005997),(10040776,10007711),(10040776,10040769),(10040778,10005998),(10040778,10005999),(10040778,10039498),(10040778,10039499),(10040789,10040834),(10040789,10072983),(10040790,10024606),(10040790,10033674),(10040790,10040796),(10040790,10040889),(10040790,10042356),(10040792,10040787),(10040792,10040788),(10040792,10040791),(10040792,10040793),(10040792,10040797),(10040795,10028701),(10040795,10040794),(10040795,10040854),(10040795,10040871),(10040795,10040885),(10040795,10040912),(10040798,10000497),(10040798,10001769),(10040798,10002982),(10040798,10020863),(10040798,10028685),(10040798,10035035),(10040798,10039219),(10040798,10039782),(10040879,10040862),(10040899,10040898),(10040899,10068207),(10040900,10027156),(10040900,10040901),(10040991,10013510),(10040991,10013980),(10040991,10028716),(10040991,10033920),(10040991,10040992),(10040991,10040993),(10040991,10040994),(10040991,10041004),(10040998,10000178),(10040998,10013500),(10040998,10013510),(10040998,10028714),(10040998,10040978),(10040998,10040996),(10041294,10041295),(10041297,10016224),(10041297,10028321),(10041297,10043243),(10041297,10052732),(10041297,10052733),(10041297,10052876),(10041543,10041544),(10041543,10041545),(10041543,10052771),(10041543,10052772),(10041641,10025198),(10041641,10038798),(10041641,10041635),(10041641,10043677),(10041641,10057180),(10042258,10042259),(10042261,10008776),(10042261,10030913),(10042261,10031055),(10042261,10038896),(10042261,10039702),(10042261,10042260),(10042460,10042459),(10043237,10007709),(10043237,10043234),(10043237,10052774),(10043413,10002092),(10043413,10002185),(10043413,10002790),(10043413,10007881),(10043413,10008442),(10043413,10011824),(10043413,10018059),(10043413,10021431),(10043413,10027700),(10043413,10027861),(10043413,10034976),(10043413,10036896),(10043413,10037796),(10043413,10045172),(10043413,10052730),(10043413,10065877),(10043413,10075883),(10043739,10043712),(10043739,10043740),(10043739,10043741),(10043739,10043747),(10043739,10043779),(10043946,10043131),(10043946,10043954),(10043946,10043985),(10044018,10012321),(10044018,10012325),(10044018,10012329),(10044018,10018774),(10044018,10018776),(10044018,10018785),(10044018,10018788),(10044018,10044037),(10044018,10044048),(10044018,10044049),(10044018,10044050),(10044018,10055797),(10044260,10043411),(10044260,10044261),(10046304,10023819),(10046304,10023855),(10046304,10028731),(10046304,10028736),(10046304,10034823),(10046304,10040743),(10046304,10044288),(10046400,10046401),(10046400,10046402),(10046447,10010661),(10046447,10042256),(10046447,10046448),(10046447,10046453),(10046447,10046458),(10046590,10000196),(10046590,10004995),(10046590,10046591),(10046708,10038478),(10046708,10046579),(10046828,10013344),(10046828,10013374),(10046828,10013375),(10046828,10013376),(10046828,10046805),(10046828,10062916),(10046973,10002911),(10046973,10027723),(10046973,10037445),(10046973,10044637),(10046973,10046971),(10047043,10023021),(10047043,10037555),(10047043,10040860),(10047043,10040948),(10047043,10043190),(10047043,10047053),(10047043,10047144),(10047060,10008775),(10047060,10038837),(10047060,10038932),(10047061,10002680),(10047061,10010728),(10047061,10022951),(10047061,10024442),(10047061,10030031),(10047061,10030928),(10047066,10008193),(10047066,10030067),(10047066,10034638),(10047066,10037455),(10047066,10038545),(10047066,10038607),(10047066,10047067),(10047066,10047091),(10047066,10057188),(10047066,10057189),(10047075,10006513),(10047075,10008206),(10047075,10018987),(10047075,10038461),(10047075,10052742),(10047075,10052743),(10047075,10064464),(10047079,10003141),(10047079,10027701),(10047079,10047221),(10047116,10003231),(10047116,10047113),(10047116,10052780),(10047116,10057177),(10047438,10001258),(10047438,10001842),(10047438,10003087),(10047438,10003573),(10047438,10006985),(10047438,10011262),(10047438,10011827),(10047438,10014110),(10047438,10015107),(10047438,10019140),(10047438,10019972),(10047438,10022005),(10047438,10027808),(10047438,10028268),(10047438,10029394),(10047438,10033724),(10047438,10033796),(10047438,10033894),(10047438,10033977),(10047438,10034098),(10047438,10034906),(10047438,10036017),(10047438,10036760),(10047438,10037743),(10047438,10038717),(10047438,10038997),(10047438,10039105),(10047438,10039231),(10047438,10039270),(10047438,10039289),(10047438,10047465),(10047438,10057197),(10047438,10057198),(10047438,10057199),(10047438,10057200),(10047438,10057212),(10047438,10067228),(10047438,10070971),(10047518,10001910),(10047518,10005170),(10047518,10005174),(10047518,10034069),(10047518,10038267),(10047518,10047538),(10047518,10047541),(10047518,10047559),(10047518,10047573),(10047635,10016250),(10047635,10020914),(10047635,10047627),(10047635,10047842),(10047789,10047785),(10047789,10047790),(10047789,10047792),(10047843,10027637),(10047843,10047834),(10047954,10024379),(10047954,10024385),(10047954,10029355),(10047954,10047936),(10047954,10052828),(10052547,10014700),(10052547,10036078),(10052635,10052637),(10052863,10052734),(10053098,10053100),(10053098,10053101),(10053098,10053102),(10053172,10011907),(10057165,10018030),(10057165,10038606),(10057165,10077550),(10057166,10000356),(10057166,10010164),(10057166,10020774),(10057166,10036201),(10057166,10036557),(10057166,10037401),(10057166,10038465),(10057166,10052741),(10057167,10001897),(10057167,10012268),(10057167,10012561),(10057167,10027177),(10057167,10027375),(10057167,10077548),(10062915,10022528),(10062915,10043409),(10062915,10068756),(10064289,10064291),(10064289,10064293),(10064289,10064380),(10064289,10073316),(10064289,10077699),(10064477,10005133),(10064477,10009737),(10064477,10037550),(10064477,10053567),(10068775,10014161),(10068775,10030315),(10068775,10067229),(10069781,10069783),(10069781,10069784),(10069781,10069785),(10069781,10069786),(10069781,10069787),(10069781,10069788),(10069781,10069789),(10069782,10069790),(10069782,10069791),(10069782,10069792),(10069782,10069793),(10069782,10069794),(10069782,10069795),(10069782,10069796),(10069782,10069797),(10069888,10002111),(10069888,10007602),(10069888,10014716),(10069888,10015908),(10069888,10017927),(10069888,10028392),(10069888,10029294),(10069888,10029559),(10069888,10038609),(10069888,10040911),(10069888,10046588),(10069888,10052823),(10069888,10052843),(10069888,10057191),(10069888,10057253),(10069888,10068755),(10069888,10071945),(10069888,10074474),(10069888,10074475),(10069888,10077527),(10071940,10071941),(10071947,10008424),(10071947,10035777),(10071947,10071949),(10071947,10073299),(10071947,10073304),(10071947,10073308),(10071947,10073310),(10071947,10073321),(10072990,10001883),(10072990,10015100),(10072990,10015760),(10072990,10015839),(10072990,10015848),(10072990,10016634),(10072990,10023285),(10072990,10024190),(10072990,10024628),(10072990,10025224),(10072990,10025553),(10072990,10025673),(10072990,10029273),(10072990,10039023),(10072990,10041293),(10072990,10041298),(10074469,10027299),(10074469,10027300),(10076290,10076291),(10076290,10076292),(10076290,10076293),(10076290,10076307),(10077537,10069172),(10077537,10069219),(10077537,10069265),(10077537,10069291),(10077537,10069324),(10077537,10077538),(10077537,10077539),(10077537,10077540),(10077537,10077541),(10077537,10077542),(10077537,10077543),(10077537,10077544),(10077537,10077545),(10077546,10016072),(10077546,10077547);
/*!40000 ALTER TABLE `meddra_hlgt_hlt` ENABLE KEYS */;
UNLOCK TABLES;

--
-- Table structure for table `meddra_hlt`
--

DROP TABLE IF EXISTS `meddra_hlt`;
/*!40101 SET @saved_cs_client     = @@character_set_client */;
/*!40101 SET character_set_client = utf8 */;
CREATE TABLE `meddra_hlt` (
  `id` bigint(20) unsigned DEFAULT NULL,
  `term` varchar(100) NOT NULL,
  `who_art_code` varchar(7) DEFAULT NULL,
  `harts_code` bigint(20) DEFAULT NULL,
  `costart_sym` varchar(21) DEFAULT NULL,
  `icd9` varchar(8) DEFAULT NULL,
  `icd9_cm` varchar(8) DEFAULT NULL,
  `icd10` varchar(8) DEFAULT NULL,
  `jart_code` varchar(6) DEFAULT NULL,
  KEY `ix1_hlt01` (`id`),
  KEY `ix1_hlt02` (`term`),
  FULLTEXT KEY `term` (`term`)
) ENGINE=InnoDB DEFAULT CHARSET=latin1;
/*!40101 SET character_set_client = @saved_cs_client */;

--
-- Dumping data for table `meddra_hlt`
--

LOCK TABLES `meddra_hlt` WRITE;
/*!40000 ALTER TABLE `meddra_hlt` DISABLE KEYS */;
INSERT INTO `meddra_hlt` VALUES (10000032,'Cardiac conduction disorders','',NULL,'','','','',''),(10000063,'Abdominal findings abnormal','',NULL,'','','','',''),(10000117,'Abnormal behaviour NEC','',NULL,'','','','',''),(10000135,'Abnormal food elimination','',NULL,'','','','',''),(10000171,'Abnormal reflexes','',NULL,'','','','',''),(10000178,'Abnormal sleep-related events','',NULL,'','','','',''),(10000190,'Foetal position and presentation abnormalities','',NULL,'','','','',''),(10000191,'Gonadotrophic hormone abnormalities','',NULL,'','','','',''),(10000192,'Labour onset and length abnormalities','',NULL,'','','','',''),(10000193,'Male sex hormone abnormalities','',NULL,'','','','',''),(10000196,'Urinary abnormalities','',NULL,'','','','',''),(10000232,'Abortions not specified as induced or spontaneous','',NULL,'','','','',''),(10000233,'Abortion related conditions and complications','',NULL,'','','','',''),(10000235,'Abortions spontaneous','',NULL,'','','','',''),(10000319,'Central nervous system abscesses','',NULL,'','','','',''),(10000332,'Absence seizures','',NULL,'','','','',''),(10000356,'Accelerated and malignant hypertension','',NULL,'','','','',''),(10000366,'Accessory nerve disorders','',NULL,'','','','',''),(10000497,'Acnes','',NULL,'','','','',''),(10000627,'Actinomycotic infectious disorders','',NULL,'','','','',''),(10001014,'Acute polyneuropathies','',NULL,'','','','',''),(10001258,'Adenoviral infections','',NULL,'','','','',''),(10001275,'Antidiuretic hormone related conditions','',NULL,'','','','',''),(10001301,'Adjustment disorders','',NULL,'','','','',''),(10001339,'Adrenal cortex tests','',NULL,'','','','',''),(10001341,'Adrenal cortical hyperfunctions','',NULL,'','','','',''),(10001343,'Adrenal cortical hypofunctions','',NULL,'','','','',''),(10001349,'Adrenal disorders congenital','',NULL,'','','','',''),(10001354,'Adrenal gland disorders NEC','',NULL,'','','','',''),(10001355,'Adrenal gland histopathology procedures','',NULL,'','','','',''),(10001357,'Adrenal gland therapeutic procedures','',NULL,'','','','',''),(10001370,'Adrenal medulla disorders','',NULL,'','','','',''),(10001373,'Adrenal medulla tests','',NULL,'','','','',''),(10001376,'Adrenal neoplasms','',NULL,'','','','',''),(10001377,'Adrenal neoplasms benign','',NULL,'','','','',''),(10001378,'Adrenal neoplasms malignant','',NULL,'','','','',''),(10001414,'Adult T-cell lymphomas/leukaemias','',NULL,'','','','',''),(10001424,'Adverse effect absent','',NULL,'','','','',''),(10001427,'Enterobacter infections','',NULL,'','','','',''),(10001430,'Aeromonas infections','',NULL,'','','','',''),(10001438,'Affect alterations NEC','',NULL,'','','','',''),(10001475,'Age related issues','',NULL,'','','','',''),(10001608,'Alcohol related nutritional disorders','',NULL,'','','','',''),(10001737,'Allergies to foods, food additives, drugs and other chemicals','',NULL,'','','','',''),(10001753,'Allescheria infections','',NULL,'','','','',''),(10001769,'Alopecias','',NULL,'','','','',''),(10001842,'Alphaviral infections','',NULL,'','','','',''),(10001883,'Alveolar soft part sarcomas','',NULL,'','','','',''),(10001897,'Alzheimer\'s disease (incl subtypes)','',NULL,'','','','',''),(10001910,'Amblyopic vision impairment','',NULL,'','','','',''),(10001954,'Amnestic disorders','',NULL,'','','','',''),(10001956,'Amnestic symptoms','',NULL,'','','','',''),(10001970,'Amniotic fluid and cavity disorders of pregnancy NEC','',NULL,'','','','',''),(10001981,'Amoebic infections','',NULL,'','','','',''),(10002023,'Amyloidoses','',NULL,'','','','',''),(10002042,'Anaemia deficiencies','',NULL,'','','','',''),(10002052,'Anaemias haemolytic immune','',NULL,'','','','',''),(10002053,'Anaemias haemolytic immune newborn','',NULL,'','','','',''),(10002054,'Anaemias haemolytic mechanical factor','',NULL,'','','','',''),(10002055,'Anaemias haemolytic NEC','',NULL,'','','','',''),(10002067,'Anaemias NEC','',NULL,'','','','',''),(10002084,'Anaemias congenital (excl haemoglobinopathies)','',NULL,'','','','',''),(10002092,'Anaesthesia and allied procedures','',NULL,'','','','',''),(10002111,'Anaesthetic complications','',NULL,'','','','',''),(10002113,'Anal and rectal disorders NEC','',NULL,'','','','',''),(10002114,'Anal, rectal, perianal and perirectal infections','',NULL,'','','','',''),(10002115,'Anal and rectal pains','',NULL,'','','','',''),(10002117,'Anal and rectal stenosis and obstruction','',NULL,'','','','',''),(10002118,'Anal and rectal signs and symptoms','',NULL,'','','','',''),(10002119,'Anal and rectal ulcers and perforation','',NULL,'','','','',''),(10002125,'Anal canal neoplasms malignant','',NULL,'','','','',''),(10002185,'Analgesia supportive care','',NULL,'','','','',''),(10002235,'Anaplastic large cell lymphomas T- and null-cell types','',NULL,'','','','',''),(10002364,'Aneurysms and dissections non-site specific','',NULL,'','','','',''),(10002365,'Aneurysms and dissections site specific NEC','',NULL,'','','','',''),(10002412,'Angiocentric lymphomas','',NULL,'','','','',''),(10002425,'Angioedemas','',NULL,'','','','',''),(10002450,'Angioimmunoblastic T-cell lymphomas','',NULL,'','','','',''),(10002577,'Anorectal disorders congenital','',NULL,'','','','',''),(10002580,'Anorectal therapeutic procedures','',NULL,'','','','',''),(10002650,'Anorexia nervosa and bulimia','',NULL,'','','','',''),(10002676,'Anterior and posterior chamber disorders congenital','',NULL,'','','','',''),(10002680,'Anterior chamber bleeding and vascular disorders','',NULL,'','','','',''),(10002685,'Anterior chamber structural change, deposit and degeneration','',NULL,'','','','',''),(10002700,'Anterior pituitary hyperfunction','',NULL,'','','','',''),(10002701,'Anterior pituitary hypofunction','',NULL,'','','','',''),(10002710,'Chambers (anterior and posterior) and lens infections and inflammations','',NULL,'','','','',''),(10002790,'Antiinfective therapies','',NULL,'','','','',''),(10002869,'Anxiety symptoms','',NULL,'','','','',''),(10002889,'Aortic aneurysms and dissections','',NULL,'','','','',''),(10002896,'Aortic embolism and thrombosis','',NULL,'','','','',''),(10002901,'Aortic necrosis and vascular insufficiency','',NULL,'','','','',''),(10002903,'Aortic therapeutic procedures','',NULL,'','','','',''),(10002911,'Aortic valvular disorders','',NULL,'','','','',''),(10002982,'Apocrine and eccrine gland disorders','',NULL,'','','','',''),(10003022,'Appetite disorders','',NULL,'','','','',''),(10003057,'Application and instillation site reactions','',NULL,'','','','',''),(10003087,'Arenaviral infections','',NULL,'','','','',''),(10003141,'Arterial and aortic injuries','',NULL,'','','','',''),(10003153,'Arterial disorders congenital','',NULL,'','','','',''),(10003167,'Arterial therapeutic procedures (excl aortic)','',NULL,'','','','',''),(10003231,'Arterial inflammations','',NULL,'','','','',''),(10003284,'Arthropathies NEC','',NULL,'','','','',''),(10003486,'Aspergillus infections','',NULL,'','','','',''),(10003550,'Asthenic conditions','',NULL,'','','','',''),(10003573,'Astroviral infections','',NULL,'','','','',''),(10003623,'Atmospheric pressure injuries','',NULL,'','','','',''),(10003730,'Attention deficit and disruptive behaviour disorders','',NULL,'','','','',''),(10003754,'Atypical mycobacterial infections','',NULL,'','','','',''),(10003784,'Auditory function diagnostic procedures','',NULL,'','','','',''),(10003788,'Auditory nerve disorders','',NULL,'','','','',''),(10003792,'Aural neoplasms benign','',NULL,'','','','',''),(10003793,'Aural neoplasms malignant and unspecified','',NULL,'','','','',''),(10003801,'Cardiac auscultatory investigations','',NULL,'','','','',''),(10003817,'Blood autoimmune disorders','',NULL,'','','','',''),(10003818,'Endocrine autoimmune disorders','',NULL,'','','','',''),(10003820,'Hepatic autoimmune disorders','',NULL,'','','','',''),(10003821,'Muscular autoimmune disorders','',NULL,'','','','',''),(10003828,'Autoimmunity analyses','',NULL,'','','','',''),(10003838,'Autonomic nerve therapeutic procedures','',NULL,'','','','',''),(10003839,'Autonomic nervous system disorders','',NULL,'','','','',''),(10003842,'Autosomal chromosomal abnormalities','',NULL,'','','','',''),(10003900,'B-cell lymphomas NEC','',NULL,'','','','',''),(10003909,'B-cell small lymphocytic lymphomas','',NULL,'','','','',''),(10003921,'B-cell unclassifiable lymphomas','',NULL,'','','','',''),(10003964,'Babesia infections','',NULL,'','','','',''),(10003974,'Bacillary infections','',NULL,'','','','',''),(10004000,'Bacteria identification and serology (excl mycobacteria)','',NULL,'','','','',''),(10004046,'Bacterial infections congenital','',NULL,'','','','',''),(10004047,'Bacterial infections NEC','',NULL,'','','','',''),(10004048,'Bacterial lower respiratory tract infections','',NULL,'','','','',''),(10004054,'Bacterial upper respiratory tract infections','',NULL,'','','','',''),(10004079,'Balantidia infections','',NULL,'','','','',''),(10004209,'Behaviour and socialisation disturbances','',NULL,'','','','',''),(10004297,'Benign musculoskeletal and connective tissue neoplasms','',NULL,'','','','',''),(10004607,'Bile duct infections and inflammations','',NULL,'','','','',''),(10004613,'Bile duct neoplasms malignant','',NULL,'','','','',''),(10004675,'Biliary tract and gallbladder therapeutic procedures','',NULL,'','','','',''),(10004938,'Bipolar disorders','',NULL,'','','','',''),(10004995,'Bladder and urethral symptoms','',NULL,'','','','',''),(10005013,'Bladder neoplasms malignant','',NULL,'','','','',''),(10005036,'Bladder disorders congenital','',NULL,'','','','',''),(10005037,'Bladder disorders NEC','',NULL,'','','','',''),(10005049,'Bladder infections and inflammations','',NULL,'','','','',''),(10005058,'Bladder neoplasms','',NULL,'','','','',''),(10005061,'Bladder therapeutic procedures','',NULL,'','','','',''),(10005068,'Bladder radiotherapies','',NULL,'','','','',''),(10005069,'Bladder reflux conditions','',NULL,'','','','',''),(10005093,'Blastocystis infections','',NULL,'','','','',''),(10005096,'Blastomyces infections','',NULL,'','','','',''),(10005133,'Bleeding tendencies','',NULL,'','','','',''),(10005170,'Blindness (excl colour blindness)','',NULL,'','','','',''),(10005174,'Colour blindness (incl acquired)','',NULL,'','','','',''),(10005460,'Blood counts NEC','',NULL,'','','','',''),(10005536,'Blood gas and acid base analyses','',NULL,'','','','',''),(10005570,'Blood grouping and cross-matching analyses','',NULL,'','','','',''),(10005742,'Blood pressure disorders NEC','',NULL,'','','','',''),(10005907,'Body temperature altered','',NULL,'','','','',''),(10005940,'Bone and joint infections','',NULL,'','','','',''),(10005941,'Bone and joint infections (excl arthritis)','',NULL,'','','','',''),(10005992,'Bone metabolism disorders','',NULL,'','','','',''),(10005997,'Bone neoplasms benign (excl cysts)','',NULL,'','','','',''),(10005998,'Bone neoplasms malignant (excl sarcomas)','',NULL,'','','','',''),(10005999,'Bone neoplasms unspecified malignancy','',NULL,'','','','',''),(10006000,'Bone therapeutic procedures NEC','',NULL,'','','','',''),(10006005,'Bone radiotherapies','',NULL,'','','','',''),(10006006,'Bone related signs and symptoms','',NULL,'','','','',''),(10006024,'Bordetella infections','',NULL,'','','','',''),(10006038,'Borrelial infections','',NULL,'','','','',''),(10006135,'Brain radiotherapies','',NULL,'','','','',''),(10006233,'Breast disorders congenital','',NULL,'','','','',''),(10006234,'Postpartum breast disorders','',NULL,'','','','',''),(10006261,'Breast infections','',NULL,'','','','',''),(10006269,'Breast neoplasm removal','',NULL,'','','','',''),(10006287,'Breast and nipple neoplasms benign','',NULL,'','','','',''),(10006289,'Benign and malignant breast neoplasms','',NULL,'','','','',''),(10006290,'Breast and nipple neoplasms malignant','',NULL,'','','','',''),(10006292,'Breast neoplasms unspecified malignancy','',NULL,'','','','',''),(10006296,'Congenital breast and reproductive tract disorders NEC','',NULL,'','','','',''),(10006304,'Breast radiotherapies','',NULL,'','','','',''),(10006334,'Breathing abnormalities','',NULL,'','','','',''),(10006360,'Brief psychotic disorder','',NULL,'','','','',''),(10006412,'Bronchial and pulmonary therapeutic procedures','',NULL,'','','','',''),(10006429,'Bronchial conditions NEC','',NULL,'','','','',''),(10006472,'Respiratory tract and thoracic histopathology procedures','',NULL,'','','','',''),(10006476,'Respiratory tract and thoracic imaging procedures','',NULL,'','','','',''),(10006484,'Bronchospasm and obstruction','',NULL,'','','','',''),(10006495,'Brucella infections','',NULL,'','','','',''),(10006513,'Bruising, ecchymosis and purpura','',NULL,'','','','',''),(10006555,'Bullous conditions','',NULL,'','','','',''),(10006596,'Burkitt\'s lymphomas','',NULL,'','','','',''),(10006975,'Calcium metabolism disorders','',NULL,'','','','',''),(10006985,'Caliciviral infections','',NULL,'','','','',''),(10007134,'Candida infections','',NULL,'','','','',''),(10007208,'Capnocytophaga infections','',NULL,'','','','',''),(10007217,'Carbohydrate tolerance analyses (incl diabetes)','',NULL,'','','','',''),(10007283,'Carcinoid tumours','',NULL,'','','','',''),(10007542,'Cardiac disorders congenital NEC','',NULL,'','','','',''),(10007543,'Cardiac disorders NEC','',NULL,'','','','',''),(10007566,'Cardiac function diagnostic procedures','',NULL,'','','','',''),(10007570,'Cardiac histopathology procedures','',NULL,'','','','',''),(10007571,'Cardiac hypertensive complications','',NULL,'','','','',''),(10007573,'Cardiac hypoplasias congenital','',NULL,'','','','',''),(10007574,'Cardiac imaging procedures','',NULL,'','','','',''),(10007580,'Cardiac infections','',NULL,'','','','',''),(10007581,'Cardiac infections and inflammations NEC','',NULL,'','','','',''),(10007591,'Cardiac neoplasms NEC','',NULL,'','','','',''),(10007600,'Cardiac device therapeutic procedures','',NULL,'','','','',''),(10007602,'Cardiac and vascular procedural complications','',NULL,'','','','',''),(10007607,'Cardiac septal defects congenital','',NULL,'','','','',''),(10007609,'Cardiac signs and symptoms NEC','',NULL,'','','','',''),(10007614,'Cardiac valve disorders congenital','',NULL,'','','','',''),(10007615,'Cardiac valve therapeutic procedures','',NULL,'','','','',''),(10007635,'Cardiomyopathies','',NULL,'','','','',''),(10007654,'Cardiovascular injuries','',NULL,'','','','',''),(10007656,'Cardiovascular neoplasms benign','',NULL,'','','','',''),(10007657,'Cardiovascular neoplasms malignant and unspecified','',NULL,'','','','',''),(10007709,'Cartilage disorders','',NULL,'','','','',''),(10007711,'Cartilage neoplasms benign','',NULL,'','','','',''),(10007772,'Cataract conditions','',NULL,'','','','',''),(10007881,'Cellular antitumour therapies','',NULL,'','','','',''),(10007935,'Central nervous system and spinal infections','',NULL,'','','','',''),(10007948,'Central nervous system haemorrhages and cerebrovascular accidents','',NULL,'','','','',''),(10007949,'Central nervous system histopathology procedures','',NULL,'','','','',''),(10007950,'Central nervous system imaging procedures','',NULL,'','','','',''),(10007952,'Central nervous system inflammatory disorders NEC','',NULL,'','','','',''),(10007960,'Central nervous system neoplasms malignant NEC','',NULL,'','','','',''),(10007962,'Central nervous system vascular disorders NEC','',NULL,'','','','',''),(10008183,'Cerebrospinal fluid tests (excl microbiology)','',NULL,'','','','',''),(10008192,'Cerebrovascular and spinal necrosis and vascular insufficiency','',NULL,'','','','',''),(10008193,'Cerebrovascular and spinal vascular disorders NEC','',NULL,'','','','',''),(10008194,'Cerebrovascular aneurysms and dissections','',NULL,'','','','',''),(10008205,'Cerebrovascular embolism and thrombosis','',NULL,'','','','',''),(10008206,'Nervous system haemorrhagic disorders','',NULL,'','','','',''),(10008209,'Cerebrovascular venous and sinus thrombosis','',NULL,'','','','',''),(10008230,'Cervix neoplasms malignant','',NULL,'','','','',''),(10008275,'Cervix infections and inflammations','',NULL,'','','','',''),(10008291,'Cervix neoplasms benign','',NULL,'','','','',''),(10008294,'Cervix therapeutic procedures','',NULL,'','','','',''),(10008352,'Cervix disorders NEC','',NULL,'','','','',''),(10008378,'Cestode infections','',NULL,'','','','',''),(10008424,'Chemical injuries','',NULL,'','','','',''),(10008429,'Chemically-induced congenital syndromes','',NULL,'','','','',''),(10008431,'Chemistry analyses NEC','',NULL,'','','','',''),(10008442,'Chemotherapies','',NULL,'','','','',''),(10008494,'Chest wall and mediastinal therapeutic procedures','',NULL,'','','','',''),(10008561,'Chlamydial infections','',NULL,'','','','',''),(10008575,'Chloride imbalance','',NULL,'','','','',''),(10008616,'Cholecystitis and cholelithiasis','',NULL,'','','','',''),(10008636,'Cholestasis and jaundice','',NULL,'','','','',''),(10008651,'Cholesterol analyses','',NULL,'','','','',''),(10008752,'Choreiform movements','',NULL,'','','','',''),(10008772,'Choroid and conjunctival therapeutic procedures','',NULL,'','','','',''),(10008775,'Choroid and vitreous haemorrhages and vascular disorders','',NULL,'','','','',''),(10008776,'Choroid and vitreous structural change, deposit and degeneration','',NULL,'','','','',''),(10008805,'Chromosomal abnormalities NEC','',NULL,'','','','',''),(10008816,'Chromosome analyses','',NULL,'','','','',''),(10009193,'Circulatory collapse and shock','',NULL,'','','','',''),(10009229,'Cladosporidia infections','',NULL,'','','','',''),(10009261,'Cleft lip and cleft palate disorders','',NULL,'','','','',''),(10009653,'Clostridia infections','',NULL,'','','','',''),(10009713,'Central nervous system disorders congenital NEC','',NULL,'','','','',''),(10009728,'Coagulation and bleeding analyses','',NULL,'','','','',''),(10009735,'Coagulation disorders congenital','',NULL,'','','','',''),(10009737,'Coagulation factor deficiencies','',NULL,'','','','',''),(10009824,'Coccidioides infections','',NULL,'','','','',''),(10009842,'Cognitive and attention disorders and disturbances NEC','',NULL,'','','','',''),(10009888,'Colitis (excl infective)','',NULL,'','','','',''),(10010023,'Colorectal neoplasms malignant','',NULL,'','','','',''),(10010039,'Colorectal and anal neoplasms malignancy unspecified','',NULL,'','','','',''),(10010040,'Anal and colorectal neoplasms NEC','',NULL,'','','','',''),(10010119,'Communications disorders','',NULL,'','','','',''),(10010163,'Foetal growth complications','',NULL,'','','','',''),(10010164,'Hypertension complications','',NULL,'','','','',''),(10010168,'Newborn complications NEC','',NULL,'','','','',''),(10010180,'Renal failure complications','',NULL,'','','','',''),(10010268,'Conditions associated with abnormal gas exchange','',NULL,'','','','',''),(10010269,'Conditions caused by cold','',NULL,'','','','',''),(10010301,'Confusion and disorientation','',NULL,'','','','',''),(10010332,'Congenital and hereditary central nervous system disorders NEC','',NULL,'','','','',''),(10010333,'Congenital and hereditary neurological disorders NEC','',NULL,'','','','',''),(10010334,'Congenital and peripartum cerebral disorders','',NULL,'','','','',''),(10010366,'Congenital anterior segment disorders','',NULL,'','','','',''),(10010395,'Congenital cardiac malpositions and transpositions','',NULL,'','','','',''),(10010397,'Congenital cardiac structural defects NEC','',NULL,'','','','',''),(10010401,'Congenital cardiovascular anomaly therapeutic procedures','',NULL,'','','','',''),(10010402,'Congenital cardiovascular disorders NEC','',NULL,'','','','',''),(10010413,'Congenital cerebellar disorders','',NULL,'','','','',''),(10010445,'Congenital disorders NEC','',NULL,'','','','',''),(10010446,'Congenital female reproductive tract disorders','',NULL,'','','','',''),(10010447,'Congenital male reproductive tract disorders','',NULL,'','','','',''),(10010450,'Congenital ear disorders (excl external ear)','',NULL,'','','','',''),(10010460,'Congenital external ear disorders','',NULL,'','','','',''),(10010464,'Congenital eye disorders NEC','',NULL,'','','','',''),(10010479,'Congenital gastrointestinal malformations','',NULL,'','','','',''),(10010484,'Congenital genitourinary tract anomalies NEC','',NULL,'','','','',''),(10010589,'Congenital peripheral nerve disorders','',NULL,'','','','',''),(10010595,'Congenital posterior segment disorders (incl optic nerve)','',NULL,'','','','',''),(10010661,'Congenital urethral disorders','',NULL,'','','','',''),(10010722,'Conjunctival infections, irritations and inflammations','',NULL,'','','','',''),(10010724,'Conjunctival injuries','',NULL,'','','','',''),(10010728,'Conjunctival and corneal bleeding and vascular disorders','',NULL,'','','','',''),(10010735,'Conjunctival structural change, deposit and degeneration','',NULL,'','','','',''),(10010760,'Connective tissue disorders','',NULL,'','','','',''),(10010763,'Connective tissue disorders congenital','',NULL,'','','','',''),(10010812,'Contraceptive methods female','',NULL,'','','','',''),(10010962,'Copper metabolism disorders','',NULL,'','','','',''),(10010987,'Corneal and scleral disorders congenital','',NULL,'','','','',''),(10010988,'Corneal and scleral therapeutic procedures','',NULL,'','','','',''),(10011004,'Corneal disorders NEC','',NULL,'','','','',''),(10011021,'Corneal infections, oedemas and inflammations','',NULL,'','','','',''),(10011024,'Corneal injuries','',NULL,'','','','',''),(10011049,'Corneal structural change, deposit and degeneration','',NULL,'','','','',''),(10011083,'Coronary artery disorders NEC','',NULL,'','','','',''),(10011085,'Ischaemic coronary artery disorders','',NULL,'','','','',''),(10011168,'Cortical dysfunction NEC','',NULL,'','','','',''),(10011210,'Corynebacteria infections','',NULL,'','','','',''),(10011233,'Coughing and associated symptoms','',NULL,'','','','',''),(10011262,'Coxsackie viral infections','',NULL,'','','','',''),(10011302,'Peripheral nerve injuries','',NULL,'','','','',''),(10011306,'Cranial nerve disorders NEC','',NULL,'','','','',''),(10011313,'Cranial nerve therapeutic procedures','',NULL,'','','','',''),(10011391,'Criminal activity','',NULL,'','','','',''),(10011486,'Cryptococcal infections','',NULL,'','','','',''),(10011499,'Cryptosporidia infections','',NULL,'','','','',''),(10011505,'Crystal arthropathic disorders','',NULL,'','','','',''),(10011722,'Cyclosporidia infections','',NULL,'','','','',''),(10011774,'Cystic pancreatic disorders','',NULL,'','','','',''),(10011824,'Cytokine therapies','',NULL,'','','','',''),(10011827,'Cytomegaloviral infections','',NULL,'','','','',''),(10011879,'Hearing losses','',NULL,'','','','',''),(10011907,'Death and sudden death','',NULL,'','','','',''),(10011975,'Decreased physical activity levels','',NULL,'','','','',''),(10012139,'Extremity deformities','',NULL,'','','','',''),(10012140,'Spine and neck deformities','',NULL,'','','','',''),(10012219,'Deliria','',NULL,'','','','',''),(10012256,'Delusional disorders','',NULL,'','','','',''),(10012259,'Delusional symptoms','',NULL,'','','','',''),(10012268,'Dementia (excl Alzheimer\'s type)','',NULL,'','','','',''),(10012289,'Dementia NEC','',NULL,'','','','',''),(10012302,'Demyelinating disorders NEC','',NULL,'','','','',''),(10012317,'Dental and gingival therapeutic procedures','',NULL,'','','','',''),(10012321,'Dental developmental disorders and anomalies','',NULL,'','','','',''),(10012325,'Dental and periodontal infections and inflammations','',NULL,'','','','',''),(10012326,'Dental and oral soft tissue infections','',NULL,'','','','',''),(10012329,'Dental surface disorders','',NULL,'','','','',''),(10012356,'Dependents','',NULL,'','','','',''),(10012401,'Depressive disorders','',NULL,'','','','',''),(10012424,'Dermal and epidermal conditions NEC','',NULL,'','','','',''),(10012435,'Dermatitis and eczema','',NULL,'','','','',''),(10012437,'Dermatitis ascribed to specific agent','',NULL,'','','','',''),(10012561,'Developmental disorders cognitive','',NULL,'','','','',''),(10012567,'Developmental motor skills disorders','',NULL,'','','','',''),(10012602,'Diabetes mellitus (incl subtypes)','',NULL,'','','','',''),(10012654,'Diabetic complications cardiovascular','',NULL,'','','','',''),(10012655,'Diabetic complications NEC','',NULL,'','','','',''),(10012656,'Diabetic complications neurological','',NULL,'','','','',''),(10012657,'Diabetic complications ophthalmic','',NULL,'','','','',''),(10012658,'Diabetic complications renal','',NULL,'','','','',''),(10012706,'Diaphragmatic disorders','',NULL,'','','','',''),(10012707,'Diaphragmatic disorders congenital','',NULL,'','','','',''),(10012714,'Diaphragmatic hernias','',NULL,'','','','',''),(10012724,'Diaphragmatic therapeutic procedures','',NULL,'','','','',''),(10012736,'Diarrhoea (excl infective)','',NULL,'','','','',''),(10012776,'Dietary and nutritional issues','',NULL,'','','','',''),(10012819,'Diffuse large B-cell lymphomas','',NULL,'','','','',''),(10012981,'Digestive enzymes','',NULL,'','','','',''),(10013297,'Bursal disorders','',NULL,'','','','',''),(10013305,'Erection and ejaculation conditions and disorders','',NULL,'','','','',''),(10013307,'Female gonadal function disorders','',NULL,'','','','',''),(10013310,'Gender disorders','',NULL,'','','','',''),(10013316,'Lactation disorders','',NULL,'','','','',''),(10013322,'Male gonadal function disorders','',NULL,'','','','',''),(10013342,'Ovarian and fallopian tube disorders NEC','',NULL,'','','','',''),(10013344,'Pelvis and broad ligament disorders NEC','',NULL,'','','','',''),(10013351,'Purine metabolism disorders congenital','',NULL,'','','','',''),(10013357,'Sexual function and fertility disorders NEC','',NULL,'','','','',''),(10013358,'Spermatogenesis and semen disorders','',NULL,'','','','',''),(10013360,'Synovial disorders','',NULL,'','','','',''),(10013372,'Tympanic membrane disorders (excl infections)','',NULL,'','','','',''),(10013374,'Uterine structure and position disorders','',NULL,'','','','',''),(10013375,'Uterine tone disorders','',NULL,'','','','',''),(10013376,'Uterine disorders NEC','',NULL,'','','','',''),(10013470,'Dissociative states','',NULL,'','','','',''),(10013500,'Disturbances in sleep phase rhythm','',NULL,'','','','',''),(10013509,'Disturbances in consciousness NEC','',NULL,'','','','',''),(10013510,'Disturbances in initiating and maintaining sleep','',NULL,'','','','',''),(10013530,'Diverticula','',NULL,'','','','',''),(10013539,'Diverticulum inflammations','',NULL,'','','','',''),(10013662,'Drug and chemical abuse','',NULL,'','','','',''),(10013811,'Duodenal and small intestinal stenosis and obstruction','',NULL,'','','','',''),(10013862,'Duodenal ulcers and perforation','',NULL,'','','','',''),(10013929,'Dyskinesias and movement disorders NEC','',NULL,'','','','',''),(10013949,'Dyspeptic signs and symptoms','',NULL,'','','','',''),(10013975,'Dyspnoeas','',NULL,'','','','',''),(10013980,'Dyssomnias','',NULL,'','','','',''),(10013985,'Dystonias','',NULL,'','','','',''),(10013994,'Ear and labyrinth histopathology procedures','',NULL,'','','','',''),(10014013,'Ear infections','',NULL,'','','','',''),(10014065,'Eating disorder symptoms NEC','',NULL,'','','','',''),(10014068,'Eating disorders NEC','',NULL,'','','','',''),(10014110,'Echo viral infections','',NULL,'','','','',''),(10014137,'Economic circumstances','',NULL,'','','','',''),(10014143,'Ectoparasitic infestations','',NULL,'','','','',''),(10014157,'Ectopic endocrine disorders','',NULL,'','','','',''),(10014161,'Ectopic hormone secretion syndromes associated with neoplasias','',NULL,'','','','',''),(10014268,'Educational issues','',NULL,'','','','',''),(10014419,'Electrolyte imbalance NEC','',NULL,'','','','',''),(10014476,'Elevated cholesterol','',NULL,'','','','',''),(10014477,'Elevated cholesterol with elevated triglycerides','',NULL,'','','','',''),(10014486,'Elevated triglycerides','',NULL,'','','','',''),(10014524,'Non-site specific embolism and thrombosis','',NULL,'','','','',''),(10014556,'Emotional and mood disturbances NEC','',NULL,'','','','',''),(10014565,'Employment issues','',NULL,'','','','',''),(10014599,'Encephalitis NEC','',NULL,'','','','',''),(10014600,'Encephalitis nonviral infectious','',NULL,'','','','',''),(10014624,'Encephalopathies toxic and metabolic','',NULL,'','','','',''),(10014632,'Encephalopathies NEC','',NULL,'','','','',''),(10014660,'Endocardial disorders NEC','',NULL,'','','','',''),(10014667,'Endocardial bacterial infections','',NULL,'','','','',''),(10014672,'Endocardial fungal infections','',NULL,'','','','',''),(10014680,'Endocarditis NEC','',NULL,'','','','',''),(10014686,'Endocardial viral infections','',NULL,'','','','',''),(10014691,'Endocrine abnormalities of gonadal function NEC','',NULL,'','','','',''),(10014692,'Endocrine abnormalities of puberty','',NULL,'','','','',''),(10014693,'Endocrine analyses and imaging NEC','',NULL,'','','','',''),(10014700,'Endocrine disorders NEC','',NULL,'','','','',''),(10014711,'Endocrine neoplasms benign NEC','',NULL,'','','','',''),(10014712,'Endocrine neoplasms malignant and unspecified NEC','',NULL,'','','','',''),(10014714,'Endocrine neoplasms NEC','',NULL,'','','','',''),(10014716,'Endocrine procedural complications','',NULL,'','','','',''),(10014742,'Endometrial neoplasms malignant','',NULL,'','','','',''),(10014889,'Enterococcal infections','',NULL,'','','','',''),(10014932,'Non-occupational and unspecified environmental problems','',NULL,'','','','',''),(10014997,'Epididymal therapeutic procedures','',NULL,'','','','',''),(10015072,'Epiphyseal disorders','',NULL,'','','','',''),(10015100,'Epithelioid sarcomas','',NULL,'','','','',''),(10015107,'Epstein-Barr viral infections','',NULL,'','','','',''),(10015149,'Erysipelothrix infections','',NULL,'','','','',''),(10015151,'Erythemas','',NULL,'','','','',''),(10015295,'Escherichia infections','',NULL,'','','','',''),(10015542,'Eustachian tube disorders','',NULL,'','','','',''),(10015664,'Exfoliative conditions','',NULL,'','','','',''),(10015733,'External ear disorders congenital','',NULL,'','','','',''),(10015734,'External ear infections and inflammations','',NULL,'','','','',''),(10015737,'External ear therapeutic procedures','',NULL,'','','','',''),(10015738,'External female genital therapeutic procedures','',NULL,'','','','',''),(10015760,'Extraskeletal Ewing\'s sarcomas','',NULL,'','','','',''),(10015791,'Extragonadal primary germ cell neoplasms','',NULL,'','','','',''),(10015821,'Extranodal marginal zone B-cell lymphomas (low grade B-cell)','',NULL,'','','','',''),(10015839,'Extraskeletal chondrosarcomas','',NULL,'','','','',''),(10015848,'Extraskeletal osteosarcomas','',NULL,'','','','',''),(10015908,'Eye and ear procedural complications','',NULL,'','','','',''),(10015909,'Eye and eyelid infections','',NULL,'','','','',''),(10015951,'Eye movement disorders','',NULL,'','','','',''),(10015984,'Eyelid disorders congenital','',NULL,'','','','',''),(10015992,'Eyelid movement disorders','',NULL,'','','','',''),(10015994,'Eyelid therapeutic procedures','',NULL,'','','','',''),(10016054,'Facial cranial nerve disorders','',NULL,'','','','',''),(10016058,'Facial therapeutic procedures','',NULL,'','','','',''),(10016072,'Factitious disorders','',NULL,'','','','',''),(10016097,'Faecal abnormalities NEC','',NULL,'','','','',''),(10016124,'Failed labour','',NULL,'','','','',''),(10016181,'Fallopian tube neoplasms malignant','',NULL,'','','','',''),(10016189,'Fallopian tube therapeutic procedures','',NULL,'','','','',''),(10016213,'Family and partner issues','',NULL,'','','','',''),(10016224,'Fascial and bursal therapeutic procedures','',NULL,'','','','',''),(10016250,'Fat soluble vitamin deficiencies and disorders','',NULL,'','','','',''),(10016286,'Febrile disorders','',NULL,'','','','',''),(10016413,'Female reproductive neoplasms malignant NEC','',NULL,'','','','',''),(10016414,'Female reproductive neoplasms unspecified malignancy','',NULL,'','','','',''),(10016416,'Female reproductive tract disorders congenital','',NULL,'','','','',''),(10016435,'Femoral hernias','',NULL,'','','','',''),(10016462,'Fertility analyses','',NULL,'','','','',''),(10016471,'Fertility and fertilisation interventions female','',NULL,'','','','',''),(10016634,'Fibrosarcomas malignant','',NULL,'','','','',''),(10016654,'Fibrosis NEC','',NULL,'','','','',''),(10016770,'Flatulence, bloating and distension','',NULL,'','','','',''),(10016798,'Fluctuating mood symptoms','',NULL,'','','','',''),(10016801,'Fluid intake increased','',NULL,'','','','',''),(10016850,'Foetal complications NEC','',NULL,'','','','',''),(10016851,'Foetal conditions due to maternal conditions','',NULL,'','','','',''),(10016895,'Follicle centre lymphomas diffuse predominantly small cell','',NULL,'','','','',''),(10016903,'Follicle centre lymphomas, follicular grade I, II, III','',NULL,'','','','',''),(10016951,'Food malabsorption and intolerance syndromes (excl sugar intolerance)','',NULL,'','','','',''),(10017329,'Francisella infections','',NULL,'','','','',''),(10017536,'Fungal infections NEC','',NULL,'','','','',''),(10017537,'Fungal lower respiratory tract infections','',NULL,'','','','',''),(10017545,'Fungus identification and serology','',NULL,'','','','',''),(10017564,'Fusobacterium infections','',NULL,'','','','',''),(10017578,'Gait disturbances','',NULL,'','','','',''),(10017629,'Gallbladder disorders NEC','',NULL,'','','','',''),(10017634,'Gallbladder neoplasms malignant','',NULL,'','','','',''),(10017730,'Gardnerella infections','',NULL,'','','','',''),(10017751,'Gastric and oesophageal haemorrhages','',NULL,'','','','',''),(10017752,'Gastric and pyloric stenosis and obstruction','',NULL,'','','','',''),(10017780,'Gastric disorders congenital','',NULL,'','','','',''),(10017812,'Gastric neoplasms malignant','',NULL,'','','','',''),(10017813,'Gastric therapeutic procedures','',NULL,'','','','',''),(10017847,'Gastric ulcers and perforation','',NULL,'','','','',''),(10017854,'Gastritis (excl infective)','',NULL,'','','','',''),(10017887,'Gastric and gastroenteric infections','',NULL,'','','','',''),(10017921,'Gastrointestinal inflammatory disorders NEC','',NULL,'','','','',''),(10017926,'Gastrointestinal and abdominal pains (excl oral and throat)','',NULL,'','','','',''),(10017927,'Gastrointestinal and hepatobiliary procedural complications','',NULL,'','','','',''),(10017933,'Gastrointestinal atonic and hypomotility disorders NEC','',NULL,'','','','',''),(10017948,'Gastrointestinal disorders NEC','',NULL,'','','','',''),(10017950,'Gastrointestinal dyskinetic disorders','',NULL,'','','','',''),(10017951,'Gastrointestinal embolism and thrombosis','',NULL,'','','','',''),(10017952,'Gastrointestinal fistulae','',NULL,'','','','',''),(10017958,'Non-site specific gastrointestinal haemorrhages','',NULL,'','','','',''),(10017962,'Gastrointestinal histopathology procedures','',NULL,'','','','',''),(10017963,'Gastrointestinal and abdominal imaging procedures','',NULL,'','','','',''),(10017967,'Abdominal and gastrointestinal infections','',NULL,'','','','',''),(10017968,'Gastrointestinal infections, site unspecified','',NULL,'','','','',''),(10017983,'Gastrointestinal necrosis and gangrene (excl gangrenous hernia)','',NULL,'','','','',''),(10017984,'Gastrointestinal necrosis and vascular insufficiency','',NULL,'','','','',''),(10017988,'Benign neoplasms gastrointestinal (excl oral cavity)','',NULL,'','','','',''),(10017989,'Gastrointestinal neoplasms benign NEC','',NULL,'','','','',''),(10017992,'Gastrointestinal neoplasms malignant NEC','',NULL,'','','','',''),(10017993,'Gastrointestinal neoplasms NEC','',NULL,'','','','',''),(10017994,'Gastrointestinal neoplasms malignancy unspecified NEC','',NULL,'','','','',''),(10017997,'Gastrointestinal vascular occlusion and infarction','',NULL,'','','','',''),(10018005,'Gastrointestinal radiotherapies','',NULL,'','','','',''),(10018006,'Gastrointestinal spastic and hypermotility disorders','',NULL,'','','','',''),(10018009,'Gastrointestinal stenosis and obstruction NEC','',NULL,'','','','',''),(10018013,'Gastrointestinal therapeutic procedures NEC','',NULL,'','','','',''),(10018023,'Gastrointestinal ulcers and perforation, site unspecified','',NULL,'','','','',''),(10018029,'Haemorrhoids and gastrointestinal varices (excl oesophageal)','',NULL,'','','','',''),(10018030,'Gastrointestinal varicosities and haemorrhoids','',NULL,'','','','',''),(10018032,'Gastrointestinal vascular malformations','',NULL,'','','','',''),(10018034,'Gastrointestinal, pancreatic and APUD hormone analyses','',NULL,'','','','',''),(10018059,'Gene therapies','',NULL,'','','','',''),(10018067,'General nutritional disorders NEC','',NULL,'','','','',''),(10018072,'General signs and symptoms NEC','',NULL,'','','','',''),(10018101,'Generalised tonic-clonic seizures','',NULL,'','','','',''),(10018187,'Genitourinary neoplasms malignancy and gender unspecified','',NULL,'','','','',''),(10018191,'Genitourinary tract infections and inflammations NEC','',NULL,'','','','',''),(10018205,'Germ cell neoplasms site unspecified NEC','',NULL,'','','','',''),(10018208,'Gestational age and weight conditions','',NULL,'','','','',''),(10018260,'Giardia infections','',NULL,'','','','',''),(10018305,'Glaucomas (excl congenital)','',NULL,'','','','',''),(10018325,'Congenital glaucomas','',NULL,'','','','',''),(10018335,'Glial tumours malignant','',NULL,'','','','',''),(10018339,'Gliomas benign','',NULL,'','','','',''),(10018365,'Glomerulonephritis and nephrotic syndrome','',NULL,'','','','',''),(10018390,'Glossopharyngeal nerve disorders','',NULL,'','','','',''),(10018699,'Granulomatous and deep cutaneous inflammatory conditions','',NULL,'','','','',''),(10018717,'Great vessel disorders congenital','',NULL,'','','','',''),(10018774,'Gingival discolourations','',NULL,'','','','',''),(10018776,'Gingival disorders NEC','',NULL,'','','','',''),(10018785,'Gingival infections','',NULL,'','','','',''),(10018788,'Gingival pains','',NULL,'','','','',''),(10018812,'Haem metabolism analyses','',NULL,'','','','',''),(10018845,'Haematologic neoplasms NEC','',NULL,'','','','',''),(10018846,'Haematological analyses NEC','',NULL,'','','','',''),(10018847,'Haematological disorders','',NULL,'','','','',''),(10018848,'Haematological disorders congenital NEC','',NULL,'','','','',''),(10018903,'Haemoglobinopathies congenital','',NULL,'','','','',''),(10018904,'Haemoglobinopathies NEC','',NULL,'','','','',''),(10018913,'Haemolyses NEC','',NULL,'','','','',''),(10018948,'Haemophilus infections','',NULL,'','','','',''),(10018987,'Haemorrhages NEC','',NULL,'','','','',''),(10019006,'Haemorrhagic complications of pregnancy','',NULL,'','','','',''),(10019028,'Blood and blood product treatment','',NULL,'','','','',''),(10019140,'Hanta viral infections','',NULL,'','','','',''),(10019233,'Headaches NEC','',NULL,'','','','',''),(10019237,'Healing abnormal NEC','',NULL,'','','','',''),(10019244,'Hearing disorders congenital','',NULL,'','','','',''),(10019281,'Heart failures NEC','',NULL,'','','','',''),(10019283,'Heart failure signs and symptoms','',NULL,'','','','',''),(10019294,'Cardiac malpositions congenital','',NULL,'','','','',''),(10019338,'Heat injuries (excl thermal burns)','',NULL,'','','','',''),(10019375,'Helicobacter infections','',NULL,'','','','',''),(10019383,'Helminthic infections NEC','',NULL,'','','','',''),(10019630,'Hepatic and portal embolism and thrombosis','',NULL,'','','','',''),(10019632,'Hepatic and portal necrosis and vascular insufficiency','',NULL,'','','','',''),(10019661,'Hepatic enzymes and function abnormalities','',NULL,'','','','',''),(10019664,'Hepatic failure and associated disorders','',NULL,'','','','',''),(10019669,'Hepatic fibrosis and cirrhosis','',NULL,'','','','',''),(10019681,'Hepatic infections (excl viral)','',NULL,'','','','',''),(10019689,'Hepatic metabolic disorders','',NULL,'','','','',''),(10019703,'Hepatic neoplasms malignant','',NULL,'','','','',''),(10019704,'Hepatic therapeutic procedures','',NULL,'','','','',''),(10019709,'Hepatobiliary signs and symptoms','',NULL,'','','','',''),(10019712,'Hepatic vascular disorders','',NULL,'','','','',''),(10019715,'Hepatic viral infections','',NULL,'','','','',''),(10019803,'Hepatobiliary abnormalities congenital','',NULL,'','','','',''),(10019807,'Hepatobiliary histopathology procedures','',NULL,'','','','',''),(10019808,'Hepatobiliary imaging procedures','',NULL,'','','','',''),(10019812,'Hepatobiliary neoplasms benign','',NULL,'','','','',''),(10019814,'Hepatobiliary neoplasms malignancy unspecified','',NULL,'','','','',''),(10019816,'Hepatobiliary neoplasms malignant NEC','',NULL,'','','','',''),(10019817,'Hepatobiliary neoplasms NEC','',NULL,'','','','',''),(10019825,'Hepatoblastomas','',NULL,'','','','',''),(10019833,'Hepatocellular damage and hepatitis NEC','',NULL,'','','','',''),(10019888,'Hereditary muscle disorders','',NULL,'','','','',''),(10019910,'Hernias NEC','',NULL,'','','','',''),(10019931,'Hernia repairs','',NULL,'','','','',''),(10019972,'Herpes viral infections','',NULL,'','','','',''),(10020068,'High grade B-cell lymphomas Burkitt-like lymphoma','',NULL,'','','','',''),(10020118,'Histiocytoses','',NULL,'','','','',''),(10020126,'Histopathology procedures NEC','',NULL,'','','','',''),(10020140,'Histoplasma infections','',NULL,'','','','',''),(10020214,'Hodgkin\'s disease lymphocyte depletion type','',NULL,'','','','',''),(10020226,'Hodgkin\'s disease lymphocyte predominance type','',NULL,'','','','',''),(10020243,'Hodgkin\'s disease NEC','',NULL,'','','','',''),(10020382,'Hormonal therapeutic procedures NEC','',NULL,'','','','',''),(10020420,'Housing circumstances','',NULL,'','','','',''),(10020509,'Hydrocephalic conditions','',NULL,'','','','',''),(10020638,'Hyperglycaemic conditions NEC','',NULL,'','','','',''),(10020648,'Hyperkeratoses','',NULL,'','','','',''),(10020666,'Hyperlipidaemias NEC','',NULL,'','','','',''),(10020704,'Hyperparathyroid disorders','',NULL,'','','','',''),(10020713,'Hyperpigmentation disorders','',NULL,'','','','',''),(10020774,'Vascular hypertensive disorders NEC','',NULL,'','','','',''),(10020776,'Hypertension associated disorders of pregnancy','',NULL,'','','','',''),(10020863,'Hypertrichoses','',NULL,'','','','',''),(10020914,'Hypervitaminoses NEC','',NULL,'','','','',''),(10020992,'Hypoglossal nerve disorders','',NULL,'','','','',''),(10021001,'Hypoglycaemic conditions NEC','',NULL,'','','','',''),(10021040,'Hypoparathyroid disorders','',NULL,'','','','',''),(10021043,'Hypopharyngeal neoplasms malignant and unspecified','',NULL,'','','','',''),(10021064,'Hypopigmentation disorders','',NULL,'','','','',''),(10021109,'Hypothalamic and pituitary disorders NEC','',NULL,'','','','',''),(10021110,'Hypothalamic analyses','',NULL,'','','','',''),(10021197,'Ichthyoses','',NULL,'','','','',''),(10021404,'Imaging procedures NEC','',NULL,'','','','',''),(10021421,'Immune response protein analyses NEC','',NULL,'','','','',''),(10021424,'Immune system abnormalities congenital','',NULL,'','','','',''),(10021431,'Immunisations','',NULL,'','','','',''),(10021477,'Immunoglobulin analyses','',NULL,'','','','',''),(10021504,'Immunology analyses NEC','',NULL,'','','','',''),(10021507,'Immunology skin tests NEC','',NULL,'','','','',''),(10021544,'Implant and catheter site reactions','',NULL,'','','','',''),(10021562,'Impulse control disorders','',NULL,'','','','',''),(10021602,'Inborn errors of amino acid metabolism','',NULL,'','','','',''),(10021603,'Inborn errors of bilirubin metabolism','',NULL,'','','','',''),(10021604,'Inborn errors of carbohydrate metabolism (excl glucose)','',NULL,'','','','',''),(10021606,'Inborn errors of metabolism NEC','',NULL,'','','','',''),(10021607,'Inborn errors of porphyrin metabolism','',NULL,'','','','',''),(10021608,'Inborn errors of steroid synthesis','',NULL,'','','','',''),(10021620,'Incisional hernias','',NULL,'','','','',''),(10021672,'Increased physical activity levels','',NULL,'','','','',''),(10021717,'Induced abortions','',NULL,'','','','',''),(10021854,'Penile and scrotal infections and inflammations','',NULL,'','','','',''),(10021855,'Prostate and seminal vesicles infections and inflammations','',NULL,'','','','',''),(10021856,'Testicular and epididymal infections and inflammations','',NULL,'','','','',''),(10021880,'Infections congenital NEC','',NULL,'','','','',''),(10021883,'Breast infections and inflammations','',NULL,'','','','',''),(10021884,'Fallopian tube and ovary infections and inflammations','',NULL,'','','','',''),(10021885,'Uterine infections and inflammations (excl cervix)','',NULL,'','','','',''),(10021886,'Vaginal and vulval infections and inflammations','',NULL,'','','','',''),(10021888,'Nervous system infections NEC','',NULL,'','','','',''),(10021902,'Infections NEC','',NULL,'','','','',''),(10021904,'Infectious arthritis','',NULL,'','','','',''),(10021910,'Infectious disorders carrier','',NULL,'','','','',''),(10021950,'Inflammations','',NULL,'','','','',''),(10021982,'Inflammatory disorders following infection','',NULL,'','','','',''),(10021992,'Muscle infections and inflammations','',NULL,'','','','',''),(10022005,'Influenza viral infections','',NULL,'','','','',''),(10022017,'Inguinal hernias','',NULL,'','','','',''),(10022031,'Inherited neuropathies','',NULL,'','','','',''),(10022097,'Injection site reactions','',NULL,'','','','',''),(10022397,'Inner ear therapeutic procedures','',NULL,'','','','',''),(10022398,'Inner ear signs and symptoms','',NULL,'','','','',''),(10022528,'Interactions','',NULL,'','','','',''),(10022635,'Intervertebral disc disorders NEC','',NULL,'','','','',''),(10022646,'Intestinal disorders congenital','',NULL,'','','','',''),(10022653,'Intestinal haemorrhages','',NULL,'','','','',''),(10022678,'Intestinal infections','',NULL,'','','','',''),(10022704,'Intestinal T-cell lymphomas','',NULL,'','','','',''),(10022892,'Investigations NEC','',NULL,'','','','',''),(10022946,'Iris and choroid disorders congenital','',NULL,'','','','',''),(10022947,'Iris and ciliary body therapeutic procedures','',NULL,'','','','',''),(10022951,'Iris and ciliary body bleeding and vascular disorders','',NULL,'','','','',''),(10022952,'Iris and ciliary body structural change, deposit and degeneration','',NULL,'','','','',''),(10022953,'Iris and uveal tract infections, irritations and inflammations','',NULL,'','','','',''),(10022971,'Iron deficiencies','',NULL,'','','','',''),(10022979,'Iron excess','',NULL,'','','','',''),(10022984,'Iron metabolism disorders NEC','',NULL,'','','','',''),(10023021,'Skin ischaemic conditions','',NULL,'','','','',''),(10023051,'Islet cell neoplasms and APUDoma NEC','',NULL,'','','','',''),(10023053,'Blood isoimmune reactions','',NULL,'','','','',''),(10023075,'Isospora infections','',NULL,'','','','',''),(10023210,'Joint dislocations','',NULL,'','','','',''),(10023221,'Joint therapeutic procedures','',NULL,'','','','',''),(10023226,'Joint related signs and symptoms','',NULL,'','','','',''),(10023285,'Kaposi\'s sarcomas','',NULL,'','','','',''),(10023431,'Renal therapeutic procedures','',NULL,'','','','',''),(10023455,'Klebsiella infections','',NULL,'','','','',''),(10023566,'Inner ear disorders NEC','',NULL,'','','','',''),(10023617,'Lacrimal apparatus therapeutic procedures','',NULL,'','','','',''),(10023638,'Lacrimal system disorders congenital','',NULL,'','','','',''),(10023796,'Large intestinal stenosis and obstruction','',NULL,'','','','',''),(10023803,'Large intestine therapeutic procedures','',NULL,'','','','',''),(10023819,'Laryngeal and adjacent sites disorders NEC (excl infections and neoplasms)','',NULL,'','','','',''),(10023821,'Laryngeal and tracheal disorders congenital','',NULL,'','','','',''),(10023826,'Laryngeal neoplasms malignant','',NULL,'','','','',''),(10023844,'Laryngeal neoplasms malignancy unspecified','',NULL,'','','','',''),(10023847,'Laryngeal therapeutic procedures','',NULL,'','','','',''),(10023855,'Laryngeal spasm, oedema and obstruction','',NULL,'','','','',''),(10024094,'Learning disorders','',NULL,'','','','',''),(10024120,'Left ventricular failures','',NULL,'','','','',''),(10024179,'Legionella infections','',NULL,'','','','',''),(10024190,'Leiomyosarcomas','',NULL,'','','','',''),(10024205,'Lens disorders congenital','',NULL,'','','','',''),(10024209,'Lens therapeutic procedures','',NULL,'','','','',''),(10024210,'Lens structural change, deposit and degeneration (excl cataracts)','',NULL,'','','','',''),(10024230,'Leprous infections','',NULL,'','','','',''),(10024234,'Leptospira infections','',NULL,'','','','',''),(10024290,'Leukaemias acute lymphocytic','',NULL,'','','','',''),(10024291,'Leukaemias acute myeloid','',NULL,'','','','',''),(10024292,'Leukaemias acute NEC','',NULL,'','','','',''),(10024295,'Leukaemias chronic lymphocytic','',NULL,'','','','',''),(10024296,'Leukaemias chronic myeloid','',NULL,'','','','',''),(10024297,'Leukaemias chronic NEC','',NULL,'','','','',''),(10024298,'Leukaemias chronic T-cell','',NULL,'','','','',''),(10024303,'Leukaemias lymphocytic NEC','',NULL,'','','','',''),(10024309,'Leukaemias myeloid NEC','',NULL,'','','','',''),(10024310,'Leukaemias NEC','',NULL,'','','','',''),(10024379,'Leukocytoses NEC','',NULL,'','','','',''),(10024385,'Leukopenias NEC','',NULL,'','','','',''),(10024442,'Lid bleeding and vascular disorders','',NULL,'','','','',''),(10024445,'Lid, lash and lacrimal infections, irritations and inflammations','',NULL,'','','','',''),(10024446,'Lid, lash and lacrimal structural disorders','',NULL,'','','','',''),(10024502,'Limb therapeutic procedures','',NULL,'','','','',''),(10024530,'Lip and oral cavity neoplasms malignant','',NULL,'','','','',''),(10024531,'Lip and oral cavity neoplasms benign','',NULL,'','','','',''),(10024532,'Lip and oral cavity neoplasms malignancy unspecified','',NULL,'','','','',''),(10024560,'Lip therapeutic procedures','',NULL,'','','','',''),(10024579,'Lysosomal storage disorders','',NULL,'','','','',''),(10024581,'Lipid metabolism and deposit disorders NEC','',NULL,'','','','',''),(10024606,'Lipodystrophies','',NULL,'','','','',''),(10024624,'Lipoprotein and lipid tests NEC','',NULL,'','','','',''),(10024628,'Liposarcomas malignant','',NULL,'','','','',''),(10024639,'Listeria infections','',NULL,'','','','',''),(10024689,'Liver function analyses','',NULL,'','','','',''),(10024948,'Lower gastrointestinal neoplasms benign','',NULL,'','','','',''),(10024966,'Congenital lower respiratory tract disorders','',NULL,'','','','',''),(10024971,'Lower respiratory tract infections NEC','',NULL,'','','','',''),(10024972,'Lower respiratory tract inflammatory and immunologic conditions','',NULL,'','','','',''),(10024973,'Lower respiratory tract neoplasms','',NULL,'','','','',''),(10024974,'Lower respiratory tract radiation disorders','',NULL,'','','','',''),(10024976,'Lower respiratory tract signs and symptoms','',NULL,'','','','',''),(10025039,'Pulmonary and bronchial disorders congenital','',NULL,'','','','',''),(10025101,'Lower respiratory tract and lung infections','',NULL,'','','','',''),(10025116,'Pulmonary radiotherapies','',NULL,'','','','',''),(10025135,'Lupus erythematosus (incl subtypes)','',NULL,'','','','',''),(10025136,'Lupus erythematosus and associated conditions','',NULL,'','','','',''),(10025198,'Lymphatic system disorders NEC','',NULL,'','','','',''),(10025221,'Lymphangiopathies','',NULL,'','','','',''),(10025224,'Lymphangiosarcomas','',NULL,'','','','',''),(10025232,'Lymphatic system disorders congenital','',NULL,'','','','',''),(10025308,'Lymphoid tissue therapeutic procedures','',NULL,'','','','',''),(10025324,'Lymphomas unspecified NEC','',NULL,'','','','',''),(10025343,'Lymphoplasmacytoid lymphomas/immunocytomas','',NULL,'','','','',''),(10025353,'Lymphoproliferative disorders NEC (excl leukaemias and lymphomas)','',NULL,'','','','',''),(10025368,'Lysosomal enzyme analyses','',NULL,'','','','',''),(10025439,'Magnesium metabolism disorders','',NULL,'','','','',''),(10025480,'Malabsorption syndromes','',NULL,'','','','',''),(10025517,'Male reproductive tract disorders congenital','',NULL,'','','','',''),(10025537,'Malignant anorectal neoplasms','',NULL,'','','','',''),(10025553,'Fibrous histiocytomas malignant','',NULL,'','','','',''),(10025577,'Malignant hepatobiliary neoplasms','',NULL,'','','','',''),(10025614,'Malignant intestinal neoplasms','',NULL,'','','','',''),(10025634,'Lymphomas unclassifiable malignant','',NULL,'','','','',''),(10025673,'Mesenchymomas malignant','',NULL,'','','','',''),(10025680,'Malignant miscellaneous gastrointestinal neoplasms','',NULL,'','','','',''),(10025681,'Malignant musculoskeletal and connective tissue neoplasms','',NULL,'','','','',''),(10026660,'Malignant oral cavity neoplasms','',NULL,'','','','',''),(10026798,'Mantle cell lymphomas','',NULL,'','','','',''),(10026847,'Marrow depression and hypoplastic anaemias','',NULL,'','','','',''),(10026879,'Mastectomies','',NULL,'','','','',''),(10026895,'Mastoid disorders','',NULL,'','','','',''),(10026898,'Mastoid therapeutic procedures','',NULL,'','','','',''),(10026905,'Maternal complications of delivery NEC','',NULL,'','','','',''),(10026907,'Maternal complications of labour NEC','',NULL,'','','','',''),(10026909,'Maternal complications of pregnancy NEC','',NULL,'','','','',''),(10027072,'Mediastinal disorders','',NULL,'','','','',''),(10027079,'Mediastinal neoplasms benign','',NULL,'','','','',''),(10027080,'Mediastinal neoplasms malignancy unspecified NEC','',NULL,'','','','',''),(10027081,'Mediastinal neoplasms malignant','',NULL,'','','','',''),(10027156,'Skin melanomas (excl ocular)','',NULL,'','','','',''),(10027177,'Memory loss (excl dementia)','',NULL,'','','','',''),(10027187,'Meningitis NEC','',NULL,'','','','',''),(10027195,'Meningiomas benign','',NULL,'','','','',''),(10027196,'Meningiomas malignant','',NULL,'','','','',''),(10027203,'Meningeal bacterial infections','',NULL,'','','','',''),(10027237,'Meningeal fungal infections','',NULL,'','','','',''),(10027261,'Meningeal viral infections','',NULL,'','','','',''),(10027299,'Menopausal effects NEC','',NULL,'','','','',''),(10027300,'Menopausal effects on the genitourinary tract','',NULL,'','','','',''),(10027335,'Menstruation and uterine bleeding NEC','',NULL,'','','','',''),(10027341,'Menstruation with decreased bleeding','',NULL,'','','','',''),(10027342,'Menstruation with increased bleeding','',NULL,'','','','',''),(10027361,'Mental disorders due to a general medical condition NEC','',NULL,'','','','',''),(10027362,'Mental disorders NEC','',NULL,'','','','',''),(10027375,'Mental impairment (excl dementia and memory loss)','',NULL,'','','','',''),(10027413,'Mesotheliomas benign','',NULL,'','','','',''),(10027414,'Mesotheliomas malignant and unspecified','',NULL,'','','','',''),(10027416,'Metabolic acidoses (excl diabetic acidoses)','',NULL,'','','','',''),(10027422,'Metabolic alkaloses','',NULL,'','','','',''),(10027425,'Metabolic bone disorders','',NULL,'','','','',''),(10027428,'Metabolic disorders NEC','',NULL,'','','','',''),(10027434,'Metabolism tests NEC','',NULL,'','','','',''),(10027467,'Metastases to specified sites','',NULL,'','','','',''),(10027471,'Metastases to unknown and unspecified sites','',NULL,'','','','',''),(10027530,'Microbiology and serology tests NEC','',NULL,'','','','',''),(10027586,'Middle ear infections and inflammations','',NULL,'','','','',''),(10027588,'Middle ear therapeutic procedures','',NULL,'','','','',''),(10027603,'Migraine headaches','',NULL,'','','','',''),(10027637,'Mineral and electrolyte analyses','',NULL,'','','','',''),(10027641,'Mineral related disorders NEC','',NULL,'','','','',''),(10027652,'Abdominal injuries NEC','',NULL,'','','','',''),(10027653,'Abdominal therapeutic procedures NEC','',NULL,'','','','',''),(10027654,'Allergic conditions NEC','',NULL,'','','','',''),(10027657,'Autoimmune disorders NEC','',NULL,'','','','',''),(10027658,'Bone disorders NEC','',NULL,'','','','',''),(10027659,'Breast therapeutic procedures NEC','',NULL,'','','','',''),(10027660,'Cardiac therapeutic procedures NEC','',NULL,'','','','',''),(10027661,'Cardiovascular disorders congenital NEC','',NULL,'','','','',''),(10027662,'Spinal cord injuries NEC','',NULL,'','','','',''),(10027663,'Chest and lung injuries NEC','',NULL,'','','','',''),(10027666,'Ear disorders NEC','',NULL,'','','','',''),(10027668,'Ear disorders congenital NEC','',NULL,'','','','',''),(10027669,'Ear injuries NEC','',NULL,'','','','',''),(10027671,'Endocrine disorders congenital NEC','',NULL,'','','','',''),(10027672,'External ear disorders NEC','',NULL,'','','','',''),(10027673,'Ocular disorders congenital NEC','',NULL,'','','','',''),(10027674,'Eye injuries NEC','',NULL,'','','','',''),(10027675,'Eye therapeutic procedures NEC','',NULL,'','','','',''),(10027677,'Fractures and dislocations NEC','',NULL,'','','','',''),(10027678,'Gastrointestinal signs and symptoms NEC','',NULL,'','','','',''),(10027679,'Gastrointestinal tract disorders congenital NEC','',NULL,'','','','',''),(10027680,'Genital and urinary tract disorders NEC','',NULL,'','','','',''),(10027681,'Hepatic and hepatobiliary disorders NEC','',NULL,'','','','',''),(10027682,'Immune and associated conditions NEC','',NULL,'','','','',''),(10027684,'Infectious transmissions','',NULL,'','','','',''),(10027685,'Joint related disorders NEC','',NULL,'','','','',''),(10027687,'Middle ear disorders NEC','',NULL,'','','','',''),(10027688,'Musculoskeletal and connective tissue signs and symptoms NEC','',NULL,'','','','',''),(10027689,'Newborn respiratory disorders NEC','',NULL,'','','','',''),(10027692,'Pancreatic disorders NEC','',NULL,'','','','',''),(10027693,'Cranial nerve injuries','',NULL,'','','','',''),(10027694,'Renal and urinary tract injuries NEC','',NULL,'','','','',''),(10027695,'Renal disorders NEC','',NULL,'','','','',''),(10027696,'Reproductive tract disorders NEC (excl neoplasms)','',NULL,'','','','',''),(10027697,'Reproductive tract neoplasms NEC','',NULL,'','','','',''),(10027698,'Respiratory signs and symptoms NEC','',NULL,'','','','',''),(10027699,'Skin injuries NEC','',NULL,'','','','',''),(10027700,'Therapeutic procedures NEC','',NULL,'','','','',''),(10027701,'Vascular injuries NEC','',NULL,'','','','',''),(10027723,'Mitral valvular disorders','',NULL,'','','','',''),(10027739,'Mixed acid-base disorders','',NULL,'','','','',''),(10027755,'Mixed cranial nerve disorders','',NULL,'','','','',''),(10027808,'Molluscum contagiosum viral infections','',NULL,'','','','',''),(10027861,'Monoclonal antibody therapies','',NULL,'','','','',''),(10027917,'Mononeuropathies','',NULL,'','','','',''),(10027938,'Mood alterations with depressive symptoms','',NULL,'','','','',''),(10027939,'Mood alterations with manic symptoms','',NULL,'','','','',''),(10027948,'Mood disorders NEC','',NULL,'','','','',''),(10027961,'Moraxella infections','',NULL,'','','','',''),(10028004,'Motor neurone diseases','',NULL,'','','','',''),(10028114,'Mucosal findings abnormal','',NULL,'','','','',''),(10028177,'Multiple cardiac abnormalities congenital','',NULL,'','','','',''),(10028193,'Multiple endocrine neoplasia syndromes','',NULL,'','','','',''),(10028196,'Multiple endocrine neoplasias','',NULL,'','','','',''),(10028268,'Mumps viral infections','',NULL,'','','','',''),(10028288,'Muscle, tendon and ligament injuries','',NULL,'','','','',''),(10028315,'Muscle injuries','',NULL,'','','','',''),(10028321,'Muscle therapeutic procedures','',NULL,'','','','',''),(10028323,'Muscle pains','',NULL,'','','','',''),(10028326,'Muscle related signs and symptoms NEC','',NULL,'','','','',''),(10028342,'Muscle tone abnormal','',NULL,'','','','',''),(10028343,'Muscle tone abnormalities','',NULL,'','','','',''),(10028378,'Musculoskeletal and connective tissue deformities of skull, face and buccal cavity','',NULL,'','','','',''),(10028380,'Musculoskeletal and connective tissue disorders of face, neck and jaw congenital','',NULL,'','','','',''),(10028381,'Musculoskeletal and connective tissue disorders of limbs congenital','',NULL,'','','','',''),(10028382,'Musculoskeletal and connective tissue disorders of skull congenital','',NULL,'','','','',''),(10028383,'Musculoskeletal and connective tissue disorders of spine congenital','',NULL,'','','','',''),(10028384,'Musculoskeletal and connective tissue disorders of trunk congenital (excl spine)','',NULL,'','','','',''),(10028385,'Musculoskeletal and soft tissue histopathology procedures','',NULL,'','','','',''),(10028386,'Musculoskeletal and soft tissue imaging procedures','',NULL,'','','','',''),(10028390,'Musculoskeletal and connective tissue neoplasms NEC','',NULL,'','','','',''),(10028392,'Musculoskeletal procedural complications','',NULL,'','','','',''),(10028394,'Musculoskeletal and soft tissue tests NEC','',NULL,'','','','',''),(10028431,'Mycobacteria identification and serology','',NULL,'','','','',''),(10028442,'Mycobacterial infections congenital','',NULL,'','','','',''),(10028470,'Mycoplasma infections','',NULL,'','','','',''),(10028484,'Mycoses fungoides','',NULL,'','','','',''),(10028525,'Myelitis (incl infective)','',NULL,'','','','',''),(10028536,'Myelodysplastic syndromes','',NULL,'','','','',''),(10028578,'Myeloproliferative disorders (excl leukaemias)','',NULL,'','','','',''),(10028590,'Myocardial disorders NEC','',NULL,'','','','',''),(10028639,'Myoneurogenic bladder disorders','',NULL,'','','','',''),(10028640,'Myopathies','',NULL,'','','','',''),(10028685,'Nail and nail bed conditions (excl infections and infestations)','',NULL,'','','','',''),(10028701,'Nail therapeutic procedures','',NULL,'','','','',''),(10028714,'Narcolepsy and hypersomnia','',NULL,'','','','',''),(10028716,'Narcolepsy and associated conditions','',NULL,'','','','',''),(10028722,'Nasal and paranasal sinus neoplasms benign','',NULL,'','','','',''),(10028731,'Nasal disorders NEC','',NULL,'','','','',''),(10028736,'Nasal congestion and inflammations','',NULL,'','','','',''),(10028739,'Nasal disorders congenital','',NULL,'','','','',''),(10028752,'Nasal therapeutic procedures','',NULL,'','','','',''),(10028801,'Oropharyngeal, nasopharyngeal and tonsillar neoplasms malignant and unspecified','',NULL,'','','','',''),(10028817,'Nausea and vomiting symptoms','',NULL,'','','','',''),(10028882,'Necrosis NEC','',NULL,'','','','',''),(10028909,'Neisseria infections','',NULL,'','','','',''),(10028914,'Nematode infections','',NULL,'','','','',''),(10028926,'Neonatal cardiovascular disorders (excl cardiorespiratory arrest)','',NULL,'','','','',''),(10028927,'Neonatal complications of maternal substance abuse','',NULL,'','','','',''),(10028929,'Congenital neonatal infections','',NULL,'','','','',''),(10028935,'Neonatal blood incompatibility disorders','',NULL,'','','','',''),(10028940,'Neonatal gastrointestinal disorders','',NULL,'','','','',''),(10028941,'Neonatal haematologic disorders (excl blood incompatibility)','',NULL,'','','','',''),(10028942,'Neonatal hepatobiliary disorders','',NULL,'','','','',''),(10028946,'Neonatal hypoxia and asphyxia','',NULL,'','','','',''),(10028947,'Neonatal hypoxic conditions','',NULL,'','','','',''),(10028949,'Neonatal infections (excl congenital infections)','',NULL,'','','','',''),(10028952,'Neonatal intracranial haemorrhage','',NULL,'','','','',''),(10028961,'Neonatal metabolic and endocrine disorders','',NULL,'','','','',''),(10028964,'Neonatal neurological system disorders NEC','',NULL,'','','','',''),(10028965,'Neonatal disorders due to birth trauma (excl intracranial haemorrhages)','',NULL,'','','','',''),(10028969,'Neonatal respiratory arrest and failure','',NULL,'','','','',''),(10028972,'Neonatal respiratory disorders NEC','',NULL,'','','','',''),(10029105,'Neoplasms malignant site unspecified NEC','',NULL,'','','','',''),(10029106,'Neoplasms benign site unspecified NEC','',NULL,'','','','',''),(10029108,'Testicular and epididymal neoplasms','',NULL,'','','','',''),(10029109,'Cervix neoplasms','',NULL,'','','','',''),(10029111,'Neoplasms unspecified malignancy and site unspecified NEC','',NULL,'','','','',''),(10029137,'Nephritis NEC','',NULL,'','','','',''),(10029150,'Nephropathies and tubular disorders NEC','',NULL,'','','','',''),(10029210,'Nervous system neoplasms benign NEC','',NULL,'','','','',''),(10029212,'Nervous system neoplasms malignant NEC','',NULL,'','','','',''),(10029213,'Nervous system neoplasms unspecified malignancy NEC','',NULL,'','','','',''),(10029273,'Neurofibrosarcomas','',NULL,'','','','',''),(10029285,'Neurologic diagnostic procedures','',NULL,'','','','',''),(10029292,'Neurologic visual problems NEC','',NULL,'','','','',''),(10029294,'Neurological and psychiatric procedural complications','',NULL,'','','','',''),(10029300,'Neurological disorders congenital NEC','',NULL,'','','','',''),(10029306,'Neurological signs and symptoms NEC','',NULL,'','','','',''),(10029312,'Neuromas','',NULL,'','','','',''),(10029318,'Neuromuscular disorders NEC','',NULL,'','','','',''),(10029320,'Neuromuscular junction dysfunction','',NULL,'','','','',''),(10029355,'Neutropenias','',NULL,'','','','',''),(10029394,'Newcastle viral infections','',NULL,'','','','',''),(10029443,'Nocardia infections','',NULL,'','','','',''),(10029461,'Nodal marginal zone B-cell lymphomas','',NULL,'','','','',''),(10029509,'Non-site specific bone disorders congenital','',NULL,'','','','',''),(10029510,'Non-site specific cartilage disorders congenital','',NULL,'','','','',''),(10029511,'Non-site specific injuries NEC','',NULL,'','','','',''),(10029512,'Non-site specific muscle disorders congenital','',NULL,'','','','',''),(10029513,'Musculoskeletal disorders congenital NEC','',NULL,'','','','',''),(10029548,'Noninfectious myocarditis','',NULL,'','','','',''),(10029558,'Non-site specific necrosis and vascular insufficiency NEC','',NULL,'','','','',''),(10029559,'Non-site specific procedural complications','',NULL,'','','','',''),(10029592,'Non-Hodgkin\'s lymphomas NEC','',NULL,'','','','',''),(10029606,'Non-Hodgkin\'s lymphomas transformed recurrent','',NULL,'','','','',''),(10029608,'Non-Hodgkin\'s lymphomas unspecified histology aggressive','',NULL,'','','','',''),(10029621,'Non-Hodgkin\'s lymphomas unspecified histology indolent','',NULL,'','','','',''),(10029664,'Non-small cell neoplasms malignant of the respiratory tract cell type specified','',NULL,'','','','',''),(10029772,'Normal pregnancy, labour and delivery','',NULL,'','','','',''),(10029906,'Obstetric therapeutic procedures','',NULL,'','','','',''),(10029976,'Obstructive bile duct disorders (excl neoplasms)','',NULL,'','','','',''),(10030014,'Occupational environmental problems','',NULL,'','','','',''),(10030025,'Occupational parenchymal lung disorders','',NULL,'','','','',''),(10030031,'Ocular bleeding and vascular disorders NEC','',NULL,'','','','',''),(10030032,'Ocular disorders NEC','',NULL,'','','','',''),(10030045,'Ocular infections, inflammations and associated manifestations','',NULL,'','','','',''),(10030047,'Ocular injuries NEC','',NULL,'','','','',''),(10030052,'Ocular melanomas','',NULL,'','','','',''),(10030053,'Ocular neoplasms malignancy unspecified','',NULL,'','','','',''),(10030056,'Ocular neoplasms benign','',NULL,'','','','',''),(10030057,'Ocular neoplasms malignant (excl melanomas)','',NULL,'','','','',''),(10030059,'Ocular nerve and muscle disorders','',NULL,'','','','',''),(10030060,'Ocular nerve injuries (excl optic)','',NULL,'','','','',''),(10030063,'Ocular sensation disorders','',NULL,'','','','',''),(10030067,'Ocular vascular disorders NEC','',NULL,'','','','',''),(10030113,'Oedema NEC','',NULL,'','','','',''),(10030167,'Oesophageal disorders congenital','',NULL,'','','','',''),(10030168,'Oesophageal disorders NEC','',NULL,'','','','',''),(10030173,'Oesophageal infections','',NULL,'','','','',''),(10030176,'Oesophageal neoplasms malignant','',NULL,'','','','',''),(10030177,'Oesophageal neoplasms malignancy unspecified','',NULL,'','','','',''),(10030179,'Oesophageal therapeutic procedures','',NULL,'','','','',''),(10030196,'Oesophageal stenosis and obstruction','',NULL,'','','','',''),(10030206,'Oesophageal ulcers and perforation','',NULL,'','','','',''),(10030209,'Oesophageal varices','',NULL,'','','','',''),(10030281,'Olfactory nerve disorders','',NULL,'','','','',''),(10030315,'Oncologic complications and emergencies','',NULL,'','','','',''),(10030864,'Ophthalmic function diagnostic procedures','',NULL,'','','','',''),(10030866,'Ophthalmic histopathology and imaging procedures','',NULL,'','','','',''),(10030913,'Optic disc abnormalities NEC','',NULL,'','','','',''),(10030926,'Optic nerve and optic disc disorders congenital','',NULL,'','','','',''),(10030928,'Optic nerve bleeding and vascular disorders','',NULL,'','','','',''),(10030933,'Optic nerve disorders NEC','',NULL,'','','','',''),(10030937,'Optic nerve infections and inflammations','',NULL,'','','','',''),(10030950,'Optic pathway injuries','',NULL,'','','','',''),(10030952,'Ocular signs and symptoms NEC','',NULL,'','','','',''),(10030967,'Oral cavity disorders congenital NEC','',NULL,'','','','',''),(10030968,'Benign oral cavity neoplasms','',NULL,'','','','',''),(10030969,'Oral cavity neoplasms NEC','',NULL,'','','','',''),(10030975,'Oral dryness and saliva altered','',NULL,'','','','',''),(10031015,'Oral soft tissue disorders NEC','',NULL,'','','','',''),(10031016,'Oral soft tissue haemorrhages','',NULL,'','','','',''),(10031017,'Oral soft tissue infections','',NULL,'','','','',''),(10031019,'Oral soft tissue pain and paraesthesia','',NULL,'','','','',''),(10031020,'Oral soft tissue swelling and oedema','',NULL,'','','','',''),(10031021,'Oral soft tissue signs and symptoms','',NULL,'','','','',''),(10031028,'Orbit and globe therapeutic procedures','',NULL,'','','','',''),(10031049,'Orbital infections, inflammations and irritations','',NULL,'','','','',''),(10031055,'Orbital structural change, deposit and degeneration','',NULL,'','','','',''),(10031086,'Orgasmic disorders and disturbances','',NULL,'','','','',''),(10031119,'Oropharyngeal, nasopharyngeal and tonsillar neoplasms benign','',NULL,'','','','',''),(10032172,'Intestinal ulcers and perforation NEC','',NULL,'','','','',''),(10033121,'Ovarian and fallopian tube cysts and neoplasms','',NULL,'','','','',''),(10033129,'Ovarian neoplasms malignant (excl germ cell)','',NULL,'','','','',''),(10033222,'Ovarian germ cell neoplasms malignant','',NULL,'','','','',''),(10033273,'Ovarian neoplasms benign','',NULL,'','','','',''),(10033274,'Ovarian therapeutic procedures','',NULL,'','','','',''),(10033372,'Pain and discomfort NEC','',NULL,'','','','',''),(10033527,'Palatal therapeutic procedures','',NULL,'','','','',''),(10033530,'Palate disorders congenital','',NULL,'','','','',''),(10033618,'Pancreatic disorders congenital','',NULL,'','','','',''),(10033632,'Pancreatic neoplasms','',NULL,'','','','',''),(10033633,'Pancreatic neoplasms malignant (excl islet cell and carcinoid)','',NULL,'','','','',''),(10033634,'Pancreatic therapeutic procedures','',NULL,'','','','',''),(10033638,'Pancreatic radiotherapies','',NULL,'','','','',''),(10033646,'Acute and chronic pancreatitis','',NULL,'','','','',''),(10033674,'Panniculitides','',NULL,'','','','',''),(10033724,'Papilloma viral infections','',NULL,'','','','',''),(10033738,'Papulosquamous conditions','',NULL,'','','','',''),(10033767,'Paracoccidioides infections','',NULL,'','','','',''),(10033773,'Paraendocrine neoplasms NEC','',NULL,'','','','',''),(10033788,'Paraesthesias and dysaesthesias','',NULL,'','','','',''),(10033796,'Parainfluenzae viral infections','',NULL,'','','','',''),(10033800,'Paralysis and paresis (excl cranial nerve)','',NULL,'','','','',''),(10033852,'Paranasal therapeutic procedures','',NULL,'','','','',''),(10033853,'Paranasal sinus and nasal cavity neoplasms malignant and unspecified','',NULL,'','','','',''),(10033894,'Parapox viral infections','',NULL,'','','','',''),(10033903,'Parasite identification and serology','',NULL,'','','','',''),(10033917,'Parasitic lower respiratory tract infections','',NULL,'','','','',''),(10033920,'Parasomnias','',NULL,'','','','',''),(10033944,'Parathyroid disorders NEC','',NULL,'','','','',''),(10033951,'Parathyroid gland therapeutic procedures','',NULL,'','','','',''),(10033954,'Parathyroid analyses','',NULL,'','','','',''),(10033977,'Paravaccinia infections','',NULL,'','','','',''),(10033979,'Parenchymal lung disorders NEC','',NULL,'','','','',''),(10034005,'Parkinson\'s disease and parkinsonism','',NULL,'','','','',''),(10034057,'Partial complex seizures','',NULL,'','','','',''),(10034069,'Partial vision loss','',NULL,'','','','',''),(10034093,'Partial simple seizures NEC','',NULL,'','','','',''),(10034098,'Parvoviral infections','',NULL,'','','','',''),(10034107,'Pasteurella infections','',NULL,'','','','',''),(10034239,'Pelvic and site unspecified infections and inflammations','',NULL,'','','','',''),(10034246,'Pelvic fractures','',NULL,'','','','',''),(10034247,'Pelvic fractures and dislocations','',NULL,'','','','',''),(10034300,'Penile neoplasms malignant','',NULL,'','','','',''),(10034304,'Penile disorders NEC (excl erection and ejaculation)','',NULL,'','','','',''),(10034308,'Penile neoplasms','',NULL,'','','','',''),(10034309,'Penile therapeutic procedures','',NULL,'','','','',''),(10034371,'Peptic ulcers and perforation','',NULL,'','','','',''),(10034374,'Perception disturbances','',NULL,'','','','',''),(10034469,'Pericardial disorders NEC','',NULL,'','','','',''),(10034490,'Infectious pericarditis','',NULL,'','','','',''),(10034494,'Noninfectious pericarditis','',NULL,'','','','',''),(10034564,'Peripheral aneurysms and dissections','',NULL,'','','','',''),(10034572,'Peripheral embolism and thrombosis','',NULL,'','','','',''),(10034588,'Peripheral nerve therapeutic procedures','',NULL,'','','','',''),(10034592,'Peripheral nervous system histopathology procedures','',NULL,'','','','',''),(10034607,'Peripheral neuropathies NEC','',NULL,'','','','',''),(10034622,'Peripheral T-cell lymphomas NEC','',NULL,'','','','',''),(10034638,'Peripheral vascular disorders NEC','',NULL,'','','','',''),(10034640,'Peripheral vasoconstriction, necrosis and vascular insufficiency','',NULL,'','','','',''),(10034653,'Peritoneal and retroperitoneal disorders','',NULL,'','','','',''),(10034654,'Peritoneal and retroperitoneal fibrosis and adhesions','',NULL,'','','','',''),(10034655,'Peritoneal and retroperitoneal haemorrhages','',NULL,'','','','',''),(10034668,'Peritoneal infections','',NULL,'','','','',''),(10034709,'Persistent foetal circulation disorders','',NULL,'','','','',''),(10034727,'Personality disorders NEC','',NULL,'','','','',''),(10034728,'Personality disorders with anxious behaviour (Cluster C)','',NULL,'','','','',''),(10034729,'Personality disorders with dramatic behaviour (Cluster B)','',NULL,'','','','',''),(10034730,'Personality disorders with eccentric behaviour (Cluster A)','',NULL,'','','','',''),(10034740,'Pervasive developmental disorders NEC','',NULL,'','','','',''),(10034807,'Pharyngeal and laryngeal neoplasms benign','',NULL,'','','','',''),(10034812,'Pharyngeal neoplasms malignant and unspecified','',NULL,'','','','',''),(10034823,'Pharyngeal disorders (excl infections and neoplasms)','',NULL,'','','','',''),(10034824,'Pharyngeal disorders congenital','',NULL,'','','','',''),(10034831,'Pharyngeal therapeutic procedures','',NULL,'','','','',''),(10034906,'Phleboviral infections','',NULL,'','','','',''),(10034941,'Phosphorus metabolism disorders','',NULL,'','','','',''),(10034976,'Phototherapies','',NULL,'','','','',''),(10035021,'Pigmentation changes NEC','',NULL,'','','','',''),(10035035,'Pilar disorders NEC','',NULL,'','','','',''),(10035055,'Pineal neoplasms','',NULL,'','','','',''),(10035081,'Pituitary and hypothalamic therapeutic procedures','',NULL,'','','','',''),(10035089,'Pituitary analyses anterior','',NULL,'','','','',''),(10035090,'Pituitary analyses posterior','',NULL,'','','','',''),(10035098,'Pituitary neoplasms','',NULL,'','','','',''),(10035099,'Hormone secreting pituitary neoplasms','',NULL,'','','','',''),(10035130,'Placental abnormalities (excl neoplasms)','',NULL,'','','','',''),(10035141,'Placental neoplasms','',NULL,'','','','',''),(10035228,'Plasma cell neoplasms NEC','',NULL,'','','','',''),(10035499,'Plasmodia infections','',NULL,'','','','',''),(10035523,'Platelet analyses','',NULL,'','','','',''),(10035533,'Platelet disorders NEC','',NULL,'','','','',''),(10035594,'Pleural conditions NEC','',NULL,'','','','',''),(10035602,'Pleural infections and inflammations','',NULL,'','','','',''),(10035610,'Pleural neoplasms','',NULL,'','','','',''),(10035612,'Pleural therapeutic procedures','',NULL,'','','','',''),(10035614,'Pleural radiation therapies','',NULL,'','','','',''),(10035633,'Multiple pregnancies','',NULL,'','','','',''),(10035660,'Pneumocystis infections','',NULL,'','','','',''),(10035761,'Pneumothorax and pleural effusions NEC','',NULL,'','','','',''),(10035777,'Poisoning and toxicity','',NULL,'','','','',''),(10036017,'Poliomyelitis viral infections','',NULL,'','','','',''),(10036052,'Polycythaemia (excl rubra vera)','',NULL,'','','','',''),(10036078,'Polyglandular endocrine disorders','',NULL,'','','','',''),(10036107,'Chronic polyneuropathies','',NULL,'','','','',''),(10036195,'Porphyromonas infections','',NULL,'','','','',''),(10036201,'Portal hypertensions','',NULL,'','','','',''),(10036361,'Posterior pituitary disorders','',NULL,'','','','',''),(10036416,'Postpartum complications NEC','',NULL,'','','','',''),(10036420,'Postpartum psychiatric disorders','',NULL,'','','','',''),(10036451,'Potassium imbalance','',NULL,'','','','',''),(10036524,'Precursor B-lymphoblastic lymphomas','',NULL,'','','','',''),(10036544,'Precursor T-lymphoblastic lymphomas/leukaemias','',NULL,'','','','',''),(10036557,'Pregnancy associated hypertension','',NULL,'','','','',''),(10036569,'Pregnancy related circumstances','',NULL,'','','','',''),(10036581,'Unintended pregnancies','',NULL,'','','','',''),(10036700,'Primary immunodeficiency syndromes','',NULL,'','','','',''),(10036711,'Primary mediastinal large B-cell lymphomas','',NULL,'','','','',''),(10036760,'Prion-associated disorders','',NULL,'','','','',''),(10036775,'Rectal inflammations NEC','',NULL,'','','','',''),(10036896,'Prophylactic procedures NEC','',NULL,'','','','',''),(10036908,'Prostatic neoplasms malignant','',NULL,'','','','',''),(10036928,'Prostatic neoplasms benign','',NULL,'','','','',''),(10036959,'Prostatic signs, symptoms and disorders NEC','',NULL,'','','','',''),(10036966,'Prostatic neoplasms and hypertrophy','',NULL,'','','','',''),(10036967,'Prostatic therapeutic procedures','',NULL,'','','','',''),(10036969,'Prostatic radiotherapies','',NULL,'','','','',''),(10036998,'Protein analyses NEC','',NULL,'','','','',''),(10036999,'Amino acid metabolism disorders NEC','',NULL,'','','','',''),(10037009,'Protein metabolism disorders NEC','',NULL,'','','','',''),(10037037,'Proteus infections','',NULL,'','','','',''),(10037074,'Protozoal infections congenital','',NULL,'','','','',''),(10037075,'Protozoal infections NEC','',NULL,'','','','',''),(10037104,'Pseudallescheria infections','',NULL,'','','','',''),(10037132,'Pseudomonal infections','',NULL,'','','','',''),(10037163,'Psoriatic arthropathies','',NULL,'','','','',''),(10037177,'Infancy, childhood and adolescence psychiatric disorders NEC','',NULL,'','','','',''),(10037178,'Psychiatric elimination disorders','',NULL,'','','','',''),(10037180,'Psychiatric symptoms NEC','',NULL,'','','','',''),(10037252,'Psychotic disorder NEC','',NULL,'','','','',''),(10037379,'Pulmonary embolism and thrombosis','',NULL,'','','','',''),(10037385,'Respiratory and pulmonary function diagnostic procedures','',NULL,'','','','',''),(10037401,'Pulmonary hypertensions','',NULL,'','','','',''),(10037424,'Pulmonary oedemas','',NULL,'','','','',''),(10037439,'Pulmonary thrombotic and embolic conditions','',NULL,'','','','',''),(10037445,'Pulmonary valvular disorders','',NULL,'','','','',''),(10037455,'Pulmonary vascular disorders NEC','',NULL,'','','','',''),(10037514,'Pupil disorders','',NULL,'','','','',''),(10037533,'Pupillary signs','',NULL,'','','','',''),(10037550,'Purpuras (excl thrombocytopenic)','',NULL,'','','','',''),(10037555,'Purpura and related conditions','',NULL,'','','','',''),(10037573,'Pustular conditions','',NULL,'','','','',''),(10037689,'Coxiella infections','',NULL,'','','','',''),(10037743,'Rabies viral infections','',NULL,'','','','',''),(10037759,'Radiation injuries','',NULL,'','','','',''),(10037796,'Radiotherapies site unspecified','',NULL,'','','','',''),(10037797,'Ear, nose and throat radiotherapies','',NULL,'','','','',''),(10037908,'Rate and rhythm disorders NEC','',NULL,'','','','',''),(10038144,'Red blood cell abnormal findings NEC','',NULL,'','','','',''),(10038148,'Red blood cell analyses','',NULL,'','','','',''),(10038185,'Red cell membrane and enzyme abnormalities','',NULL,'','','','',''),(10038267,'Refractive and accommodative disorders','',NULL,'','','','',''),(10038361,'Renal and urinary tract disorders congenital NEC','',NULL,'','','','',''),(10038431,'Renal disorders congenital','',NULL,'','','','',''),(10038434,'Renal embolism and thrombosis','',NULL,'','','','',''),(10038443,'Renal failure and impairment','',NULL,'','','','',''),(10038454,'Renal function analyses','',NULL,'','','','',''),(10038461,'Renal haemorrhagic disorders','',NULL,'','','','',''),(10038465,'Renal hypertensions','',NULL,'','','','',''),(10038466,'Renal hypertension and related conditions','',NULL,'','','','',''),(10038472,'Renal infections and inflammations (excl nephritis)','',NULL,'','','','',''),(10038478,'Renal lithiasis','',NULL,'','','','',''),(10038482,'Renal necrosis and vascular insufficiency','',NULL,'','','','',''),(10038486,'Renal neoplasms','',NULL,'','','','',''),(10038487,'Renal neoplasms benign','',NULL,'','','','',''),(10038488,'Renal obstructive disorders','',NULL,'','','','',''),(10038502,'Renal pelvis and ureter neoplasms malignant','',NULL,'','','','',''),(10038529,'Renal structural abnormalities and trauma','',NULL,'','','','',''),(10038543,'Renal vascular and ischaemic conditions','',NULL,'','','','',''),(10038545,'Renal vascular disorders NEC','',NULL,'','','','',''),(10038586,'Female reproductive tract infections','',NULL,'','','','',''),(10038587,'Male reproductive tract infections','',NULL,'','','','',''),(10038589,'Reproductive hormone analyses','',NULL,'','','','',''),(10038591,'Male genital tract therapeutic procedures NEC','',NULL,'','','','',''),(10038596,'Reproductive neoplasms female benign NEC','',NULL,'','','','',''),(10038598,'Reproductive neoplasms male benign NEC','',NULL,'','','','',''),(10038599,'Reproductive neoplasms male malignant NEC','',NULL,'','','','',''),(10038600,'Reproductive neoplasms male unspecified malignancy','',NULL,'','','','',''),(10038601,'Reproductive organ and breast histopathology procedures','',NULL,'','','','',''),(10038602,'Reproductive organ and breast imaging procedures','',NULL,'','','','',''),(10038605,'Reproductive system necrosis and vascular insufficiency','',NULL,'','','','',''),(10038606,'Reproductive system varicosities','',NULL,'','','','',''),(10038607,'Reproductive system vascular disorders NEC','',NULL,'','','','',''),(10038609,'Reproductive tract and breast procedural complications','',NULL,'','','','',''),(10038611,'Reproductive tract disorders congenital NEC','',NULL,'','','','',''),(10038613,'Reproductive tract infections and inflammations NEC','',NULL,'','','','',''),(10038660,'Respiratory acidoses','',NULL,'','','','',''),(10038663,'Respiratory alkaloses','',NULL,'','','','',''),(10038717,'Respiratory syncytial viral infections','',NULL,'','','','',''),(10038722,'Respiratory tract and pleural neoplasms benign NEC','',NULL,'','','','',''),(10038723,'Respiratory tract and pleural neoplasms malignant cell type unspecified NEC','',NULL,'','','','',''),(10038726,'Respiratory tract disorders congenital NEC','',NULL,'','','','',''),(10038736,'Respiratory tract and pleural neoplasms malignancy unspecified NEC','',NULL,'','','','',''),(10038798,'Reticuloendothelial disorders NEC','',NULL,'','','','',''),(10038837,'Retinal bleeding and vascular disorders (excl retinopathy)','',NULL,'','','','',''),(10038855,'Retinal disorders congenital','',NULL,'','','','',''),(10038861,'Retinal embolism and thrombosis','',NULL,'','','','',''),(10038883,'Retinal necrosis and vascular insufficiency','',NULL,'','','','',''),(10038890,'Retinal therapeutic procedures','',NULL,'','','','',''),(10038896,'Retinal structural change, deposit and degeneration','',NULL,'','','','',''),(10038909,'Retinal, choroid and vitreous infections and inflammations','',NULL,'','','','',''),(10038932,'Retinopathies NEC','',NULL,'','','','',''),(10038997,'Retroviral infections','',NULL,'','','','',''),(10039023,'Rhabdomyosarcomas','',NULL,'','','','',''),(10039075,'Rheumatoid arthritis and associated conditions','',NULL,'','','','',''),(10039078,'Rheumatoid arthropathies','',NULL,'','','','',''),(10039103,'Rhinosporidia infections','',NULL,'','','','',''),(10039105,'Rhinoviral infections','',NULL,'','','','',''),(10039134,'Rickettsial infectious disorders NEC','',NULL,'','','','',''),(10039164,'Right ventricular failures','',NULL,'','','','',''),(10039219,'Rosaceas','',NULL,'','','','',''),(10039231,'Rotaviral infections','',NULL,'','','','',''),(10039270,'Rubella viral infections','',NULL,'','','','',''),(10039289,'Rubeola viral infections','',NULL,'','','','',''),(10039396,'Salivary gland neoplasms malignant','',NULL,'','','','',''),(10039406,'Salivary gland disorders congenital','',NULL,'','','','',''),(10039407,'Salivary gland disorders NEC','',NULL,'','','','',''),(10039409,'Salivary gland enlargements','',NULL,'','','','',''),(10039415,'Salivary gland infections and inflammations','',NULL,'','','','',''),(10039419,'Salivary gland neoplasms unspecified malignancy','',NULL,'','','','',''),(10039420,'Salivary gland therapeutic procedures','',NULL,'','','','',''),(10039423,'Salivary gland stenosis and obstruction','',NULL,'','','','',''),(10039438,'Salmonella infections','',NULL,'','','','',''),(10039484,'Sarcocystis infections','',NULL,'','','','',''),(10039487,'Acute and chronic sarcoidosis','',NULL,'','','','',''),(10039498,'Bone sarcomas','',NULL,'','','','',''),(10039499,'Cartilage sarcomas','',NULL,'','','','',''),(10039513,'Scaly conditions','',NULL,'','','','',''),(10039620,'Schizoaffective and schizophreniform disorders','',NULL,'','','','',''),(10039631,'Schizophrenia NEC','',NULL,'','','','',''),(10039700,'Scleral infections, irritations and inflammations','',NULL,'','','','',''),(10039702,'Scleral structural change, deposit and degeneration','',NULL,'','','','',''),(10039711,'Scleroderma and associated disorders','',NULL,'','','','',''),(10039745,'Scrotal disorders NEC','',NULL,'','','','',''),(10039754,'Scrotal neoplasms','',NULL,'','','','',''),(10039782,'Sebaceous gland disorders','',NULL,'','','','',''),(10039912,'Seizures and seizure disorders NEC','',NULL,'','','','',''),(10040021,'Sensory abnormalities NEC','',NULL,'','','','',''),(10040054,'Sepsis, bacteraemia, viraemia and fungaemia NEC','',NULL,'','','','',''),(10040115,'Serratia infections','',NULL,'','','','',''),(10040453,'Sex chromosomal abnormalities','',NULL,'','','','',''),(10040464,'Sexual and gender identity disorders NEC','',NULL,'','','','',''),(10040466,'Sexual arousal disorders','',NULL,'','','','',''),(10040470,'Sexual desire disorders','',NULL,'','','','',''),(10040478,'Sexual dysfunction NEC','',NULL,'','','','',''),(10040489,'Sexuality issues','',NULL,'','','','',''),(10040550,'Shigella infections','',NULL,'','','','',''),(10040651,'Sickle cell trait and disorders','',NULL,'','','','',''),(10040674,'Reproductive tract signs and symptoms NEC','',NULL,'','','','',''),(10040675,'Breast disorders NEC','',NULL,'','','','',''),(10040743,'Paranasal sinus disorders (excl infections and neoplasms)','',NULL,'','','','',''),(10040759,'Site specific injuries NEC','',NULL,'','','','',''),(10040768,'Skeletal and cardiac muscle analyses','',NULL,'','','','',''),(10040769,'Skeletal cysts benign','',NULL,'','','','',''),(10040786,'Skin structures and soft tissue infections','',NULL,'','','','',''),(10040787,'Skin and subcutaneous arthropod and parasitic infestations','',NULL,'','','','',''),(10040788,'Skin and subcutaneous tissue bacterial infections','',NULL,'','','','',''),(10040791,'Skin and subcutaneous tissue fungal infections','',NULL,'','','','',''),(10040793,'Skin and subcutaneous tissue infections NEC','',NULL,'','','','',''),(10040794,'Skin and subcutaneous tissue therapeutic procedures NEC','',NULL,'','','','',''),(10040796,'Skin and subcutaneous tissue ulcerations','',NULL,'','','','',''),(10040797,'Skin and subcutaneous tissue viral infections','',NULL,'','','','',''),(10040834,'Skin and subcutaneous tissue disorders congenital NEC','',NULL,'','','','',''),(10040837,'Skin dystrophies','',NULL,'','','','',''),(10040854,'Skin grafts','',NULL,'','','','',''),(10040860,'Skin haemorrhages','',NULL,'','','','',''),(10040862,'Skin histopathology procedures','',NULL,'','','','',''),(10040866,'Skin hyperplasias and hypertrophies','',NULL,'','','','',''),(10040870,'Skin hypoplasias and atrophies','',NULL,'','','','',''),(10040871,'Skin implants','',NULL,'','','','',''),(10040877,'Skin injuries and mechanical dermatoses','',NULL,'','','','',''),(10040885,'Skin lesion excisions','',NULL,'','','','',''),(10040889,'Skin and subcutaneous malformations and anomalies NEC','',NULL,'','','','',''),(10040898,'Skin neoplasms benign','',NULL,'','','','',''),(10040901,'Skin neoplasms malignant and unspecified (excl melanoma)','',NULL,'','','','',''),(10040911,'Skin procedural complications','',NULL,'','','','',''),(10040912,'Skin radiotherapies','',NULL,'','','','',''),(10040948,'Skin vasculitides','',NULL,'','','','',''),(10040957,'Skull and brain therapeutic procedures','',NULL,'','','','',''),(10040958,'Skull and face fractures','',NULL,'','','','',''),(10040961,'Skull fractures, facial bone fractures and dislocations','',NULL,'','','','',''),(10040978,'Sleep apnoeas','',NULL,'','','','',''),(10040992,'Sleep disorders due to general medical condition','',NULL,'','','','',''),(10040993,'Sleep disorders NEC','',NULL,'','','','',''),(10040994,'Sleep disorders related to another mental condition','',NULL,'','','','',''),(10040996,'Sleep disturbances NEC','',NULL,'','','','',''),(10041004,'Sleep phase rhythm disturbances','',NULL,'','','','',''),(10041059,'Respiratory tract small cell carcinomas','',NULL,'','','','',''),(10041100,'Small intestinal neoplasms malignant','',NULL,'','','','',''),(10041130,'Small intestine therapeutic procedures','',NULL,'','','','',''),(10041273,'Sodium imbalance','',NULL,'','','','',''),(10041288,'Soft tissue disorders NEC','',NULL,'','','','',''),(10041293,'Soft tissue neoplasms malignant and unspecified NEC (excl sarcomas)','',NULL,'','','','',''),(10041295,'Soft tissue neoplasms benign NEC','',NULL,'','','','',''),(10041298,'Soft tissue sarcomas histology unspecified','',NULL,'','','','',''),(10041427,'Specific cognitive ability disturbances','',NULL,'','','','',''),(10041460,'Speech and language abnormalities','',NULL,'','','','',''),(10041461,'Speech and language usage disturbances','',NULL,'','','','',''),(10041462,'Speech articulation and rhythm disturbances','',NULL,'','','','',''),(10041544,'Spinal cord and nerve root disorders NEC','',NULL,'','','','',''),(10041545,'Spinal cord and nerve root disorders traumatic','',NULL,'','','','',''),(10041574,'Spinal fractures and dislocations','',NULL,'','','','',''),(10041590,'Spine and spinal cord therapeutic procedures','',NULL,'','','','',''),(10041625,'Spirillum infections','',NULL,'','','','',''),(10041635,'Spleen disorders','',NULL,'','','','',''),(10041650,'Splenic marginal zone lymphomas','',NULL,'','','','',''),(10041734,'Sporothrix infections','',NULL,'','','','',''),(10041743,'Spotted fever disorders','',NULL,'','','','',''),(10041925,'Staphylococcal infections','',NULL,'','','','',''),(10042007,'Stereotypies and automatisms','',NULL,'','','','',''),(10042129,'Stomatitis and ulceration','',NULL,'','','','',''),(10042180,'Streptococcal infections','',NULL,'','','','',''),(10042211,'Stress disorders','',NULL,'','','','',''),(10042256,'Structural and obstructive urethral disorders (excl congenital)','',NULL,'','','','',''),(10042257,'Structural and other bile duct disorders','',NULL,'','','','',''),(10042259,'Structural brain disorders NEC','',NULL,'','','','',''),(10042260,'Structural change, deposit and degeneration of eye NEC','',NULL,'','','','',''),(10042356,'Skin and subcutaneous conditions NEC','',NULL,'','','','',''),(10042454,'Sugar intolerance (excl glucose intolerance)','',NULL,'','','','',''),(10042459,'Suicidal and self-injurious behaviour','',NULL,'','','','',''),(10042543,'Superficial ocular injuries','',NULL,'','','','',''),(10042600,'Supraventricular arrhythmias','',NULL,'','','','',''),(10042988,'T-cell unclassifiable lymphomas','',NULL,'','','','',''),(10043131,'Taste disorders','',NULL,'','','','',''),(10043190,'Telangiectasia and related conditions','',NULL,'','','','',''),(10043234,'Tendon disorders','',NULL,'','','','',''),(10043243,'Tendon therapeutic procedures','',NULL,'','','','',''),(10043296,'Testicular and epididymal disorders NEC','',NULL,'','','','',''),(10043297,'Testicular and scrotal therapeutic procedures','',NULL,'','','','',''),(10043322,'Testicular neoplasms malignant','',NULL,'','','','',''),(10043389,'Thalassaemic disorders','',NULL,'','','','',''),(10043409,'Therapeutic and nontherapeutic responses','',NULL,'','','','',''),(10043410,'Therapeutic bladder catheterisation','',NULL,'','','','',''),(10043411,'Therapeutic drug monitoring analyses','',NULL,'','','','',''),(10043418,'Thermal burns','',NULL,'','','','',''),(10043434,'Thinking disturbances','',NULL,'','','','',''),(10043467,'Thoracic cage fractures and dislocations','',NULL,'','','','',''),(10043475,'Thoracic musculoskeletal disorders','',NULL,'','','','',''),(10043555,'Thrombocytopenias','',NULL,'','','','',''),(10043677,'Thymus disorders','',NULL,'','','','',''),(10043692,'Thyroid analyses','',NULL,'','','','',''),(10043711,'Thyroid disorders congenital','',NULL,'','','','',''),(10043712,'Thyroid disorders NEC','',NULL,'','','','',''),(10043740,'Thyroid hyperfunction disorders','',NULL,'','','','',''),(10043741,'Thyroid hypofunction disorders','',NULL,'','','','',''),(10043747,'Thyroid neoplasms','',NULL,'','','','',''),(10043748,'Thyroid neoplasms benign','',NULL,'','','','',''),(10043749,'Thyroid neoplasms malignant','',NULL,'','','','',''),(10043755,'Thyroid therapeutic procedures','',NULL,'','','','',''),(10043760,'Thyroid radiotherapies','',NULL,'','','','',''),(10043779,'Acute and chronic thyroiditis','',NULL,'','','','',''),(10043835,'Tic disorders','',NULL,'','','','',''),(10043870,'Tinea infections','',NULL,'','','','',''),(10043891,'Tissue enzyme analyses NEC','',NULL,'','','','',''),(10043905,'Tobacco use','',NULL,'','','','',''),(10043953,'Tongue disorders congenital','',NULL,'','','','',''),(10043954,'Tongue disorders','',NULL,'','','','',''),(10043968,'Tongue therapeutic procedures','',NULL,'','','','',''),(10043985,'Tongue signs and symptoms','',NULL,'','','','',''),(10044005,'Tonsillar therapeutic procedures','',NULL,'','','','',''),(10044036,'Dental disorders congenital','',NULL,'','','','',''),(10044037,'Dental disorders NEC','',NULL,'','','','',''),(10044048,'Tooth missing','',NULL,'','','','',''),(10044049,'Dental pain and sensation disorders','',NULL,'','','','',''),(10044050,'Dental pulp disorders','',NULL,'','','','',''),(10044084,'Total fluid volume decreased','',NULL,'','','','',''),(10044085,'Total fluid volume increased','',NULL,'','','','',''),(10044261,'Toxicology laboratory analyses','',NULL,'','','','',''),(10044279,'Trace metal disorders NEC','',NULL,'','','','',''),(10044288,'Tracheal disorders (excl infections and neoplasms)','',NULL,'','','','',''),(10044297,'Tracheal therapeutic procedures','',NULL,'','','','',''),(10044376,'Transient cerebrovascular events','',NULL,'','','','',''),(10044518,'Traumatic central nervous system haemorrhages','',NULL,'','','','',''),(10044556,'Fracture treatments (excl skull and spine)','',NULL,'','','','',''),(10044560,'Trematode infections','',NULL,'','','','',''),(10044566,'Tremor (excl congenital)','',NULL,'','','','',''),(10044583,'Bartonella infections','',NULL,'','','','',''),(10044587,'Treponema infections','',NULL,'','','','',''),(10044618,'Trichomonas infections','',NULL,'','','','',''),(10044637,'Tricuspid valvular disorders','',NULL,'','','','',''),(10044645,'Trigeminal disorders','',NULL,'','','','',''),(10044657,'Triglyceride analyses','',NULL,'','','','',''),(10044694,'Trophic disorders','',NULL,'','','','',''),(10044708,'Trypanosomal infections','',NULL,'','','','',''),(10044756,'Tuberculous infections','',NULL,'','','','',''),(10045172,'Tumour vaccine therapies','',NULL,'','','','',''),(10045276,'Typhus infections','',NULL,'','','','',''),(10045448,'Umbilical cord complications','',NULL,'','','','',''),(10045459,'Umbilical hernias','',NULL,'','','','',''),(10045573,'Upper respiratory tract infections NEC','',NULL,'','','','',''),(10046275,'Upper gastrointestinal neoplasms benign','',NULL,'','','','',''),(10046303,'Congenital upper respiratory tract disorders','',NULL,'','','','',''),(10046309,'Upper respiratory tract infections','',NULL,'','','','',''),(10046311,'Upper respiratory tract neoplasms','',NULL,'','','','',''),(10046313,'Upper respiratory tract signs and symptoms','',NULL,'','','','',''),(10046367,'Ureaplasma infections','',NULL,'','','','',''),(10046401,'Ureteric disorders congenital','',NULL,'','','','',''),(10046402,'Ureteric disorders NEC','',NULL,'','','','',''),(10046407,'Ureteric therapeutic procedures','',NULL,'','','','',''),(10046448,'Urethral disorders NEC','',NULL,'','','','',''),(10046453,'Urethral infections and inflammations','',NULL,'','','','',''),(10046458,'Urethral neoplasms','',NULL,'','','','',''),(10046460,'Urethral therapeutic procedures','',NULL,'','','','',''),(10046512,'Urinalysis NEC','',NULL,'','','','',''),(10046569,'Urinary tract histopathology procedures','',NULL,'','','','',''),(10046570,'Urinary tract imaging procedures','',NULL,'','','','',''),(10046577,'Urinary tract infections','',NULL,'','','','',''),(10046579,'Urinary tract lithiasis (excl renal)','',NULL,'','','','',''),(10046584,'Urinary tract neoplasms benign','',NULL,'','','','',''),(10046585,'Urinary tract neoplasms malignant NEC','',NULL,'','','','',''),(10046586,'Urinary tract neoplasms unspecified malignancy NEC','',NULL,'','','','',''),(10046588,'Urinary tract procedural complications','',NULL,'','','','',''),(10046591,'Urinary tract signs and symptoms NEC','',NULL,'','','','',''),(10046736,'Urticarias','',NULL,'','','','',''),(10046805,'Uterine neoplasms','',NULL,'','','','',''),(10046806,'Uterine neoplasms benign','',NULL,'','','','',''),(10046807,'Uterine neoplasms malignant NEC','',NULL,'','','','',''),(10046808,'Uterine therapeutic procedures','',NULL,'','','','',''),(10046817,'Uterine radiotherapies','',NULL,'','','','',''),(10046896,'Vaginal neoplasms malignant','',NULL,'','','','',''),(10046934,'Vaginal neoplasms benign','',NULL,'','','','',''),(10046936,'Vaginal therapeutic procedures','',NULL,'','','','',''),(10046967,'Vagus nerve disorders','',NULL,'','','','',''),(10046971,'Cardiac valve disorders NEC','',NULL,'','','','',''),(10047044,'Vascular and lymphatic histopathology procedures','',NULL,'','','','',''),(10047047,'Vascular anomalies congenital NEC','',NULL,'','','','',''),(10047053,'Skin vascular conditions NEC','',NULL,'','','','',''),(10047067,'Non-site specific vascular disorders NEC','',NULL,'','','','',''),(10047078,'Vascular imaging procedures NEC','',NULL,'','','','',''),(10047091,'Vascular malformations and acquired anomalies','',NULL,'','','','',''),(10047094,'Vascular therapeutic procedures NEC','',NULL,'','','','',''),(10047096,'Vascular pulmonary disorders NEC','',NULL,'','','','',''),(10047110,'Vascular tests NEC (incl blood pressure)','',NULL,'','','','',''),(10047112,'Vasculitides','',NULL,'','','','',''),(10047113,'Vasculitides NEC','',NULL,'','','','',''),(10047144,'Skin vasomotor conditions','',NULL,'','','','',''),(10047197,'Vena caval embolism and thrombosis','',NULL,'','','','',''),(10047221,'Venous and vena caval injuries','',NULL,'','','','',''),(10047224,'Venous disorders congenital','',NULL,'','','','',''),(10047231,'Venous therapeutic procedures','',NULL,'','','','',''),(10047283,'Ventricular arrhythmias and cardiac arrest','',NULL,'','','','',''),(10047400,'Vibrio infections','',NULL,'','','','',''),(10047402,'Crime victims','',NULL,'','','','',''),(10047408,'VIIIth cranial nerve disorders','',NULL,'','','','',''),(10047464,'Viral infections congenital','',NULL,'','','','',''),(10047465,'Viral infections NEC','',NULL,'','','','',''),(10047468,'Viral lower respiratory tract infections','',NULL,'','','','',''),(10047483,'Viral upper respiratory tract infections','',NULL,'','','','',''),(10047490,'Virus identification and serology','',NULL,'','','','',''),(10047538,'Visual colour distortions','',NULL,'','','','',''),(10047541,'Visual disorders NEC','',NULL,'','','','',''),(10047559,'Visual field disorders','',NULL,'','','','',''),(10047573,'Visual pathway disorders','',NULL,'','','','',''),(10047598,'Vitamin analyses','',NULL,'','','','',''),(10047627,'Vitamin deficiencies NEC','',NULL,'','','','',''),(10047750,'Vulval neoplasms malignant','',NULL,'','','','',''),(10047762,'Vulval neoplasms benign','',NULL,'','','','',''),(10047785,'Vulvovaginal cysts and neoplasms','',NULL,'','','','',''),(10047790,'Vulvovaginal disorders NEC','',NULL,'','','','',''),(10047792,'Vulvovaginal signs and symptoms','',NULL,'','','','',''),(10047802,'Waldenstrom\'s macroglobulinaemias','',NULL,'','','','',''),(10047834,'Water and electrolyte analyses NEC','',NULL,'','','','',''),(10047842,'Water soluble vitamin deficiencies','',NULL,'','','','',''),(10047936,'White blood cell abnormal findings NEC','',NULL,'','','','',''),(10047938,'White blood cell analyses','',NULL,'','','','',''),(10048249,'Yersinia infections','',NULL,'','','','',''),(10048260,'Zinc disorders','',NULL,'','','','',''),(10049179,'Urinary tract function analyses NEC','',NULL,'','','','',''),(10049180,'Alcohol product use','',NULL,'','','','',''),(10049293,'Pruritus NEC','',NULL,'','','','',''),(10052445,'Streptobacillus infections','',NULL,'','','','',''),(10052526,'Hyperacusia','',NULL,'','','','',''),(10052527,'Hearing disorders NEC','',NULL,'','','','',''),(10052528,'Inner ear infections and inflammations','',NULL,'','','','',''),(10052548,'Diabetic complications gastrointestinal','',NULL,'','','','',''),(10052549,'Respiratory failures (excl neonatal)','',NULL,'','','','',''),(10052559,'Fluid intake decreased','',NULL,'','','','',''),(10052560,'Pyrimidine metabolism disorders congenital','',NULL,'','','','',''),(10052566,'Rashes, eruptions and exanthems NEC','',NULL,'','','','',''),(10052567,'Skin preneoplastic conditions NEC','',NULL,'','','','',''),(10052632,'Peripheral nervous system disorders congenital NEC','',NULL,'','','','',''),(10052633,'Cerebellar disorders congenital','',NULL,'','','','',''),(10052634,'Cerebral disorders congenital','',NULL,'','','','',''),(10052636,'Abnormal gene carriers','',NULL,'','','','',''),(10052637,'Genetic mitochondrial abnormalities NEC','',NULL,'','','','',''),(10052638,'Cerebral injuries NEC','',NULL,'','','','',''),(10052639,'Nerve injuries NEC','',NULL,'','','','',''),(10052722,'Endocrine gland therapeutic procedures NEC','',NULL,'','','','',''),(10052723,'Head, neck and oral cavity therapeutic procedures NEC','',NULL,'','','','',''),(10052724,'Haematological therapeutic procedures NEC','',NULL,'','','','',''),(10052725,'Gynaecological therapeutic procedures NEC','',NULL,'','','','',''),(10052726,'Urinary tract therapeutic procedures NEC','',NULL,'','','','',''),(10052727,'Respiratory tract therapeutic procedures NEC','',NULL,'','','','',''),(10052728,'Hepatobiliary radiotherapies','',NULL,'','','','',''),(10052729,'Haematological radiotherapies','',NULL,'','','','',''),(10052730,'Drug withdrawal therapies','',NULL,'','','','',''),(10052731,'Nervous system therapeutic procedures NEC','',NULL,'','','','',''),(10052732,'Cartilage therapeutic procedures','',NULL,'','','','',''),(10052733,'Soft tissue radiotherapies','',NULL,'','','','',''),(10052734,'Psychiatric therapies','',NULL,'','','','',''),(10052736,'Non-mechanical ileus','',NULL,'','','','',''),(10052737,'Atopic disorders','',NULL,'','','','',''),(10052738,'Skin autoimmune disorders NEC','',NULL,'','','','',''),(10052739,'Immunodeficiency disorders NEC','',NULL,'','','','',''),(10052740,'Acquired immunodeficiency syndromes','',NULL,'','','','',''),(10052741,'Endocrine and metabolic secondary hypertension','',NULL,'','','','',''),(10052742,'Gastrointestinal haemorrhages','',NULL,'','','','',''),(10052743,'Reproductive system haemorrhages','',NULL,'','','','',''),(10052745,'Pregnancy complicated by maternal disorders','',NULL,'','','','',''),(10052767,'Breast signs and symptoms','',NULL,'','','','',''),(10052768,'Infectious myocarditis','',NULL,'','','','',''),(10052769,'Vertigos NEC','',NULL,'','','','',''),(10052770,'Coma states','',NULL,'','','','',''),(10052771,'Cervical spinal cord and nerve root disorders','',NULL,'','','','',''),(10052772,'Lumbar spinal cord and nerve root disorders','',NULL,'','','','',''),(10052774,'Ligament disorders','',NULL,'','','','',''),(10052775,'Spondyloarthropathies','',NULL,'','','','',''),(10052776,'Musculoskeletal and connective tissue infections and inflammations NEC','',NULL,'','','','',''),(10052777,'Abdominal wall conditions NEC','',NULL,'','','','',''),(10052778,'Gastrointestinal mucosal dystrophies and secretion disorders','',NULL,'','','','',''),(10052779,'Transplant rejections','',NULL,'','','','',''),(10052780,'Phlebitis NEC','',NULL,'','','','',''),(10052781,'Site specific necrosis and vascular insufficiency NEC','',NULL,'','','','',''),(10052782,'Site specific embolism and thrombosis NEC','',NULL,'','','','',''),(10052783,'Puerperal infections','',NULL,'','','','',''),(10052785,'Multiple sclerosis acute and progressive','',NULL,'','','','',''),(10052790,'Lymphoedemas','',NULL,'','','','',''),(10052823,'Respiratory tract and thoracic cavity procedural complications','',NULL,'','','','',''),(10052827,'Anaemias due to chronic disorders','',NULL,'','','','',''),(10052828,'Eosinophilic disorders','',NULL,'','','','',''),(10052843,'Induced abortion complications','',NULL,'','','','',''),(10052876,'Soft tissue therapeutic procedures NEC','',NULL,'','','','',''),(10053099,'Gastrointestinal function diagnostic procedures','',NULL,'','','','',''),(10053100,'Foetal and neonatal diagnostic procedures','',NULL,'','','','',''),(10053101,'Foetal and neonatal imaging procedures','',NULL,'','','','',''),(10053102,'Foetal and neonatal histopathology procedures','',NULL,'','','','',''),(10053103,'Heart rate and pulse investigations','',NULL,'','','','',''),(10053104,'ECG investigations','',NULL,'','','','',''),(10053105,'Vascular auscultatory investigations','',NULL,'','','','',''),(10053136,'Campylobacter infections','',NULL,'','','','',''),(10053171,'Oesophagitis (excl infective)','',NULL,'','','','',''),(10053173,'Stillbirth and foetal death','',NULL,'','','','',''),(10053567,'Coagulopathies','',NULL,'','','','',''),(10055797,'Gingival haemorrhages','',NULL,'','','','',''),(10057168,'Leishmania infections','',NULL,'','','','',''),(10057169,'Bereavement issues','',NULL,'','','','',''),(10057170,'Hodgkin\'s disease mixed cellularity type','',NULL,'','','','',''),(10057171,'Disability issues','',NULL,'','','','',''),(10057172,'Hodgkin\'s disease nodular sclerosis type','',NULL,'','','','',''),(10057173,'Neonatal respiratory distress related conditions','',NULL,'','','','',''),(10057174,'Encephalitis of viral origin','',NULL,'','','','',''),(10057175,'Mass conditions NEC','',NULL,'','','','',''),(10057176,'Normal newborn status','',NULL,'','','','',''),(10057177,'Aortic inflammatory disorders','',NULL,'','','','',''),(10057178,'Osteoarthropathies','',NULL,'','','','',''),(10057179,'Toxoplasma infections','',NULL,'','','','',''),(10057180,'Liver and spleen enlargement','',NULL,'','','','',''),(10057181,'Vascular hypotensive disorders','',NULL,'','','','',''),(10057184,'Respiratory tract disorders NEC','',NULL,'','','','',''),(10057185,'Nervous system disorders NEC','',NULL,'','','','',''),(10057186,'Foetal therapeutic procedures','',NULL,'','','','',''),(10057187,'Cell metabolism disorders NEC','',NULL,'','','','',''),(10057188,'Site specific vascular disorders NEC','',NULL,'','','','',''),(10057189,'Vascular neoplasms','',NULL,'','','','',''),(10057190,'Respiratory tract infections NEC','',NULL,'','','','',''),(10057191,'Transfusion related complications','',NULL,'','','','',''),(10057192,'Muscle and soft tissue infections','',NULL,'','','','',''),(10057193,'Reproductive system and breast injuries','',NULL,'','','','',''),(10057196,'Administration site reactions NEC','',NULL,'','','','',''),(10057197,'Filovirus viral infections','',NULL,'','','','',''),(10057198,'Arboviral infections NEC','',NULL,'','','','',''),(10057199,'Flaviviral infections','',NULL,'','','','',''),(10057200,'Polyomavirus infections','',NULL,'','','','',''),(10057212,'Hepatitis viral infections','',NULL,'','','','',''),(10057253,'Site specific procedural complications NEC','',NULL,'','','','',''),(10059673,'High risk pregnancies','',NULL,'','','','',''),(10059674,'Inborn errors of lipid metabolism','',NULL,'','','','',''),(10059675,'Respiratory tract neoplasms NEC','',NULL,'','','','',''),(10062910,'Vascular infections','',NULL,'','','','',''),(10062911,'Diabetic complications dermal','',NULL,'','','','',''),(10062912,'Increased intracranial pressure disorders','',NULL,'','','','',''),(10062913,'Muscle weakness conditions','',NULL,'','','','',''),(10062914,'Vascular dementia disorders','',NULL,'','','','',''),(10062916,'Pelvic prolapse conditions','',NULL,'','','','',''),(10064291,'Maladministrations','',NULL,'','','','',''),(10064293,'Medication monitoring errors','',NULL,'','','','',''),(10064380,'Medication errors NEC','',NULL,'','','','',''),(10064462,'Hepatobiliary and spleen infections','',NULL,'','','','',''),(10064463,'Special sense investigations NEC','',NULL,'','','','',''),(10064464,'Ocular haemorrhagic disorders','',NULL,'','','','',''),(10064465,'Substance-related disorders','',NULL,'','','','',''),(10064466,'Trunk deformities','',NULL,'','','','',''),(10065874,'Psoriatic conditions','',NULL,'','','','',''),(10065875,'Coronary necrosis and vascular insufficiency','',NULL,'','','','',''),(10065876,'Musculoskeletal necrosis and vascular insufficiency','',NULL,'','','','',''),(10065877,'Dietary and nutritional therapies','',NULL,'','','','',''),(10065878,'Faecal analyses NEC','',NULL,'','','','',''),(10067225,'Biochemical markers of bone metabolism','',NULL,'','','','',''),(10067226,'Psychiatric investigations','',NULL,'','','','',''),(10067227,'Contraceptive methods male','',NULL,'','','','',''),(10067228,'Orthopox viral infections','',NULL,'','','','',''),(10067229,'Paraneoplastic syndromes NEC','',NULL,'','','','',''),(10068202,'Leukodystrophies','',NULL,'','','','',''),(10068203,'Haematological cysts and polyps','',NULL,'','','','',''),(10068204,'Hepatobiliary cysts and polyps','',NULL,'','','','',''),(10068205,'Nervous system cysts and polyps','',NULL,'','','','',''),(10068206,'Ocular cysts and polyps','',NULL,'','','','',''),(10068207,'Skin cysts and polyps','',NULL,'','','','',''),(10068208,'Renal neoplasms malignant','',NULL,'','','','',''),(10068274,'Thyroid histopathology procedures','',NULL,'','','','',''),(10068275,'Parathyroid histopathology procedures','',NULL,'','','','',''),(10068276,'Bone marrow and immune tissue histopathology procedures','',NULL,'','','','',''),(10068277,'Bone marrow and immune tissue imaging procedures','',NULL,'','','','',''),(10068299,'Fear symptoms and phobic disorders (incl social phobia)','',NULL,'','','','',''),(10068300,'Panic attacks and disorders','',NULL,'','','','',''),(10068753,'Infusion site reactions','',NULL,'','','','',''),(10068754,'Vaccination site reactions','',NULL,'','','','',''),(10068755,'Vaccination related complications','',NULL,'','','','',''),(10068756,'Withdrawal and rebound effects','',NULL,'','','','',''),(10068757,'Musculoskeletal and connective tissue pain and discomfort','',NULL,'','','','',''),(10068758,'Obsessive-compulsive disorders and symptoms','',NULL,'','','','',''),(10068759,'Feelings and sensations NEC','',NULL,'','','','',''),(10068760,'Ulcers NEC','',NULL,'','','','',''),(10068761,'Anxiety disorders NEC','',NULL,'','','','',''),(10069172,'Product contamination and sterility issues','',NULL,'','','','',''),(10069219,'Product physical issues','',NULL,'','','','',''),(10069265,'Product label issues','',NULL,'','','','',''),(10069291,'Product packaging issues','',NULL,'','','','',''),(10069324,'Product quality issues NEC','',NULL,'','','','',''),(10069775,'Cerebrospinal fluid therapeutic procedures','',NULL,'','','','',''),(10069776,'Thrombocytoses','',NULL,'','','','',''),(10069783,'Breast complications associated with device','',NULL,'','','','',''),(10069784,'Cardiac complications associated with device','',NULL,'','','','',''),(10069785,'Complications associated with device NEC','',NULL,'','','','',''),(10069786,'Eye complications associated with device','',NULL,'','','','',''),(10069787,'Reproductive complications associated with device','',NULL,'','','','',''),(10069788,'Respiratory complications associated with device','',NULL,'','','','',''),(10069789,'Vascular complications associated with device','',NULL,'','','','',''),(10069790,'Device computer issues','',NULL,'','','','',''),(10069791,'Device electrical issues','',NULL,'','','','',''),(10069792,'Device incompatibility issues','',NULL,'','','','',''),(10069793,'Device information output issues','',NULL,'','','','',''),(10069794,'Device issues NEC','',NULL,'','','','',''),(10069795,'Device malfunction events NEC','',NULL,'','','','',''),(10069796,'Device operational issues NEC','',NULL,'','','','',''),(10069797,'Device physical property and chemical issues','',NULL,'','','','',''),(10070967,'Social issues NEC','',NULL,'','','','',''),(10070968,'Disorders of purine metabolism','',NULL,'','','','',''),(10070969,'Disorders of pyrimidine metabolism','',NULL,'','','','',''),(10070970,'Peritoneal fluid and membrane function analyses','',NULL,'','','','',''),(10070971,'Enteroviral infections NEC','',NULL,'','','','',''),(10071941,'Physical examination procedures and organ system status','',NULL,'','','','',''),(10071942,'Myasthenia gravis and related conditions','',NULL,'','','','',''),(10071945,'Dialysis related complications','',NULL,'','','','',''),(10071949,'Exposures associated with pregnancy, delivery and lactation','',NULL,'','','','',''),(10071950,'Gene analyses','',NULL,'','','','',''),(10071951,'Acquired gene mutations and other alterations','',NULL,'','','','',''),(10072981,'Cell marker analyses','',NULL,'','','','',''),(10072982,'Photosensitivity and photodermatosis conditions','',NULL,'','','','',''),(10072983,'Hair and nail disorders congenital','',NULL,'','','','',''),(10072984,'Coordination and balance disturbances','',NULL,'','','','',''),(10072985,'Spinal column fractures','',NULL,'','','','',''),(10072986,'Fractures NEC','',NULL,'','','','',''),(10072987,'Thoracic cage fractures non-spinal','',NULL,'','','','',''),(10072988,'Fracture complications','',NULL,'','','','',''),(10072989,'Lacrimation disorders','',NULL,'','','','',''),(10073080,'Autoinflammatory diseases','',NULL,'','','','',''),(10073299,'Pathways and sources of exposure','',NULL,'','','','',''),(10073304,'Exposures to agents or circumstances NEC','',NULL,'','','','',''),(10073308,'Non-occupational environmental exposures','',NULL,'','','','',''),(10073310,'Occupational exposures','',NULL,'','','','',''),(10073316,'Accidental exposures to product','',NULL,'','','','',''),(10073321,'Foetal and neonatal conditions associated with product exposure','',NULL,'','','','',''),(10074468,'Exserohilum infections','',NULL,'','','','',''),(10074470,'Plasma cell myelomas','',NULL,'','','','',''),(10074471,'Central nervous system aneurysms and dissections','',NULL,'','','','',''),(10074472,'Connective tissue disorders NEC','',NULL,'','','','',''),(10074473,'Burkholderia infections','',NULL,'','','','',''),(10074474,'Transplantation complications','',NULL,'','','','',''),(10074475,'Stoma complications','',NULL,'','','','',''),(10074484,'Nervous system autoimmune disorders','',NULL,'','','','',''),(10074485,'Bone and joint injuries NEC','',NULL,'','','','',''),(10075883,'Patient positioning','',NULL,'','','','',''),(10075884,'Abdominal hernias NEC','',NULL,'','','','',''),(10075885,'Limb fractures','',NULL,'','','','',''),(10075886,'Limb fractures and dislocations','',NULL,'','','','',''),(10076291,'Off label uses','',NULL,'','','','',''),(10076292,'Overdoses NEC','',NULL,'','','','',''),(10076293,'Underdoses NEC','',NULL,'','','','',''),(10076307,'Product use issues NEC','',NULL,'','','','',''),(10077527,'Device site reactions','',NULL,'','','','',''),(10077528,'Marginal zone lymphomas NEC','',NULL,'','','','',''),(10077535,'Anaphylactic and anaphylactoid responses','',NULL,'','','','',''),(10077538,'Counterfeit, falsified and substandard products','',NULL,'','','','',''),(10077539,'Manufacturing facilities and equipment issues','',NULL,'','','','',''),(10077540,'Manufacturing issues NEC','',NULL,'','','','',''),(10077541,'Manufacturing laboratory controls issues','',NULL,'','','','',''),(10077542,'Manufacturing materials issues','',NULL,'','','','',''),(10077543,'Manufacturing production issues','',NULL,'','','','',''),(10077544,'Product distribution and storage issues','',NULL,'','','','',''),(10077545,'Product supply and availability issues','',NULL,'','','','',''),(10077547,'Somatic symptom disorders','',NULL,'','','','',''),(10077548,'Intellectual disabilities','',NULL,'','','','',''),(10077549,'Paraphilias and paraphilic disorders','',NULL,'','','','',''),(10077550,'Varicose veins NEC','',NULL,'','','','',''),(10077699,'Intercepted medication errors','',NULL,'','','','','');
/*!40000 ALTER TABLE `meddra_hlt` ENABLE KEYS */;
UNLOCK TABLES;

--
-- Table structure for table `meddra_hlt_pt`
--

DROP TABLE IF EXISTS `meddra_hlt_pt`;
/*!40101 SET @saved_cs_client     = @@character_set_client */;
/*!40101 SET character_set_client = utf8 */;
CREATE TABLE `meddra_hlt_pt` (
  `hlt_id` bigint(20) unsigned NOT NULL,
  `pt_id` bigint(20) unsigned NOT NULL,
  KEY `ix1_hlt_pt01` (`hlt_id`),
  KEY `ix1_hlt_pt02` (`pt_id`)
) ENGINE=InnoDB DEFAULT CHARSET=latin1;
/*!40101 SET character_set_client = @saved_cs_client */;

--
-- Dumping data for table `meddra_hlt_pt`
--

LOCK TABLES `meddra_hlt_pt` WRITE;
/*!40000 ALTER TABLE `meddra_hlt_pt` DISABLE KEYS */;
/*!40000 ALTER TABLE `meddra_hlt_pt` ENABLE KEYS */;
UNLOCK TABLES;

--
-- Table structure for table `meddra_intl_ord`
--

DROP TABLE IF EXISTS `meddra_intl_ord`;
/*!40101 SET @saved_cs_client     = @@character_set_client */;
/*!40101 SET character_set_client = utf8 */;
CREATE TABLE `meddra_intl_ord` (
  `intl_ord_id` bigint(20) unsigned NOT NULL,
  `soc_id` bigint(20) unsigned NOT NULL
) ENGINE=InnoDB DEFAULT CHARSET=latin1;
/*!40101 SET character_set_client = @saved_cs_client */;

--
-- Dumping data for table `meddra_intl_ord`
--

LOCK TABLES `meddra_intl_ord` WRITE;
/*!40000 ALTER TABLE `meddra_intl_ord` DISABLE KEYS */;
/*!40000 ALTER TABLE `meddra_intl_ord` ENABLE KEYS */;
UNLOCK TABLES;

--
-- Table structure for table `meddra_llt`
--

DROP TABLE IF EXISTS `meddra_llt`;
/*!40101 SET @saved_cs_client     = @@character_set_client */;
/*!40101 SET character_set_client = utf8 */;
CREATE TABLE `meddra_llt` (
  `id` bigint(20) unsigned DEFAULT NULL,
  `term` varchar(100) NOT NULL,
  `pt_id` bigint(20) unsigned DEFAULT NULL,
  `who_art_code` varchar(7) DEFAULT NULL,
  `harts_code` bigint(20) unsigned DEFAULT NULL,
  `costart_sym` varchar(21) DEFAULT NULL,
  `icd9` varchar(8) DEFAULT NULL,
  `icd9_cm` varchar(8) DEFAULT NULL,
  `icd10` varchar(8) DEFAULT NULL,
  `currenct` varchar(1) DEFAULT NULL,
  `jart_code` varchar(6) DEFAULT NULL,
  KEY `ix1_pt_llt01` (`id`),
  KEY `ix1_pt_llt02` (`term`),
  KEY `ix1_pt_llt03` (`pt_id`),
  FULLTEXT KEY `term` (`term`)
) ENGINE=InnoDB DEFAULT CHARSET=latin1;
/*!40101 SET character_set_client = @saved_cs_client */;

--
-- Dumping data for table `meddra_llt`
--

LOCK TABLES `meddra_llt` WRITE;
/*!40000 ALTER TABLE `meddra_llt` DISABLE KEYS */;
/*!40000 ALTER TABLE `meddra_llt` ENABLE KEYS */;
UNLOCK TABLES;

--
-- Table structure for table `meddra_mdhier`
--

DROP TABLE IF EXISTS `meddra_mdhier`;
/*!40101 SET @saved_cs_client     = @@character_set_client */;
/*!40101 SET character_set_client = utf8 */;
CREATE TABLE `meddra_mdhier` (
  `pt_id` bigint(20) unsigned NOT NULL,
  `hlt_id` bigint(20) unsigned NOT NULL,
  `hlgt_id` bigint(20) unsigned NOT NULL,
  `soc_id` bigint(20) unsigned NOT NULL,
  `pt_term` varchar(100) NOT NULL,
  `hlt_term` varchar(100) NOT NULL,
  `hlgt_term` varchar(100) NOT NULL,
  `soc_term` varchar(100) NOT NULL,
  `soc_abbrev` varchar(5) NOT NULL,
  `null_field` varchar(1) DEFAULT NULL,
  `pt_soc_id` bigint(20) unsigned DEFAULT NULL,
  `primary_soc_fg` varchar(1) DEFAULT NULL,
  KEY `ix1_md_hier01` (`pt_id`),
  KEY `ix1_md_hier02` (`hlt_id`),
  KEY `ix1_md_hier03` (`hlgt_id`),
  KEY `ix1_md_hier04` (`soc_id`),
  KEY `ix1_md_hier05` (`pt_soc_id`)
) ENGINE=InnoDB DEFAULT CHARSET=latin1;
/*!40101 SET character_set_client = @saved_cs_client */;

--
-- Dumping data for table `meddra_mdhier`
--

LOCK TABLES `meddra_mdhier` WRITE;
/*!40000 ALTER TABLE `meddra_mdhier` DISABLE KEYS */;
/*!40000 ALTER TABLE `meddra_mdhier` ENABLE KEYS */;
UNLOCK TABLES;

--
-- Table structure for table `meddra_pt`
--

DROP TABLE IF EXISTS `meddra_pt`;
/*!40101 SET @saved_cs_client     = @@character_set_client */;
/*!40101 SET character_set_client = utf8 */;
CREATE TABLE `meddra_pt` (
  `id` bigint(20) unsigned DEFAULT NULL,
  `term` varchar(100) NOT NULL,
  `null_field` varchar(1) DEFAULT NULL,
  `soc_id` bigint(20) unsigned DEFAULT NULL,
  `who_art_code` varchar(7) DEFAULT NULL,
  `harts_code` bigint(20) DEFAULT NULL,
  `costart_sym` varchar(21) DEFAULT NULL,
  `icd9` varchar(8) DEFAULT NULL,
  `icd9_cm` varchar(8) DEFAULT NULL,
  `icd10` varchar(8) DEFAULT NULL,
  `jart_code` varchar(6) DEFAULT NULL,
  KEY `ix1_pt_llt01` (`id`),
  KEY `ix1_pt_llt02` (`term`),
  KEY `ix1_pt_llt03` (`soc_id`),
  FULLTEXT KEY `term` (`term`)
) ENGINE=InnoDB DEFAULT CHARSET=latin1;
/*!40101 SET character_set_client = @saved_cs_client */;

--
-- Dumping data for table `meddra_pt`
--

LOCK TABLES `meddra_pt` WRITE;
/*!40000 ALTER TABLE `meddra_pt` DISABLE KEYS */;
/*!40000 ALTER TABLE `meddra_pt` ENABLE KEYS */;
UNLOCK TABLES;

--
-- Table structure for table `meddra_smq_content`
--

DROP TABLE IF EXISTS `meddra_smq_content`;
/*!40101 SET @saved_cs_client     = @@character_set_client */;
/*!40101 SET character_set_client = utf8 */;
CREATE TABLE `meddra_smq_content` (
  `smq_id` bigint(20) NOT NULL,
  `code` bigint(20) NOT NULL,
  `level` bigint(20) NOT NULL,
  `scope` bigint(20) NOT NULL,
  `category` varchar(1) NOT NULL,
  `weight` bigint(20) NOT NULL,
  `status` varchar(1) NOT NULL,
  `addition_ver` varchar(5) NOT NULL,
  `last_modified_ver` varchar(5) NOT NULL,
  KEY `ix1_smq_content01` (`smq_id`),
  KEY `ix1_smq_content02` (`code`)
) ENGINE=InnoDB DEFAULT CHARSET=latin1;
/*!40101 SET character_set_client = @saved_cs_client */;

--
-- Dumping data for table `meddra_smq_content`
--

LOCK TABLES `meddra_smq_content` WRITE;
/*!40000 ALTER TABLE `meddra_smq_content` DISABLE KEYS */;
/*!40000 ALTER TABLE `meddra_smq_content` ENABLE KEYS */;
UNLOCK TABLES;

--
-- Table structure for table `meddra_smq_list`
--

DROP TABLE IF EXISTS `meddra_smq_list`;
/*!40101 SET @saved_cs_client     = @@character_set_client */;
/*!40101 SET character_set_client = utf8 */;
CREATE TABLE `meddra_smq_list` (
  `id` bigint(20) unsigned NOT NULL,
  `name` varchar(100) NOT NULL,
  `level` bigint(20) NOT NULL,
  `description` varchar(2000) NOT NULL,
  `source` varchar(2000) DEFAULT NULL,
  `note` varchar(2000) DEFAULT NULL,
  `meddra_version` varchar(5) NOT NULL,
  `status` varchar(1) NOT NULL,
  `algorithm` varchar(1000) NOT NULL,
  KEY `ix1_smq_list01` (`id`)
) ENGINE=InnoDB DEFAULT CHARSET=latin1;
/*!40101 SET character_set_client = @saved_cs_client */;

--
-- Dumping data for table `meddra_smq_list`
--

LOCK TABLES `meddra_smq_list` WRITE;
/*!40000 ALTER TABLE `meddra_smq_list` DISABLE KEYS */;
/*!40000 ALTER TABLE `meddra_smq_list` ENABLE KEYS */;
UNLOCK TABLES;

--
-- Table structure for table `meddra_soc`
--

DROP TABLE IF EXISTS `meddra_soc`;
/*!40101 SET @saved_cs_client     = @@character_set_client */;
/*!40101 SET character_set_client = utf8 */;
CREATE TABLE `meddra_soc` (
  `id` bigint(20) unsigned DEFAULT NULL,
  `term` varchar(100) NOT NULL,
  `abbrev` varchar(5) NOT NULL,
  `who_art_code` varchar(7) DEFAULT NULL,
  `harts_code` bigint(20) DEFAULT NULL,
  `costart_sym` varchar(21) DEFAULT NULL,
  `icd9` varchar(8) DEFAULT NULL,
  `icd9_cm` varchar(8) DEFAULT NULL,
  `icd10` varchar(8) DEFAULT NULL,
  `jart_code` varchar(6) DEFAULT NULL,
  KEY `ix1_soc01` (`id`),
  KEY `ix1_soc02` (`term`),
  FULLTEXT KEY `term` (`term`)
) ENGINE=InnoDB DEFAULT CHARSET=latin1;
/*!40101 SET character_set_client = @saved_cs_client */;

--
-- Dumping data for table `meddra_soc`
--

LOCK TABLES `meddra_soc` WRITE;
/*!40000 ALTER TABLE `meddra_soc` DISABLE KEYS */;
/*!40000 ALTER TABLE `meddra_soc` ENABLE KEYS */;
UNLOCK TABLES;

--
-- Table structure for table `meddra_soc_hlgt`
--

DROP TABLE IF EXISTS `meddra_soc_hlgt`;
/*!40101 SET @saved_cs_client     = @@character_set_client */;
/*!40101 SET character_set_client = utf8 */;
CREATE TABLE `meddra_soc_hlgt` (
  `soc_id` bigint(20) unsigned NOT NULL,
  `hlgt_id` bigint(20) unsigned NOT NULL,
  KEY `ix1_soc_hlgt01` (`soc_id`),
  KEY `ix1_soc_hlgt02` (`hlgt_id`)
) ENGINE=InnoDB DEFAULT CHARSET=latin1;
/*!40101 SET character_set_client = @saved_cs_client */;

--
-- Dumping data for table `meddra_soc_hlgt`
--

LOCK TABLES `meddra_soc_hlgt` WRITE;
/*!40000 ALTER TABLE `meddra_soc_hlgt` DISABLE KEYS */;
INSERT INTO `meddra_soc_hlgt` VALUES (10005329,10002086),(10005329,10018849),(10005329,10018865),(10005329,10018902),(10005329,10018911),(10005329,10024324),(10005329,10025319),(10005329,10025320),(10005329,10025321),(10005329,10025322),(10005329,10025323),(10005329,10035227),(10005329,10035534),(10005329,10038158),(10005329,10041641),(10005329,10047954),(10005329,10064477),(10007541,10007521),(10007541,10007539),(10007541,10007590),(10007541,10010394),(10007541,10011082),(10007541,10014662),(10007541,10019280),(10007541,10028593),(10007541,10034468),(10007541,10046973),(10010331,10005330),(10010331,10007510),(10010331,10008804),(10010331,10013995),(10010331,10014699),(10010331,10015920),(10010331,10018018),(10010331,10019806),(10010331,10021429),(10010331,10021882),(10010331,10027424),(10010331,10027664),(10010331,10028396),(10010331,10029299),(10010331,10038360),(10010331,10038608),(10010331,10038686),(10010331,10040789),(10010331,10052635),(10013993,10010449),(10013993,10015732),(10013993,10019243),(10013993,10022396),(10013993,10027584),(10013993,10027667),(10014698,10001353),(10014698,10012653),(10014698,10014701),(10014698,10018424),(10014698,10021112),(10014698,10029112),(10014698,10033949),(10014698,10043739),(10014698,10052547),(10015919,10002693),(10015919,10010463),(10015919,10015917),(10015919,10018307),(10015919,10021877),(10015919,10030046),(10015919,10030054),(10015919,10030061),(10015919,10030064),(10015919,10042261),(10015919,10047060),(10015919,10047061),(10015919,10047518),(10017947,10000073),(10017947,10002112),(10017947,10013535),(10017947,10015674),(10017947,10017934),(10017947,10017943),(10017947,10017959),(10017947,10017966),(10017947,10017969),(10017947,10017977),(10017947,10017990),(10017947,10018008),(10017947,10018012),(10017947,10018027),(10017947,10018031),(10017947,10025477),(10017947,10031013),(10017947,10034652),(10017947,10039404),(10017947,10043946),(10017947,10044018),(10018065,10001316),(10018065,10005908),(10018065,10007867),(10018065,10018073),(10018065,10053172),(10018065,10062915),(10018065,10069781),(10019805,10004606),(10019805,10017628),(10019805,10019654),(10019805,10019811),(10021428,10001708),(10021428,10003816),(10021428,10021460),(10021428,10027665),(10021881,10002252),(10021881,10004018),(10021881,10008555),(10021881,10014142),(10021881,10017528),(10021881,10019381),(10021881,10021879),(10021881,10028440),(10021881,10028474),(10021881,10037072),(10021881,10039135),(10021881,10047438),(10022117,10001316),(10022117,10005942),(10022117,10022114),(10022117,10022119),(10022117,10064289),(10022117,10069888),(10022117,10071947),(10022117,10076290),(10022891,10007512),(10022891,10011822),(10022891,10014706),(10022891,10014938),(10022891,10017971),(10022891,10018851),(10022891,10019809),(10022891,10021505),(10022891,10022893),(10022891,10024580),(10022891,10027432),(10022891,10027529),(10022891,10028387),(10022891,10029295),(10022891,10037000),(10022891,10038362),(10022891,10038592),(10022891,10038668),(10022891,10040879),(10022891,10044260),(10022891,10047843),(10022891,10053098),(10022891,10071940),(10027433,10000485),(10027433,10000546),(10027433,10003018),(10027433,10012653),(10027433,10013296),(10027433,10013317),(10027433,10014412),(10027433,10016950),(10027433,10018424),(10027433,10021605),(10027433,10022958),(10027433,10037008),(10027433,10037546),(10027433,10047635),(10028395,10005959),(10028395,10010761),(10028395,10013361),(10028395,10017322),(10028395,10023213),(10028395,10028302),(10028395,10028377),(10028395,10028389),(10028395,10028393),(10028395,10028396),(10028395,10043237),(10029104,10006288),(10029104,10006291),(10029104,10014710),(10029104,10014713),(10029104,10017987),(10029104,10017991),(10029104,10018865),(10029104,10019813),(10029104,10019815),(10029104,10024324),(10029104,10025319),(10029104,10025320),(10029104,10025321),(10029104,10025322),(10029104,10025323),(10029104,10027412),(10029104,10027476),(10029104,10027655),(10029104,10027656),(10029104,10029209),(10029104,10029211),(10029104,10030054),(10029104,10035227),(10029104,10038363),(10029104,10038364),(10029104,10038588),(10029104,10038593),(10029104,10038594),(10029104,10038595),(10029104,10038597),(10029104,10038666),(10029104,10038667),(10029104,10040776),(10029104,10040778),(10029104,10040899),(10029104,10040900),(10029104,10041294),(10029104,10068775),(10029104,10072990),(10029205,10007951),(10029205,10007963),(10029205,10010335),(10029205,10011305),(10029205,10012303),(10029205,10014623),(10029205,10019231),(10029205,10021666),(10029205,10028037),(10029205,10029209),(10029205,10029211),(10029205,10029301),(10029205,10029305),(10029205,10029317),(10029205,10034606),(10029205,10039911),(10029205,10040998),(10029205,10041543),(10029205,10042258),(10029205,10057167),(10036585,10000211),(10036585,10010273),(10036585,10016849),(10036585,10026906),(10036585,10026908),(10036585,10028920),(10036585,10035129),(10036585,10036411),(10037175,10001302),(10037175,10002861),(10037175,10008401),(10037175,10009841),(10037175,10010118),(10037175,10012221),(10037175,10012272),(10037175,10012375),(10037175,10012562),(10037175,10013465),(10037175,10013511),(10037175,10014067),(10037175,10021563),(10037175,10026753),(10037175,10027946),(10037175,10034726),(10037175,10037173),(10037175,10037176),(10037175,10039628),(10037175,10040480),(10037175,10040991),(10037175,10042460),(10037175,10077546),(10038359,10004994),(10038359,10018188),(10038359,10029149),(10038359,10038430),(10038359,10046400),(10038359,10046447),(10038359,10046590),(10038359,10046708),(10038604,10006232),(10038604,10010612),(10038604,10013326),(10038604,10013355),(10038604,10013356),(10038604,10013362),(10038604,10013364),(10038604,10016417),(10038604,10018515),(10038604,10025518),(10038604,10033283),(10038604,10036958),(10038604,10038612),(10038604,10046828),(10038604,10047789),(10038604,10074469),(10038738,10006436),(10038738,10010613),(10038738,10013369),(10038738,10024967),(10038738,10024970),(10038738,10028971),(10038738,10029107),(10038738,10035597),(10038738,10037454),(10038738,10038716),(10038738,10046304),(10040785,10002426),(10040785,10011063),(10040785,10014982),(10040785,10035023),(10040785,10040790),(10040785,10040792),(10040785,10040798),(10040785,10040899),(10040785,10040900),(10040785,10047043),(10041244,10001474),(10041244,10014136),(10041244,10014931),(10041244,10016214),(10041244,10018057),(10041244,10024136),(10041244,10024450),(10042613,10003184),(10042613,10005944),(10042613,10006295),(10042613,10007593),(10042613,10009720),(10042613,10014705),(10042613,10015957),(10042613,10017998),(10042613,10019190),(10042613,10019818),(10042613,10025309),(10042613,10025506),(10042613,10029903),(10042613,10038365),(10042613,10038737),(10042613,10040795),(10042613,10041297),(10042613,10043413),(10042613,10052863),(10047065,10002363),(10047065,10003216),(10047065,10011954),(10047065,10014523),(10047065,10025231),(10047065,10047066),(10047065,10047075),(10047065,10047079),(10047065,10047116),(10047065,10057165),(10047065,10057166),(10077536,10069782),(10077536,10077537);
/*!40000 ALTER TABLE `meddra_soc_hlgt` ENABLE KEYS */;
UNLOCK TABLES;

--
-- Table structure for table `menu`
--

DROP TABLE IF EXISTS `menu`;
/*!40101 SET @saved_cs_client     = @@character_set_client */;
/*!40101 SET character_set_client = utf8 */;
CREATE TABLE `menu` (
  `id` int(11) NOT NULL AUTO_INCREMENT,
  `name` varchar(128) NOT NULL,
  `parent` int(11) DEFAULT NULL,
  `route` varchar(255) DEFAULT NULL,
  `order` int(11) DEFAULT NULL,
  `data` blob,
  PRIMARY KEY (`id`),
  KEY `parent` (`parent`)
) ENGINE=InnoDB AUTO_INCREMENT=3 DEFAULT CHARSET=utf8;
/*!40101 SET character_set_client = @saved_cs_client */;

--
-- Dumping data for table `menu`
--

LOCK TABLES `menu` WRITE;
/*!40000 ALTER TABLE `menu` DISABLE KEYS */;
INSERT INTO `menu` VALUES (1,'companies',NULL,'/crud/company/index',1,NULL),(2,'users',NULL,'/crud/user/index',2,NULL);
/*!40000 ALTER TABLE `menu` ENABLE KEYS */;
UNLOCK TABLES;

--
-- Table structure for table `migration`
--

DROP TABLE IF EXISTS `migration`;
/*!40101 SET @saved_cs_client     = @@character_set_client */;
/*!40101 SET character_set_client = utf8 */;
CREATE TABLE `migration` (
  `version` varchar(180) NOT NULL,
  `apply_time` int(11) DEFAULT NULL,
  PRIMARY KEY (`version`)
) ENGINE=InnoDB DEFAULT CHARSET=utf8;
/*!40101 SET character_set_client = @saved_cs_client */;

--
-- Dumping data for table `migration`
--

LOCK TABLES `migration` WRITE;
/*!40000 ALTER TABLE `migration` DISABLE KEYS */;
INSERT INTO `migration` VALUES ('m140506_102106_rbac_init',1472340590),('m150517_175717_audit_trail_entry_table',1474139677),('m150626_000001_create_audit_entry',1474141404),('m150626_000002_create_audit_data',1474141404),('m150626_000003_create_audit_error',1474141406),('m150626_000004_create_audit_trail',1474141407),('m150626_000005_create_audit_javascript',1474141408),('m150626_000006_create_audit_mail',1474141409),('m150714_000001_alter_audit_data',1474141410),('m160820_180144_drop_lkp_drug_action_table',1471882689),('m160820_180344_create_lkp_drug_action_table',1471882689),('m160820_180914_add_drug_action_column_to_drug_prescription',1471882691),('m160822_164941_create_lkp_icsr_eventoutcome_table',1471885108),('m160822_165209_add_lkp_icsr_eventoutcome_id_column_to_icsr_event_table',1472057880),('m160824_171832_drop_event_outcome_column_from_icsr_event',1472059239),('m160827_155437_create_role_table',1472313309),('m160827_155617_create_user_role_table',1472313676),('m160904_123949_add_subscribtion_end_date_column_to_company_table',1472992807),('m160904_124018_add_plan_column_to_company_table',1472992838),('m160906_134729_drop_reg_no_column_from_company_table',1473169672),('m160906_174946_create_lkp_city_table',1473184346),('m160906_175801_drop_reaction_country_id_column_from_icsr_table',1473184924),('m160906_180326_add_lkp_city_id_column_to_icsr_table',1473186340),('m160908_153940_drop_product_avilable_column_from_drug_prescription__table',1473349363),('m160908_160637_drop_test_lkp_id_column_from_icsr_test_table',1473350911),('m160908_161008_add_test_name_column_to_icsr_test_table',1473351023),('m160920_131924_create_lkp_plan_table',1474377693),('m160920_132227_create_lkp_limits_table',1474377805),('m160920_132706_create_plan_limits_table',1474378478),('m160920_134726_drop_plan_column_from_company_table',1474379269),('m160920_135103_add_plan_id_column_to_company_table',1474379683),('m160923_121121_drop_lkp_city_id_from_icsr_table',1474632776),('m160923_121355_add_reaction_country_id_to_icsr_table',1474632967),('m160928_202737_drop_and_add_foreign_key_plans_for_company_table',1475094542),('m161002_211232_create_icsr_versions_table',1475443135),('m161004_120407_add_addiitonal_columns_to_icsr_version_table',1475582868),('m161004_121853_add_foreign_key_to_icsr_version_table',1475583931),('m161008_183419_create_icsr_version_response_table',1476089771),('m161013_203024_create_psmf_company_table',1476390677),('m161013_203425_create_psmf_section_table',1476390906),('m161016_113734_add_file_url_column_to_psmf_company_table',1476617863),('m161017_070304_create_psmf_table',1476688798),('m161024_102937_create_icsr_narritive_table',1477305104),('m161024_135235_add_short_name_column_to_company_table',1477317178),('m161027_054246_create_meddra_llt_table',1477901979),('m161027_055834_create_meddra_pt_table',1477901980),('m161027_060204_create_meddra_hlt_table',1477901981),('m161027_060813_create_meddra_hlt_pt_table',1477901981),('m161027_061051_create_meddra_hlgt_table',1477901982),('m161027_062040_create_meddra_soc_table',1477901983),('m161027_062526_create_meddra_soc_hlgt_table',1477901983),('m161027_063701_create_mdhier_table',1477901985),('m161027_064512_create_meddra_intl_ord_table',1477901985),('m161027_065830_create_meddra_smq_list_table',1477901986),('m161027_070444_create_meddra_smq_content_table',1477901986),('m161030_125325_create_meddra_hlgt_hlt_table',1477901987),('m161030_135058_remove_id_column_from_meddra_mdhier_table',1477901987),('m161031_082151_add_full_text_index_to_meddra_llt_meddra_pt_tables',1477902420),('m161114_075937_add_created_at_column_created_by_column_to_icsr_table',1479113037),('m161120_134412_change_column_name_to_icsr_reporter_table',1479649616),('m161123_163443_add_enable_meddr_search_column_to_company_table',1479919157),('m161124_141129_add_meddra_seeds',1480102252),('m161125_161647_drop_problem_went_after_stop_column_from_drug_prescription_table',1480090661),('m161125_173640_anythin',1480095406),('m161125_173722_anyone',1480095448),('m161125_190154_country_seeders',1480100861),('m161125_193507_meddra_pt_seeds',1480103809),('m161125_194104_change_plan_names',1480104688),('m161128_120249_add_meddra_pt_seeds',1480934716),('m161128_125111_add_normal_company_and_normal_user',1480338837),('m161204_075454_add_image_to_icsr_test',1482245816),('m161205_113731_create_rmp_table',1480941789),('m161208_115719_create_prsu_table',1481198476),('m161208_135405_add_next_prsu_date_column_to_drug_table',1481205271),('m161213_083124_reports_auth_data_seed',1482245816),('m161220_143122_add_next_rmp_date_column_to_rmp_table',1482244376),('m161221_105511_add_rmp_first_deadline_column_to_drug_table',1482317865),('m161221_133036_add_statistics_role_to_auth_tables',1482944487),('m161222_131257_add_qppv_person_role',1482737237),('m161222_135928_add_qppv_debuty_role',1482416096),('m161224_161957_add_manager_role',1482601781);
/*!40000 ALTER TABLE `migration` ENABLE KEYS */;
UNLOCK TABLES;

--
-- Table structure for table `plan_limits`
--

DROP TABLE IF EXISTS `plan_limits`;
/*!40101 SET @saved_cs_client     = @@character_set_client */;
/*!40101 SET character_set_client = utf8 */;
CREATE TABLE `plan_limits` (
  `id` int(11) NOT NULL AUTO_INCREMENT,
  `plan_id` int(11) NOT NULL,
  `limit_id` int(11) NOT NULL,
  `limit` int(11) NOT NULL,
  PRIMARY KEY (`id`),
  KEY `fk-lkp_plan_plan-limits` (`plan_id`),
  KEY `fk-lkp_limit_plan-limits` (`limit_id`)
) ENGINE=InnoDB AUTO_INCREMENT=56 DEFAULT CHARSET=latin1;
/*!40101 SET character_set_client = @saved_cs_client */;

--
-- Dumping data for table `plan_limits`
--

LOCK TABLES `plan_limits` WRITE;
/*!40000 ALTER TABLE `plan_limits` DISABLE KEYS */;
INSERT INTO `plan_limits` VALUES (1,3,1,150),(3,3,3,3),(33,1,1,10),(35,1,3,1),(38,2,3,30),(40,2,1,50),(42,4,1,1000000000),(44,4,3,10000000),(45,5,1,10),(47,5,3,50),(48,6,1,3),(49,6,3,1),(51,11,1,122),(52,11,3,333),(54,14,1,1000),(55,14,3,5);
/*!40000 ALTER TABLE `plan_limits` ENABLE KEYS */;
UNLOCK TABLES;

--
-- Table structure for table `prsu`
--

DROP TABLE IF EXISTS `prsu`;
/*!40101 SET @saved_cs_client     = @@character_set_client */;
/*!40101 SET character_set_client = utf8 */;
CREATE TABLE `prsu` (
  `id` int(11) NOT NULL AUTO_INCREMENT,
  `drug_id` int(11) NOT NULL,
  `version` decimal(10,2) DEFAULT NULL,
  `version_description` varchar(255) DEFAULT NULL,
  `prsu_file_url` varchar(255) DEFAULT NULL,
  `ack_file_url` varchar(255) DEFAULT NULL,
  `prsu_created_by` int(11) NOT NULL,
  `prsu_created_at` datetime DEFAULT NULL,
  `ack_created_by` int(11) DEFAULT NULL,
  `ack_created_at` datetime DEFAULT NULL,
  `next_prsu_date` date DEFAULT NULL,
  PRIMARY KEY (`id`),
  KEY `idx-prsu-drug_id` (`drug_id`),
  KEY `idx-prsu-prsu_created_by` (`prsu_created_by`)
) ENGINE=InnoDB AUTO_INCREMENT=11 DEFAULT CHARSET=latin1;
/*!40101 SET character_set_client = @saved_cs_client */;

--
-- Dumping data for table `prsu`
--

LOCK TABLES `prsu` WRITE;
/*!40000 ALTER TABLE `prsu` DISABLE KEYS */;
INSERT INTO `prsu` VALUES (1,36,1.50,'sdfsadf','/files/prsuFiles/DrugId_36_1481204858.pdf','/files/prsuAckFiles/DrugId_36_1481204882.pdf',46,'2016-12-08 15:47:38',46,'2016-12-08 15:48:02','2016-12-22'),(2,36,1.50,'','/files/prsuFiles/DrugId_36_1481205420.pdf',NULL,46,'2016-12-08 15:57:00',NULL,NULL,'0000-00-00'),(3,36,1.50,'sadfasdfsdf','/files/prsuFiles/DrugId_36_1481205948.pdf',NULL,46,'2016-12-08 16:05:48',NULL,NULL,'2016-12-16'),(4,36,1.50,'sadfasdfsdf','/files/prsuFiles/DrugId_36_1481205960.pdf',NULL,46,'2016-12-08 16:06:00',NULL,NULL,'2016-12-23'),(5,36,1.50,'sadfasdfsdf','/files/prsuFiles/DrugId_36_1481206069.pdf',NULL,46,'2016-12-08 16:07:49',NULL,NULL,'2016-12-23'),(6,36,1.50,'sadfasdfsdf','/files/prsuFiles/DrugId_36_1481206087.pdf',NULL,46,'2016-12-08 16:08:07',NULL,NULL,'2016-12-23'),(7,36,1.50,'sadfasdfsdf','/files/prsuFiles/DrugId_36_1481206099.pdf',NULL,46,'2016-12-08 16:08:19',NULL,NULL,'2016-12-23'),(8,36,1.50,'sadfasdfsdf','/files/prsuFiles/DrugId_36_1481206105.pdf',NULL,46,'2016-12-08 16:08:25',NULL,NULL,'2016-12-23'),(9,36,1.20,'sadkfjasdf','/files/prsuFiles/DrugId_36_1481206256.pdf',NULL,46,'2016-12-08 16:10:56',NULL,NULL,'2017-03-30'),(10,36,1.50,'sadfasdf','/files/prsuFiles/DrugId_36_1481531367.pdf',NULL,46,'2016-12-12 10:29:27',NULL,NULL,'2016-12-12');
/*!40000 ALTER TABLE `prsu` ENABLE KEYS */;
UNLOCK TABLES;

--
-- Table structure for table `psmf`
--

DROP TABLE IF EXISTS `psmf`;
/*!40101 SET @saved_cs_client     = @@character_set_client */;
/*!40101 SET character_set_client = utf8 */;
CREATE TABLE `psmf` (
  `id` int(11) NOT NULL AUTO_INCREMENT,
  `company_id` int(11) NOT NULL,
  `user_id` int(11) NOT NULL,
  `comment` text,
  `version` int(11) DEFAULT NULL,
  `file_url` varchar(255) DEFAULT NULL,
  `created_at` datetime DEFAULT NULL,
  PRIMARY KEY (`id`),
  KEY `idx-psmf-company_id` (`company_id`),
  KEY `idx-psmf-user_id` (`user_id`)
) ENGINE=InnoDB AUTO_INCREMENT=5 DEFAULT CHARSET=latin1;
/*!40101 SET character_set_client = @saved_cs_client */;

--
-- Dumping data for table `psmf`
--

LOCK TABLES `psmf` WRITE;
/*!40000 ALTER TABLE `psmf` DISABLE KEYS */;
INSERT INTO `psmf` VALUES (1,71,46,'This PSMF is our initial one',1,'/yiiyak/backend/web/files/psmfFiles/CompanyId_71_1478692773.jpg','2016-11-09 13:59:33'),(4,75,50,'This PSMF is our initial one',1,'/yiiyak/backend/web/files/psmfFiles/CompanyId_75_1478692959.jpg','2016-11-09 14:02:39');
/*!40000 ALTER TABLE `psmf` ENABLE KEYS */;
UNLOCK TABLES;

--
-- Table structure for table `psmf_company`
--

DROP TABLE IF EXISTS `psmf_company`;
/*!40101 SET @saved_cs_client     = @@character_set_client */;
/*!40101 SET character_set_client = utf8 */;
CREATE TABLE `psmf_company` (
  `psmf_id` int(11) NOT NULL AUTO_INCREMENT,
  `company_id` int(11) NOT NULL,
  `version` int(11) DEFAULT NULL,
  `file_url` varchar(255) DEFAULT NULL,
  PRIMARY KEY (`psmf_id`),
  KEY `idx-psmf_company-company_id` (`company_id`)
) ENGINE=InnoDB AUTO_INCREMENT=19 DEFAULT CHARSET=latin1;
/*!40101 SET character_set_client = @saved_cs_client */;

--
-- Dumping data for table `psmf_company`
--

LOCK TABLES `psmf_company` WRITE;
/*!40000 ALTER TABLE `psmf_company` DISABLE KEYS */;
INSERT INTO `psmf_company` VALUES (8,71,1,'/yiiyak/backend/web/files/psmfHtml/psmfId_8_1476651977.html'),(9,71,2,'/yiiyak/backend/web/files/psmfHtml/psmfId_9_1476652024.html'),(10,71,3,'/yiiyak/backend/web/files/psmfHtml/psmfId_10_1476652826.html'),(11,71,4,'/yiiyak/backend/web/files/psmfHtml/psmfId_11_1476654082.html'),(12,71,5,'/yiiyak/backend/web/files/psmfHtml/psmfId_12_1476654097.html'),(13,71,6,'/yiiyak/backend/web/files/psmfHtml/psmfId_13_1476654116.html'),(14,71,7,'/yiiyak/backend/web/files/psmfHtml/psmfId_14_1476654129.html'),(15,71,8,'/yiiyak/backend/web/files/psmfHtml/psmfId_15_1476654172.html'),(16,71,9,NULL),(17,71,10,'/yiiyak/backend/web/files/psmfHtml/psmfId_17_1476654475.html'),(18,71,11,'/yiiyak/backend/web/files/psmfHtml/psmfId_18_1476654519.html');
/*!40000 ALTER TABLE `psmf_company` ENABLE KEYS */;
UNLOCK TABLES;

--
-- Table structure for table `psmf_section`
--

DROP TABLE IF EXISTS `psmf_section`;
/*!40101 SET @saved_cs_client     = @@character_set_client */;
/*!40101 SET character_set_client = utf8 */;
CREATE TABLE `psmf_section` (
  `id` int(11) NOT NULL AUTO_INCREMENT,
  `psmf_id` int(11) NOT NULL,
  `section_name` varchar(255) DEFAULT NULL,
  `section_content` text,
  PRIMARY KEY (`id`),
  KEY `idx-psmf_section-psmf_id` (`psmf_id`)
) ENGINE=InnoDB AUTO_INCREMENT=40 DEFAULT CHARSET=latin1;
/*!40101 SET character_set_client = @saved_cs_client */;

--
-- Dumping data for table `psmf_section`
--

LOCK TABLES `psmf_section` WRITE;
/*!40000 ALTER TABLE `psmf_section` DISABLE KEYS */;
INSERT INTO `psmf_section` VALUES (12,8,'asdfsadf','<p><strong>asdfsad</strong></p>\r\n'),(13,8,'sadfasdf','<p><strong><em>asdf asdfasdf</em></strong></p>\r\n'),(14,8,'images_url','[]'),(15,9,'jkhjk','<p><strong>JKHGAKJSD</strong></p>\r\n'),(16,9,'JKHKJ','<p><em>JKAHSJKD</em></p>\r\n'),(17,9,'images_url','[]'),(18,10,'asdf','<p><em>asdf</em></p>\r\n'),(19,10,'asdfsadf','<p><strong>asdfsadf</strong></p>\r\n'),(20,10,'images_url','[]'),(21,11,'asdfasd','<p>adfsadf</p>\r\n'),(22,11,'images_url','[]'),(23,12,'asfsa','<p>asdfasdfsadf</p>\r\n'),(24,12,'sdfsa','<p>dfsadf</p>\r\n'),(25,12,'images_url','[]'),(26,13,'sdafsadf','<p><strong>asdfsadf</strong></p>\r\n'),(27,13,'images_url','[]'),(28,14,'asdfasdf','<p><strong>dfasdf</strong></p>\r\n'),(29,14,'sadfsadf','<p><em>sadfsadf</em></p>\r\n'),(30,14,'images_url','[]'),(31,15,'asdfsadf','<p><em>asdfsadf</em></p>\r\n'),(32,15,'sadfsadf','<p><strong>asdfsad</strong></p>\r\n'),(33,15,'images_url','[]'),(34,16,'asdfsadf','<p><strong>asdfsadfsadf</strong></p>\r\n'),(35,16,'images_url','[]'),(36,17,'asdfsadf','<p><strong>asdfsadfsadf</strong></p>\r\n'),(37,17,'images_url','[]'),(38,18,'asdf','<p><strong>asdf</strong></p>\r\n'),(39,18,'images_url','[]');
/*!40000 ALTER TABLE `psmf_section` ENABLE KEYS */;
UNLOCK TABLES;

--
-- Table structure for table `rmp`
--

DROP TABLE IF EXISTS `rmp`;
/*!40101 SET @saved_cs_client     = @@character_set_client */;
/*!40101 SET character_set_client = utf8 */;
CREATE TABLE `rmp` (
  `id` int(11) NOT NULL AUTO_INCREMENT,
  `drug_id` int(11) NOT NULL,
  `version` decimal(10,2) DEFAULT NULL,
  `version_description` varchar(255) DEFAULT NULL,
  `rmp_file_url` varchar(255) DEFAULT NULL,
  `ack_file_url` varchar(255) DEFAULT NULL,
  `rmp_created_by` int(11) NOT NULL,
  `rmp_created_at` datetime DEFAULT NULL,
  `ack_created_by` int(11) DEFAULT NULL,
  `ack_created_at` datetime DEFAULT NULL,
  `next_rmp_date` date DEFAULT NULL,
  PRIMARY KEY (`id`),
  KEY `idx-rmp-drug_id` (`drug_id`),
  KEY `idx-rmp-rmp_created_by` (`rmp_created_by`)
) ENGINE=InnoDB AUTO_INCREMENT=16 DEFAULT CHARSET=latin1;
/*!40101 SET character_set_client = @saved_cs_client */;

--
-- Dumping data for table `rmp`
--

LOCK TABLES `rmp` WRITE;
/*!40000 ALTER TABLE `rmp` DISABLE KEYS */;
INSERT INTO `rmp` VALUES (1,37,1.20,'asdfsadf','/files/rmpFiles/DrugId_37_1481015193.pdf','',46,'2016-12-06 11:06:33',46,'2016-12-06 13:04:24',NULL),(2,36,5.60,'This is a version description friend','/files/rmpFiles/DrugId_36_1481102022.pdf','/files/rmpAckFiles/DrugId_36_1481103569.pdf',46,'2016-12-07 11:13:42',46,'2016-12-07 11:39:29','2016-12-30'),(3,36,5.60,'asfasf','/files/rmpFiles/DrugId_36_1481103687.pdf','/files/rmpAckFiles/DrugId_36_1481103705.pdf',46,'2016-12-07 11:41:27',46,'2016-12-07 11:41:45','2016-12-29'),(4,36,1.60,'this is a little description','/files/rmpFiles/DrugId_36_1481119086.pdf','/files/rmpAckFiles/DrugId_36_1481202213.pdf',46,'2016-12-07 15:58:06',46,'2016-12-08 15:03:33','2016-12-29'),(5,36,1.60,'asdfasdf','/files/rmpFiles/DrugId_36_1481119717.pdf','/files/rmpAckFiles/DrugId_36_1481203225.pdf',46,'2016-12-07 16:08:37',46,'2016-12-08 15:20:25','2016-12-28'),(6,36,1.50,'asfasf','/files/rmpFiles/DrugId_36_1481200535.pdf',NULL,46,'2016-12-08 14:35:35',NULL,NULL,'2016-12-30'),(7,36,1.50,'adfasdf','/files/rmpFiles/DrugId_36_1481200758.pdf',NULL,46,'2016-12-08 14:39:18',NULL,NULL,NULL),(8,36,1.50,'asdfasdf','/files/rmpFiles/DrugId_36_1481200896.pdf',NULL,46,'2016-12-08 14:41:36',NULL,NULL,NULL),(9,36,1.65,'sdfasdf','/files/rmpFiles/DrugId_36_1481200914.pdf',NULL,46,'2016-12-08 14:41:54',NULL,NULL,NULL),(10,36,62.10,'asfasf','/files/rmpFiles/DrugId_36_1481201384.pdf','/files/rmpAckFiles/DrugId_36_1481201404.pdf',46,'2016-12-08 14:49:44',46,'2016-12-08 14:50:04','2016-12-28'),(11,36,6.33,'asjkdhfjasdf','/files/rmpFiles/DrugId_36_1481202636.pdf','/files/rmpAckFiles/DrugId_36_1481202644.pdf',46,'2016-12-08 15:10:36',46,'2016-12-08 15:10:44',NULL),(12,36,1.50,'asdfsadf','/files/rmpFiles/DrugId_36_1481204822.pdf',NULL,46,'2016-12-08 15:47:02',NULL,NULL,NULL),(13,36,2.55,'ajdfhajf','/files/rmpFiles/DrugId_36_1482244845.pdf','/files/rmpAckFiles/DrugId_36_1482245242.pdf',46,'2016-12-20 16:40:45',46,'2016-12-20 14:47:22','2017-01-06'),(14,36,1.50,'asdf','/files/rmpFiles/DrugId_36_1482316790.pdf',NULL,46,'2016-12-21 12:39:50',NULL,NULL,NULL),(15,36,1.50,'','/files/rmpFiles/DrugId_36_1482322832.pdf',NULL,46,'2016-12-21 14:20:32',NULL,NULL,'2016-12-29');
/*!40000 ALTER TABLE `rmp` ENABLE KEYS */;
UNLOCK TABLES;

--
-- Table structure for table `role`
--

DROP TABLE IF EXISTS `role`;
/*!40101 SET @saved_cs_client     = @@character_set_client */;
/*!40101 SET character_set_client = utf8 */;
CREATE TABLE `role` (
  `id` int(11) NOT NULL AUTO_INCREMENT,
  `title` varchar(255) DEFAULT NULL,
  PRIMARY KEY (`id`)
) ENGINE=InnoDB AUTO_INCREMENT=3 DEFAULT CHARSET=latin1;
/*!40101 SET character_set_client = @saved_cs_client */;

--
-- Dumping data for table `role`
--

LOCK TABLES `role` WRITE;
/*!40000 ALTER TABLE `role` DISABLE KEYS */;
INSERT INTO `role` VALUES (1,'admin\r\n'),(2,'moderator');
/*!40000 ALTER TABLE `role` ENABLE KEYS */;
UNLOCK TABLES;

--
-- Table structure for table `user`
--

DROP TABLE IF EXISTS `user`;
/*!40101 SET @saved_cs_client     = @@character_set_client */;
/*!40101 SET character_set_client = utf8 */;
CREATE TABLE `user` (
  `id` int(11) NOT NULL AUTO_INCREMENT,
  `username` varchar(255) COLLATE utf8_unicode_ci NOT NULL,
  `auth_key` varchar(32) COLLATE utf8_unicode_ci NOT NULL,
  `password_hash` varchar(255) COLLATE utf8_unicode_ci NOT NULL,
  `password_reset_token` varchar(255) COLLATE utf8_unicode_ci DEFAULT NULL,
  `email` varchar(255) COLLATE utf8_unicode_ci NOT NULL,
  `status` smallint(6) NOT NULL DEFAULT '10',
  `created_at` int(11) NOT NULL,
  `updated_at` int(11) NOT NULL,
  `company_id` int(11) DEFAULT NULL,
  PRIMARY KEY (`id`),
  UNIQUE KEY `username` (`username`),
  UNIQUE KEY `email` (`email`),
  UNIQUE KEY `password_reset_token` (`password_reset_token`)
) ENGINE=InnoDB AUTO_INCREMENT=64 DEFAULT CHARSET=utf8 COLLATE=utf8_unicode_ci;
/*!40101 SET character_set_client = @saved_cs_client */;

--
-- Dumping data for table `user`
--

LOCK TABLES `user` WRITE;
/*!40000 ALTER TABLE `user` DISABLE KEYS */;
INSERT INTO `user` VALUES (1,'ahmed','vUrMGyLV_f0AgJLK8pTm-IEw5swELkWV','$2y$13$DM.9z1323DQbuBT2INl/e./0HBhNYqEBzrIH1rnwTd7EqvmtL5O7C','hello','ahmed@ahmed.com',10,1458761294,1482941670,5),(2,'te7a','ahmed','$2y$10$Jzq8iACNMHwoFlxUMjvnv.BcQyB7z.rmqP/weNF9ePt3.v45i/.ma','FBzUl4yWGvf40_BzRy564jVxdMmx4xIU_1484223870','mahmoud.e.hosny84@gmail.com',10,122,1484223870,5),(26,'Khaled','SRbJz7EdFtBEwazs0IE4ODbKNOzaN6f7','$2y$13$DcxvTG0A3fjdNv/Ejurtp.yHsPyr722Lzn/mGSTUxktCjB6Y5tuu.','sbtpp_NhfpZenWJ6W7ikAt4KM5tarzAh_1472931665','khaled@yahoo.com',10,1472931664,1472931665,42),(32,'gold','cTKATDJAML9Wn34fbK4fPxtxNx5QuZ_3','$2y$13$usYQ7QMeRoqD8kwVywyb8euJpi288vb1QD0y/Gr0uEpp9xyVfCcXC','fCq79UPBuT4C7oJBA7dCjxnI2VW2Uceg_1472993969','gold@yahoo.com',10,1472993968,1472993969,48),(33,'admin','nvz4RAj3LC6w3skuF3Rx82c7eHJzDOTC','$2y$13$2fUMiu/CL5BEjVUyveIizen8vLw.4Kgd5WEhPU3uPDfrW95wQSaTu','GwOLDtMVLQVOolFP1cIanEtZ19gq66QE_1473062577','admin@yahoo.com',10,1473062577,1474737782,41),(37,'mohamed','2Sk--3dKwCLdrQsUHwhcm6VuV2Rfu7qF','$2y$13$yKAnl0dT54XA/RGt26qxReeA46OWqxCHgfSxlJ5StBSMh0l/IOPXG','BcqoQg_3iZQW5UpwqmBTjWlxeAlvQIWu_1475081942','alkjfkasl@yahoo.com',10,1475081941,1475081941,42),(38,'asdffffffffff','AkT765GZyTceJ_63L_vUIerFMwUeftOI','$2y$13$AvHs3umJIihY4mTGsTAnQe2m/hzorSdxi/xwwt/xUM0b37xUBBG9e','jXHTQprQWZ7U_1JKKW9U4dbCKIjLcK80_1475083047','sdf@yahoo.com',10,1475083047,1482929408,40),(39,'admin2','-du56N_luxZOkhXkHduwHZ3mj-c3VOS9','$2y$13$KLFu.eINJ2IHz/cgLKjZuuJPiD9Ui3kiyXobmVkgz7krGAZofYyYu','OdjyGo2Htid4de4L6bT8RP8CjLkwLFuf_1475130614','admin2@yahoo.com',10,1475130613,1475130613,62),(40,'AlkoUser','dntbdYykFiUgLt4nNf7FlCdQ9gYaDB2A','$2y$13$Bl1xf6yZ0mpA6593XBbDw.hQ.SodByq0nYNYm.te/RB7nj0M0q9vu','0C1PF7mdsBZ0eVu6bOGOhim9dFS1i-F4_1475138110','alko@yahoo.com',10,1475138109,1475138109,48),(41,'normal','RQ5ts6eDUh2pDbNaV1WkXMoPcuKvddPm','$2y$13$yTQI6y0Q.gDIM3Frf8sLUOQhErxzS.sus8SASlcKk7h0yPphQSySG','X15ofTp7qwaGc1TFQqCuLXGoacFNYsiZ_1475138617','normal@yahoo.com',10,1475138616,1475138616,63),(42,'testme','_VQKTNwNzYuCnGsXj5D6YHpSoUv2yoUq','$2y$13$OqUl9vZCoSybNZmMi8lDaueAZTlAvFdgrcbPUm2bWGDu2DT4IEreu','hvHLeXwTiiLwYP22xooaNTHLmfJ7TFds_1475241175','testme@yahoo.com',10,1475241174,1475241174,65),(44,'ok','1VSuYJSrF0dCLZvSOMUymLbDgIAVggEL','$2y$13$Nx.HZPgfuCApg4Y3W6qUJOIeHha2p99kKCyrPkTIHJiNUvYBFKebG','3NaUJYIMwYlzQDz-ST0tNwg5--qyqW_F_1475263720','ok@yahoo.com',10,1475263720,1475263720,69),(45,'ok2','hSyRFQDJtP5XdzWE-SlowE2rPjpL2f1p','$2y$13$wmQPEb50DGgwSE1vS8jCN.Yo1dKhcF2RgCEpCiAqYWPu5SUckIt3S','JViDj0e47iC91IRbuC0lGyVXEUH3V8CU_1475263750','ok2@yahoo.com',10,1475263749,1475263749,70),(46,'normal3','ma-g_jv1R6pujwwulZu1xPbhurrnvC88','$2y$13$sE8wLrMiTQj4vt7hjLfJl.uaNclpRm2LSS1Xl8CwWE8O0sb.vO1VC','wpiD8W15b_Yl_ouM8oROIcqwKtb9VM-4_1475263892','normal3@yahoo.com',10,1475263892,1482944453,71),(47,'Hassan','Ejfy9wPkOC0ykq_2g8V5EqAh36hFSUnv','$2y$13$f.70hOBh.tIPsBLJQ38hzOzM5qb8h40IEU/lL9Tc4CzeUw1cG.XY6','pCehXepaGurRPJAib1Yei7JWSscgUiEh_1476631347','hassanMohamed@yahoo.com',10,1476631346,1476631346,72),(48,'asdf','LKyL-DmUWQ6r7zQPuTljCFmI8fs2zXSa','$2y$13$Ooewoud.2rDRtQtX4wl2E.3eJ5V.WnuD9DKYoOKGSJZi3deODl0zS','fq9iC_gDAirrsK5H8pVJ77ss1XqwAGzA_1477317462','asdf@yahoo.com',10,1477317461,1477317461,73),(49,'karem','7mq9owlwb5sXSr4TqFVFevF6VEvwzXPc','$2y$13$xTLrrRDevcIIqLAuzSiTJO8vkLGAfiNCBJAeL4pF6Up6Rq6LKmU76','sdwP7z-3swo_HMaLefW9AzG7QJSAiUx3_1477988222','hassan@yahoo.com',10,1477988222,1477988222,75),(50,'carem','CVhaRI6xl3-3oYDYVwDhlaMq81HTEA9v','$2y$13$gck3YmPGFX6sPFScFbdIL.qWnZFtbukqbeebe6Wzlyr/2LdrecdUK','-PagA2lkEricRXmvJdOUCSgS9daLYR30_1477990432','carem@yahoo.com',10,1477990432,1477990432,75),(51,'Ahmed Mohamed Abd EL Ftah','y05w7kBJr2AID-waWLBHvDhYk-lQpz4G','$2y$13$kjW/COju.rItPW5ljZiNBu0ONnTYtYTG4rSpy7Cn3lilcG8KLQAUm',NULL,'ahmedabdelftah95165@gmail.com',10,1478549449,1482596031,41),(52,'ok12','6GXSp0gJdiDwKgAxN4aSlcLohI6HOkUy','$2y$13$2YQKW3l2OOTDsUlsB3tQtu1SiIqzGseOP4fowLARQ/E7F.9750fIq','6526gjJaaIH037ymTGCGD1FMewTRHWnM_1478721799','ok12@yahoo.com',10,1478721798,1478721798,76),(53,'Ahmed Khaled','OUGlfwPjy4G4H-u3yCuvOeH8JBtw0Iw6','$2y$13$UpSR7yksIEognAbIARH8U.BVAsoDiRbIh3pk8XJwr2U1DYc3srWl2','z3-CsCWhFknVrgakaMbaHcB_1dM6eaK5_1479640659','khale123@yahoo.com',10,1479640658,1479640658,1),(54,'ahmed123','CJbsBqPB56oFXfzYcPgXQLsy0uxI_ITf','$2y$13$ZiK60mVUkuSG.Bj92MPGWujZxxMafAcGg/WVw4oESZB/szPQ.WMW6','ffyAbbf1jQ-HiRWbSWUXIkDXdrTsZYDg_1479641031','ahmed123@yahoo.com',10,1479641030,1479641030,1),(55,'ahmed22','MTyp4oceV0pvjIUuzsPVEfsbUXjKfE94','$2y$13$0RNkGaucDZil0MDRTKVctOG3CLo1xJHKoVPd7GvZLXZ6ivmS1UPxu','0oC997zE_2PVWbKh94bYG-fG7IKG8Uiz_1479641056','ahmed@yahoo.com',10,1479641055,1479641055,1),(56,'ahmed1233','MOn5sg92lrfMMSuXQCh-JKgC_oufq_Tu','$2y$13$pEJGV07s7n8NXxHNgGoFyuFkBIE/s0PZZFDpJWiypZIYDWT.yvh82','_8NTuFc4nTTlsV8CKodbps7iZrhfYpNf_1479641416','ahmed222@yahoo.com',10,1479641416,1479641416,82),(57,'','','',NULL,'',10,1421342135,124124,NULL),(61,'ahmed1234','_47thfas','$2y$13$9w9UMDkvawT4khE3z3jZfObLO/8rZ0O/rteR6j/Jo05/sHJYGFqT6',NULL,'ahmed1234@yahoo.com',10,123123,1484073597,90),(62,'asdfsadf','xILR3v8ik-3NIntIgLjZ5aQ_LuDjt16j','$2y$13$JJzWwvIgX.yCvX.4.cPhFuROFIQuI0sziC9xGMdS/CiJzt5SsbQ1O','A8nXku9MycE0JhAgxFJjRR1jmzTAG-mg_1482606142','ahmed12354@yahoo.com',10,1482606141,1482606141,71),(63,'khaled123','Pyk7BKB9SjisT7BuXI7QyAgJfCcd3LKK','$2y$13$biZda9jbl7mpAYtX09beGOIkYZQ1MYNOXsx.Z8Kns8KKJ9DFzFp7m','BECg_sPZmzhdxJZQRCKRES_9RujZJBWc_1482606195','khaled1234@yahoo.com',10,1482606195,1482606195,71);
/*!40000 ALTER TABLE `user` ENABLE KEYS */;
UNLOCK TABLES;

--
-- Table structure for table `user_company`
--

DROP TABLE IF EXISTS `user_company`;
/*!40101 SET @saved_cs_client     = @@character_set_client */;
/*!40101 SET character_set_client = utf8 */;
CREATE TABLE `user_company` (
  `company_id` int(11) NOT NULL,
  `user_id` int(11) NOT NULL,
  `role` varchar(45) DEFAULT NULL,
  PRIMARY KEY (`company_id`,`user_id`),
  KEY `fk_company_has_user_user1_idx` (`user_id`),
  KEY `fk_company_has_user_company1_idx` (`company_id`)
) ENGINE=InnoDB DEFAULT CHARSET=utf8;
/*!40101 SET character_set_client = @saved_cs_client */;

--
-- Dumping data for table `user_company`
--

LOCK TABLES `user_company` WRITE;
/*!40000 ALTER TABLE `user_company` DISABLE KEYS */;
/*!40000 ALTER TABLE `user_company` ENABLE KEYS */;
UNLOCK TABLES;

--
-- Table structure for table `user_role`
--

DROP TABLE IF EXISTS `user_role`;
/*!40101 SET @saved_cs_client     = @@character_set_client */;
/*!40101 SET character_set_client = utf8 */;
CREATE TABLE `user_role` (
  `user_id` int(11) DEFAULT NULL,
  `role_id` int(11) DEFAULT NULL,
  KEY `fk-user_role-role_id` (`role_id`),
  KEY `fk-user_role-user_id` (`user_id`)
) ENGINE=InnoDB DEFAULT CHARSET=latin1;
/*!40101 SET character_set_client = @saved_cs_client */;

--
-- Dumping data for table `user_role`
--

LOCK TABLES `user_role` WRITE;
/*!40000 ALTER TABLE `user_role` DISABLE KEYS */;
INSERT INTO `user_role` VALUES (1,1);
/*!40000 ALTER TABLE `user_role` ENABLE KEYS */;
UNLOCK TABLES;
/*!40103 SET TIME_ZONE=@OLD_TIME_ZONE */;

/*!40101 SET SQL_MODE=@OLD_SQL_MODE */;
/*!40014 SET FOREIGN_KEY_CHECKS=@OLD_FOREIGN_KEY_CHECKS */;
/*!40014 SET UNIQUE_CHECKS=@OLD_UNIQUE_CHECKS */;
/*!40101 SET CHARACTER_SET_CLIENT=@OLD_CHARACTER_SET_CLIENT */;
/*!40101 SET CHARACTER_SET_RESULTS=@OLD_CHARACTER_SET_RESULTS */;
/*!40101 SET COLLATION_CONNECTION=@OLD_COLLATION_CONNECTION */;
/*!40111 SET SQL_NOTES=@OLD_SQL_NOTES */;

-- Dump completed on 2017-01-12 16:49:17
