<?xml version="1.0" encoding="utf-8"?>
<!-- Reference Instance for ICSR ACK, v0.1 - 30/07/2010 -->
<MCCI_IN200101UV01 ITSVersion="XML_1.0" xsi:schemaLocation="urn:hl7-org:v3 MCCI_IN200101UV01.xsd" xmlns="urn:hl7-org:v3" xmlns:fo="http://www.w3.org/1999/XSL/Format" xmlns:mif="urn:hl7-org:v3/mif" xmlns:xsi="http://www.w3.org/2001/XMLSchema-instance">
  <id extension="ACK.M.1" root="2.16.840.1.113883.3.989.2.1.3.20"/>
  <!-- ACK.M.1: Acknowledgement Batch Number -->
  <creationTime value="20100729102030"/>
  <!-- ACK.M.4: Acknowledgement Date of Batch Transmission -->
  <responseModeCode code="D"/>
  <interactionId extension="MCCI_IN200100UV01" root="2.16.840.1.113883.1.6"/>
  <!-- Ack Message #1 -->
  <MCCI_IN000002UV01>
    <id extension="ACK.B.r.2" root="2.16.840.1.113883.3.989.2.1.3.19"/>
    <!-- ACK.B.r.2 Local Report Number -->
    <creationTime value="20100729102030"/>
    <!-- ACK.M.4: Acknowledgement Date of Batch Transmission -->
    <interactionId extension="MCCI_IN000002UV01" root="2.16.840.1.113883.1.6"/>
    <processingCode code="P"/>
    <processingModeCode code="T"/>
    <acceptAckCode code="NE"/>
    <receiver typeCode="RCV">
      <device classCode="DEV" determinerCode="INSTANCE">
        <id extension="ACK.B.r3" root="2.16.840.1.113883.3.989.2.1.3.16"/>
        <!-- ACK.B.r.3: ICSR Message ACK Receiver -->
      </device>
    </receiver>
    <sender typeCode="SND">
      <device classCode="DEV" determinerCode="INSTANCE">
        <id extension="ACK.B.r.4" root="2.16.840.1.113883.3.989.2.1.3.15"/>
        <!-- ACK.B.r.4: ICSR Message ACK Sender -->
      </device>
    </sender>
    <attentionLine>
      <keyWordText code="receiptDate" codeSystem="2.16.840.1.113883.3.989.2.1.1.24"/>
      <value xsi:type="TS" value="20100722"/>
      <!-- ACK.B.r.5: Date of ICSR Message Creation -->
    </attentionLine>
    <acknowledgement typeCode="AE">
      <!-- ACK.B.r.6: Acknowledgement Code for a ICSR Message -->
      <targetMessage>
        <id extension="ACK.B.r.1" root="2.16.840.1.113883.3.989.2.1.3.1"/>
        <!-- ACK.B.r.1: ICSR Message Number -->
      </targetMessage>
      <acknowledgementDetail>
        <text>ACK.B.r.7</text>
        <!-- ACK.B.r.7: Error / Warning Message or Comment -->
      </acknowledgementDetail>
    </acknowledgement>
  </MCCI_IN000002UV01>
  <!-- Ack Message #1 -->
  <!-- Ack Message #2 -->
  <MCCI_IN000002UV01>
    <id extension="ACK.B.r.2" root="2.16.840.1.113883.3.989.2.1.3.19"/>
    <!-- ACK.B.r.2 Local Report Number -->
    <creationTime value="20100729102030"/>
    <!-- ACK.M.4: Acknowledgement Date of Batch Transmission -->
    <interactionId extension="MCCI_IN000002UV01" root="2.16.840.1.113883.1.6"/>
    <processingCode code="P"/>
    <processingModeCode code="T"/>
    <acceptAckCode code="NE"/>
    <receiver typeCode="RCV">
      <device classCode="DEV" determinerCode="INSTANCE">
        <id extension="ACK.B.r3" root="2.16.840.1.113883.3.989.2.1.3.16"/>
        <!-- ACK.B.r.3: ICSR Message ACK Receiver -->
      </device>
    </receiver>
    <sender typeCode="SND">
      <device classCode="DEV" determinerCode="INSTANCE">
        <id extension="ACK.B.r.4" root="2.16.840.1.113883.3.989.2.1.3.15"/>
        <!-- ACK.B.r.4: ICSR Message ACK Sender -->
      </device>
    </sender>
    <attentionLine>
      <keyWordText code="dateOfIcsrMessageCreation" codeSystem="2.16.840.1.113883.3.989.2.1.1.24"/>
      <value xsi:type="TS" value="20100722"/>
      <!-- ACK.B.r.5: Date of ICSR Message Creation -->
    </attentionLine>
    <acknowledgement typeCode="CR">
      <!-- ACK.B.r.6: Acknowledgement Code for a ICSR Message -->
      <targetMessage>
        <id extension="ACK.B.r.1" root="2.16.840.1.113883.3.989.2.1.3.1"/>
        <!-- ACK.B.r.1: ICSR Message Number -->
      </targetMessage>
      <acknowledgementDetail>
        <text>ACK.B.r.7</text>
        <!-- ACK.B.r.7: Error / Warning Message or Comment -->
      </acknowledgementDetail>
    </acknowledgement>
  </MCCI_IN000002UV01>
  <!-- Ack Message #2 -->
  <receiver typeCode="RCV">
    <device classCode="DEV" determinerCode="INSTANCE">
      <id extension="ACK.M.3" root="2.16.840.1.113883.3.989.2.1.3.18"/>
      <!-- ACK.M.3: Acknowledgement Batch Receiver Identifier -->
    </device>
  </receiver>
  <sender typeCode="SND">
    <device classCode="DEV" determinerCode="INSTANCE">
      <id extension="ACK.M.2" root="2.16.840.1.113883.3.989.2.1.3.17"/>
      <!-- ACK.M.2: Acknowledgement Batch Sender Identifier -->
    </device>
  </sender>
  <attentionLine>
    <keyWordText code="acknowledgementLocalMessageNumber" codeSystem="2.16.840.1.113883.3.989.2.1.1.24"/>
    <value xsi:type="II" extension="ACK.A.2" root="2.16.840.1.113883.3.989.2.1.3.21"/>
    <!-- ACK.A.2: Acknowledgement Local Message Number -->
  </attentionLine>
  <attentionLine>
    <keyWordText code="dateOfIcsrBatchTransmission" codeSystem="2.16.840.1.113883.3.989.2.1.1.24"/>
    <value xsi:type="TS" value="20100722"/>
    <!-- ACK.A.3: Date of ICSR Batch Transmission -->
  </attentionLine>
  <acknowledgement typeCode="AE">
    <!-- ACK.A.4: Transmission Acknowledgement Code -->
    <targetBatch>
      <id extension="ACK.A.1" root="2.16.840.1.113883.3.989.2.1.3.22"/>
      <!-- ACK.A.1: ICSR Batch Number -->
      <!-- the sender-identifier-value is the batch sender value in M.1.4 -->
    </targetBatch>
    <acknowledgementDetail>
      <text>ACK.A.5</text>
      <!-- ACK.A.5: Batch Validation Error -->
    </acknowledgementDetail>
  </acknowledgement>
</MCCI_IN200101UV01>
